player_id,name,team,teams_played_for,role,role_api,role_classic,age,season,appearances_last_season,starts_last_season,minutes_last_season,goals_last_season,assists_last_season,clean_sheets_last_season,goals_conceded_last_season,saves_last_season,penalties_scored_last_season,penalties_missed_last_season,penalties_faced_last_season,penalties_saved_last_season,average_rating_last_season,fantasy_average_last_season,rating_matches,rating_coverage,role_confidence,data_quality,role_needs_review,rating_needs_review,yellow_cards_last_season,red_cards_last_season,source_fixture_count,data_source,fantacalcio_name,fantacalcio_team,fantacalcio_sheet,role_match_method,role_match_score,injury_history_available,injury_events_total,injury_events_3y,injury_burden_3y,injury_risk,injury_reference_date,injury_source
30440,Roberto Piccoli,Cagliari,Cagliari,A,A,A,24,2024,37,37,3151,10,1,0,0,0,1,0,0,0,6.715,7.47,37,1.0,1.0,HIGH,False,False,6,0,380,api_football_fixtures_2024,Piccoli,Cagliari,Tutti,name_parts_and_team,1.0,True,11,2,14.129,0.257,2025-06-30,api_football_sidelined
66817,Nikola Krstović,Lecce,Lecce,A,A,A,25,2024,37,37,3068,11,5,0,0,0,2,1,0,0,7.173,8.12,37,1.0,1.0,HIGH,False,False,6,0,380,api_football_fixtures_2024,Krstovic,Lecce,Tutti,name_parts_and_team,1.0,True,2,2,20.24,0.28,2025-06-30,api_football_sidelined
907,Romelu Lukaku,Napoli,Napoli,A,A,A,32,2024,36,35,2870,14,10,0,0,0,3,1,0,0,7.006,8.4,36,1.0,1.0,HIGH,False,False,4,0,380,api_football_fixtures_2024,Lukaku,Napoli,Tutti,name_parts_and_team,1.0,True,26,4,24.49,0.295,2025-06-30,api_football_sidelined
31094,Andrea Pinamonti,Genoa,Genoa,A,A,A,26,2024,36,33,2860,10,1,0,0,0,0,1,0,0,6.956,7.76,36,1.0,1.0,HIGH,False,False,4,0,380,api_football_fixtures_2024,Pinamonti,Genoa,Tutti,name_parts_and_team,1.0,True,1,1,9.354,0.238,2025-06-30,api_football_sidelined
219,Matteo Politano,Napoli,Napoli,C,A,C,32,2024,37,34,2828,3,4,0,0,0,0,0,0,0,7.057,7.37,37,1.0,0.799,HIGH,True,False,3,0,380,api_football_fixtures_2024,Politano,Napoli,Tutti,name_parts_and_team,1.0,True,5,4,24.093,0.294,2025-06-30,api_football_sidelined
877,Moise Kean,Fiorentina,Fiorentina,A,A,A,25,2024,32,31,2710,19,3,0,0,0,1,1,0,0,7.026,8.81,32,1.0,1.0,HIGH,False,False,6,0,380,api_football_fixtures_2024,Kean,Fiorentina,Tutti,name_parts_and_team,1.0,True,11,7,91.299,0.498,2025-06-30,api_football_sidelined
19524,Che Adams,Torino,Torino,A,A,A,29,2024,36,30,2656,9,3,0,0,0,0,1,0,0,6.91,7.7,36,1.0,1.0,HIGH,False,False,3,0,380,api_football_fixtures_2024,Adams C.,Torino,Tutti,name_parts_and_team,1.0,True,12,7,58.908,0.409,2025-06-30,api_football_sidelined
217,Lautaro Martínez,Inter,Inter,A,A,A,28,2024,31,31,2577,12,3,0,0,0,0,0,0,0,7.204,8.45,31,1.0,1.0,HIGH,False,False,1,0,380,api_football_fixtures_2024,Martinez L.,Inter,Tutti,name_parts_and_team,1.0,True,7,6,71.678,0.446,2025-06-30,api_football_sidelined
275651,Ange-Yoan Bonny,Parma,Parma,A,A,A,22,2024,37,30,2545,6,4,0,0,0,2,1,0,0,6.929,7.5,37,1.0,1.0,HIGH,False,False,2,0,380,api_football_fixtures_2024,Bonny,Parma,Tutti,name_parts_and_team,1.0,True,3,1,6.511,0.227,2025-06-30,api_football_sidelined
15811,Artem Dovbyk,AS Roma,AS Roma,A,A,A,28,2024,32,27,2430,12,2,0,0,0,2,0,0,0,6.962,8.15,32,1.0,1.0,HIGH,False,False,0,0,380,api_football_fixtures_2024,Dovbyk,Roma,Tutti,name_parts_and_team,1.0,True,10,9,71.289,0.445,2025-06-30,api_football_sidelined
6420,Mateo Retegui,Atalanta,Atalanta,A,A,A,26,2024,36,32,2402,25,8,0,0,0,4,1,0,0,7.443,9.71,36,1.0,1.0,HIGH,False,False,3,0,380,api_football_fixtures_2024,Retegui,Atalanta,Tutti,name_parts_and_team,1.0,True,5,5,64.308,0.425,2025-06-30,api_football_sidelined
50856,Valentín Castellanos,Lazio,Lazio,A,A,A,27,2024,29,28,2395,10,3,0,0,0,2,1,0,0,7.216,8.16,29,1.0,1.0,HIGH,False,False,9,1,380,api_football_fixtures_2024,Castellanos,Lazio,Tutti,name_parts_and_team,1.0,True,5,4,59.203,0.41,2025-06-30,api_football_sidelined
199089,Lorenzo Lucca,Udinese,Udinese,A,A,A,25,2024,33,27,2361,12,1,0,0,0,1,0,0,0,6.97,7.94,33,1.0,1.0,HIGH,False,False,10,0,380,api_football_fixtures_2024,Lucca,Udinese,Tutti,name_parts_and_team,1.0,True,2,2,30.223,0.316,2025-06-30,api_football_sidelined
215,Sebastiano Esposito,Empoli,Empoli,A,A,A,23,2024,33,27,2341,8,0,0,0,0,1,1,0,0,7.133,7.84,33,1.0,1.0,HIGH,False,False,1,0,380,api_football_fixtures_2024,Esposito Se.,Empoli,Tutti,validated_best_candidate,0.94,True,2,2,29.441,0.313,2025-06-30,api_football_sidelined
161859,Gaetano Oristanio,Venezia,Venezia,C,A,C,23,2024,37,29,2333,3,3,0,0,0,0,0,0,0,6.736,7.02,37,1.0,0.973,HIGH,False,False,3,0,380,api_football_fixtures_2024,Oristanio,Venezia,Tutti,name_parts_and_team,1.0,True,5,4,46.587,0.371,2025-06-30,api_football_sidelined
311067,Santiago Castro,Bologna,Bologna,A,A,A,21,2024,36,27,2305,8,4,0,0,0,0,1,0,0,6.978,7.66,36,1.0,1.0,HIGH,False,False,7,0,380,api_football_fixtures_2024,Castro S.,Bologna,Tutti,name_parts_and_team,1.0,True,1,1,13.359,0.254,2025-06-30,api_football_sidelined
21509,Marcus Thuram,Inter,Inter,A,A,A,28,2024,32,27,2298,14,4,0,0,0,0,0,0,0,7.356,8.78,32,1.0,1.0,HIGH,False,False,1,0,380,api_football_fixtures_2024,Thuram,Inter,Tutti,name_parts_and_team,1.0,True,21,11,96.577,0.511,2025-06-30,api_football_sidelined
18767,Ademola Lookman,Atalanta,Atalanta,A,A,A,28,2024,31,28,2263,15,5,0,0,0,1,0,0,0,7.383,8.93,31,1.0,1.0,HIGH,False,False,4,0,380,api_football_fixtures_2024,Lookman,Atalanta,Tutti,name_parts_and_team,1.0,True,11,3,37.68,0.342,2025-06-30,api_football_sidelined
263481,Lorenzo Colombo,Empoli,Empoli,A,A,A,23,2024,37,26,2249,6,2,0,0,0,1,0,0,0,6.847,7.29,37,1.0,1.0,HIGH,False,False,5,1,380,api_football_fixtures_2024,Colombo,Empoli,Tutti,name_parts_and_team,1.0,True,1,1,5.837,0.224,2025-06-30,api_football_sidelined
6931,Liberato Cacace,Empoli,Empoli,D,A,D,25,2024,33,24,2234,2,4,0,0,0,0,0,0,0,6.707,6.92,32,0.97,0.493,HIGH,True,False,6,0,380,api_football_fixtures_2024,Cacace,Empoli,Tutti,name_parts_and_team,1.0,True,3,0,0.0,0.2,2025-06-30,api_football_sidelined
30603,Dany Mota,Monza,Monza,A,A,A,27,2024,31,24,2111,5,2,0,0,0,0,0,0,0,6.946,7.45,31,1.0,1.0,HIGH,False,False,3,0,380,api_football_fixtures_2024,Mota,Monza,Tutti,name_parts_and_team,1.0,True,6,6,72.713,0.449,2025-06-30,api_football_sidelined
194837,Tomáš Suslov,Verona,Verona,C,A,C,23,2024,31,27,2097,0,1,0,0,0,0,0,0,0,6.899,6.79,31,1.0,0.632,HIGH,True,False,7,1,380,api_football_fixtures_2024,Suslov,Verona,Tutti,name_parts_and_team,1.0,True,8,5,46.408,0.37,2025-06-30,api_football_sidelined
147859,Charles De Ketelaere,Atalanta,Atalanta,A,A,A,24,2024,36,25,2080,7,7,0,0,0,0,0,0,0,7.224,7.99,36,1.0,0.995,HIGH,False,False,1,0,380,api_football_fixtures_2024,De Ketelaere,Atalanta,Tutti,name_parts_and_team,1.0,True,5,4,46.152,0.37,2025-06-30,api_football_sidelined
1649,Patrick Cutrone,Como,Como,A,A,A,27,2024,33,23,2053,7,4,0,0,0,0,1,0,0,7.066,7.81,33,1.0,1.0,HIGH,False,False,1,0,380,api_football_fixtures_2024,Cutrone,Como,Tutti,name_parts_and_team,1.0,True,6,0,0.0,0.2,2025-06-30,api_football_sidelined
1922,Florian Thauvin,Udinese,Udinese,A,A,A,32,2024,25,24,1971,8,3,0,0,0,1,2,0,0,7.259,8.34,25,1.0,0.825,HIGH,False,False,0,0,380,api_football_fixtures_2024,Thauvin,Udinese,Tutti,name_parts_and_team,1.0,True,13,3,136.267,0.598,2025-06-30,api_football_sidelined
6662,Santiago Pierotti,Lecce,Lecce,A,A,A,24,2024,36,22,1947,4,2,0,0,0,0,0,0,0,6.778,7.06,36,1.0,0.543,HIGH,True,False,6,1,380,api_football_fixtures_2024,Pierotti,Lecce,Tutti,name_parts_and_team,1.0,True,1,1,14.116,0.257,2025-06-30,api_football_sidelined
236955,Amin Sarr,Verona,Verona,A,A,A,24,2024,32,25,1918,4,1,0,0,0,0,0,0,0,6.795,7.19,31,0.969,1.0,HIGH,False,False,1,0,380,api_football_fixtures_2024,Sarr A.,Verona,Tutti,name_parts_and_team,1.0,True,5,3,34.366,0.33,2025-06-30,api_football_sidelined
323936,Matías Soulé,AS Roma,AS Roma,A,A,A,22,2024,27,22,1799,5,5,0,0,0,0,0,0,0,7.343,8.03,27,1.0,0.602,HIGH,True,False,3,0,380,api_football_fixtures_2024,Soule',Roma,Tutti,name_parts_and_team,1.0,True,1,0,0.0,0.2,2025-06-30,api_football_sidelined
30415,Dušan Vlahović,Juventus,Juventus,A,A,A,25,2024,29,21,1798,10,4,0,0,0,4,0,0,0,6.946,8.07,29,1.0,1.0,HIGH,False,False,3,0,380,api_football_fixtures_2024,Vlahovic,Juventus,Tutti,name_parts_and_team,1.0,True,5,5,59.414,0.411,2025-06-30,api_football_sidelined
30460,Gianluca Caprari,Monza,Monza,A,A,A,32,2024,34,18,1662,3,2,0,0,0,2,0,0,0,6.988,7.27,33,0.971,1.0,HIGH,False,False,3,0,380,api_football_fixtures_2024,Caprari,Monza,Tutti,name_parts_and_team,1.0,True,4,4,105.063,0.532,2025-06-30,api_football_sidelined
986,Joel Pohjanpalo,Venezia,Venezia,A,A,A,31,2024,20,19,1615,6,0,0,0,0,3,1,0,0,7.001,7.88,20,1.0,1.0,HIGH,False,False,1,0,380,api_football_fixtures_2024,Pohjanpalo,Venezia,Ceduti,name_parts_and_team,1.0,True,8,1,18.632,0.274,2025-06-30,api_football_sidelined
140831,Zito Luvumbo,Cagliari,Cagliari,A,A,A,23,2024,26,19,1614,2,2,0,0,0,0,0,0,0,6.759,7.03,26,1.0,0.732,HIGH,True,False,2,0,380,api_football_fixtures_2024,Luvumbo,Cagliari,Tutti,name_parts_and_team,1.0,True,5,4,128.618,0.583,2025-06-30,api_football_sidelined
134926,Daniel Maldini,Monza,Atalanta; Monza,C,A,C,24,2024,30,18,1571,6,0,0,0,0,0,0,0,0,6.89,7.41,30,1.0,1.0,HIGH,False,False,5,0,380,api_football_fixtures_2024,Maldini,Atalanta,Tutti,validated_best_candidate,0.9,True,3,3,35.697,0.335,2025-06-30,api_football_sidelined
31692,Milan Đurić,Monza,Monza; Parma,A,A,A,35,2024,27,16,1554,5,1,0,0,0,0,0,0,0,6.995,7.51,26,0.963,1.0,HIGH,False,False,4,0,380,api_football_fixtures_2024,Djuric,Parma,Tutti,manual_alias,1.0,True,3,3,72.279,0.448,2025-06-30,api_football_sidelined
162703,Casper Tengstedt,Verona,Verona,A,A,A,25,2024,25,20,1531,6,1,0,0,0,1,0,0,0,6.821,7.54,25,1.0,0.942,HIGH,False,False,2,0,380,api_football_fixtures_2024,Tengstedt,Verona,Tutti,name_parts_and_team,1.0,True,3,3,79.881,0.469,2025-06-30,api_football_sidelined
286474,Matteo Cancellieri,Parma,Parma,A,A,A,23,2024,27,19,1440,3,0,0,0,0,0,0,0,0,6.784,7.04,27,1.0,0.541,HIGH,True,False,2,1,380,api_football_fixtures_2024,Cancellieri,Parma,Tutti,name_parts_and_team,1.0,True,2,2,55.166,0.398,2025-06-30,api_football_sidelined
875,Paulo Dybala,AS Roma,AS Roma,A,A,A,32,2024,24,16,1420,6,3,0,0,0,3,0,0,0,7.598,8.43,23,0.958,0.937,HIGH,False,False,2,0,380,api_football_fixtures_2024,Dybala,Roma,Tutti,name_parts_and_team,1.0,True,12,11,112.318,0.548,2025-06-30,api_football_sidelined
340700,Jacopo Fazzini,Empoli,Empoli,C,A,C,22,2024,20,16,1393,4,1,0,0,0,0,0,0,0,7.089,7.64,20,1.0,0.704,HIGH,True,False,2,1,380,api_football_fixtures_2024,Fazzini,Empoli,Tutti,name_parts_and_team,1.0,True,5,5,109.911,0.543,2025-06-30,api_football_sidelined
59421,Daniel Mosquera,Verona,Verona,A,A,A,26,2024,35,12,1371,5,1,0,0,0,0,0,0,0,6.856,7.26,35,1.0,1.0,HIGH,False,False,4,0,380,api_football_fixtures_2024,Mosquera,Verona,Tutti,name_parts_and_team,1.0,True,2,1,11.898,0.248,2025-06-30,api_football_sidelined
281408,Vitinha,Genoa,Genoa,A,A,A,25,2024,25,16,1338,2,3,0,0,0,0,0,0,0,6.772,7.09,24,0.96,0.738,HIGH,True,False,2,0,380,api_football_fixtures_2024,Vitinha O.,Genoa,Tutti,name_parts_and_team,1.0,True,5,5,106.962,0.536,2025-06-30,api_football_sidelined
2522,Antonio Sanabria,Torino,Torino,A,A,A,29,2024,26,16,1331,2,1,0,0,0,0,1,0,0,6.714,6.95,24,0.923,1.0,HIGH,False,False,2,0,380,api_football_fixtures_2024,Sanabria,Torino,Tutti,name_parts_and_team,1.0,True,11,1,20.899,0.282,2025-06-30,api_football_sidelined
552,David Neres,Napoli,Napoli,C,A,C,28,2024,28,13,1294,2,4,0,0,0,0,0,0,0,7.056,7.39,28,1.0,1.0,HIGH,False,False,1,0,380,api_football_fixtures_2024,Neres,Napoli,Tutti,name_parts_and_team,1.0,True,8,2,54.375,0.396,2025-06-30,api_football_sidelined
2799,Albert Guðmundsson,Fiorentina,Fiorentina,A,A,A,28,2024,24,16,1285,6,1,0,0,0,2,0,0,0,6.98,7.73,24,1.0,0.63,HIGH,True,False,2,0,380,api_football_fixtures_2024,Gudmundsson A.,Fiorentina,Tutti,name_parts_and_team,1.0,True,11,6,86.251,0.486,2025-06-30,api_football_sidelined
30629,Nicolas Viola,Cagliari,Cagliari,C,A,C,36,2024,27,18,1280,3,1,0,0,0,0,0,0,0,6.878,7.21,26,0.963,0.682,HIGH,True,False,2,0,380,api_football_fixtures_2024,Viola,Cagliari,Tutti,name_parts_and_team,1.0,True,2,2,15.007,0.26,2025-06-30,api_football_sidelined
25414,John Yeboah,Venezia,Venezia,C,A,C,25,2024,33,11,1231,1,1,0,0,0,0,0,0,0,6.753,6.78,33,1.0,0.641,HIGH,True,False,6,0,380,api_football_fixtures_2024,Yeboah J.,Venezia,Tutti,name_parts_and_team,1.0,True,4,2,15.499,0.262,2025-06-30,api_football_sidelined
483,Khvicha Kvaratskhelia,Napoli,Napoli,A,A,A,24,2024,17,15,1187,5,3,0,0,0,1,0,0,0,7.384,8.41,17,1.0,0.872,MEDIUM,False,False,1,0,380,api_football_fixtures_2024,Kvaratskhelia,Napoli,Ceduti,name_parts_and_team,1.0,True,7,5,55.272,0.398,2025-06-30,api_football_sidelined
19194,Tammy Abraham,AC Milan,AC Milan; AS Roma,A,A,A,28,2024,29,12,1183,3,4,0,0,0,1,1,0,0,6.704,7.13,27,0.931,1.0,HIGH,False,False,1,0,380,api_football_fixtures_2024,Abraham,Milan,Tutti,name_parts_and_team,1.0,True,15,5,82.915,0.477,2025-06-30,api_football_sidelined
21104,Randal Kolo Muani,Juventus,Juventus,A,A,A,27,2024,16,13,1164,8,1,0,0,0,1,0,0,0,7.13,8.69,16,1.0,1.0,MEDIUM,False,False,0,0,380,api_football_fixtures_2024,Kolo Muani,Juventus,Tutti,name_parts_and_team,1.0,True,3,2,11.777,0.247,2025-06-30,api_football_sidelined
93016,Thijs Dallinga,Bologna,Bologna,A,A,A,25,2024,31,11,1163,3,2,0,0,0,0,0,0,0,6.811,7.15,28,0.903,1.0,HIGH,False,False,1,0,380,api_football_fixtures_2024,Dallinga,Bologna,Tutti,name_parts_and_team,1.0,True,2,1,8.054,0.233,2025-06-30,api_football_sidelined
30789,Christian Kouamé,Fiorentina,Empoli; Fiorentina,A,A,A,28,2024,26,10,1127,1,1,0,0,0,0,0,0,0,6.948,7.08,25,0.962,0.928,HIGH,False,False,1,0,380,api_football_fixtures_2024,Kouame',Empoli,Tutti,validated_best_candidate,0.864,True,3,2,82.864,0.477,2025-06-30,api_football_sidelined
48193,Pontus Almqvist,Parma,Parma,A,A,A,26,2024,29,10,1120,1,1,0,0,0,0,0,0,0,6.699,6.75,28,0.966,0.706,HIGH,True,False,5,0,380,api_football_fixtures_2024,Almqvist,Parma,Tutti,name_parts_and_team,1.0,True,3,3,35.51,0.334,2025-06-30,api_football_sidelined
30543,Giacomo Raspadori,Napoli,Napoli,A,A,A,25,2024,26,11,1119,6,1,0,0,0,0,0,0,0,7.294,8.01,25,0.962,0.87,HIGH,False,False,1,0,380,api_football_fixtures_2024,Raspadori,Napoli,Tutti,name_parts_and_team,1.0,True,1,1,8.445,0.234,2025-06-30,api_football_sidelined
791,Stephan El Shaarawy,AS Roma,AS Roma,C,A,C,33,2024,31,12,1119,3,4,0,0,0,0,0,0,0,7.081,7.47,29,0.935,0.651,HIGH,True,False,2,0,380,api_football_fixtures_2024,El Shaarawy,Roma,Tutti,name_parts_and_team,1.0,True,1,1,19.309,0.276,2025-06-30,api_football_sidelined
53535,Eldor Shomurodov,AS Roma,AS Roma,A,A,A,30,2024,27,11,1117,4,4,0,0,0,0,0,0,0,6.878,7.45,26,0.963,1.0,HIGH,False,False,1,0,380,api_football_fixtures_2024,Shomurodov,Roma,Tutti,name_parts_and_team,1.0,True,2,2,44.432,0.364,2025-06-30,api_football_sidelined
31532,Patrick Ciurria,Monza,Monza,C,A,C,30,2024,21,12,1117,1,1,0,0,0,0,0,0,0,6.902,7.07,21,1.0,0.758,HIGH,True,False,1,0,380,api_football_fixtures_2024,Ciurria,Monza,Tutti,name_parts_and_team,1.0,True,5,4,109.199,0.541,2025-06-30,api_football_sidelined
59,Álvaro Morata,AC Milan,AC Milan,A,A,A,33,2024,16,13,1105,5,0,0,0,0,0,0,0,0,6.985,7.77,16,1.0,0.797,MEDIUM,True,False,5,0,380,api_football_fixtures_2024,Morata,Milan,Ceduti,name_parts_and_team,1.0,True,21,9,89.671,0.494,2025-06-30,api_football_sidelined
2299,Pedro,Lazio,Lazio,A,A,A,38,2024,30,6,1093,10,1,0,0,0,2,0,0,0,7.14,8.14,29,0.967,0.742,HIGH,True,False,2,0,380,api_football_fixtures_2024,Pedro,Lazio,Tutti,exact_name,1.0,True,17,2,25.398,0.299,2025-06-30,api_football_sidelined
19185,Keinan Davis,Udinese,Udinese,A,A,A,27,2024,23,10,1071,2,1,0,0,0,0,0,0,0,6.986,7.25,22,0.957,1.0,HIGH,False,False,2,0,380,api_football_fixtures_2024,Davis K.,Udinese,Tutti,name_parts_and_team,1.0,True,12,6,134.928,0.596,2025-06-30,api_football_sidelined
1278,Yann Karamoh,Torino,Torino,A,A,A,27,2024,29,10,1058,0,1,0,0,0,0,0,0,0,6.555,6.56,28,0.966,0.664,HIGH,True,False,2,0,380,api_football_fixtures_2024,Karamoh,Torino,Tutti,name_parts_and_team,1.0,True,6,2,30.863,0.318,2025-06-30,api_football_sidelined
343287,Dailon Rocha Livramento,Verona,Verona,A,A,A,24,2024,29,8,953,1,1,0,0,0,0,0,0,0,6.566,6.64,28,0.966,0.87,HIGH,False,False,2,1,380,api_football_fixtures_2024,Rocha Livramento,Verona,Tutti,name_parts_and_team,1.0,True,1,1,15.1,0.26,2025-06-30,api_football_sidelined
133729,Tijjani Noslin,Lazio,Lazio,A,A,A,26,2024,30,8,894,2,2,0,0,0,0,0,0,0,6.779,7.01,27,0.9,0.711,HIGH,True,False,2,0,380,api_football_fixtures_2024,Noslin,Lazio,Tutti,name_parts_and_team,1.0,True,4,3,25.276,0.298,2025-06-30,api_football_sidelined
42315,Mehdi Taremi,Inter,Inter,A,A,A,33,2024,26,7,816,1,2,0,0,0,1,0,0,0,6.907,7.08,24,0.923,1.0,HIGH,False,False,1,0,380,api_football_fixtures_2024,Taremi,Inter,Tutti,name_parts_and_team,1.0,True,4,4,45.756,0.368,2025-06-30,api_football_sidelined
1831,Ante Rebić,Lecce,Lecce,A,A,A,32,2024,27,7,799,1,0,0,0,0,0,0,0,0,6.745,6.76,25,0.926,0.763,HIGH,True,False,3,1,380,api_football_fixtures_2024,Rebic,Lecce,Tutti,name_parts_and_team,1.0,True,8,3,79.352,0.467,2025-06-30,api_football_sidelined
451504,Jeff Ekhator,Genoa,Genoa,A,A,A,19,2024,24,6,787,1,1,0,0,0,0,0,0,0,6.666,6.81,24,1.0,0.832,HIGH,False,False,1,0,380,api_football_fixtures_2024,Ekhator,Genoa,Tutti,name_parts_and_team,1.0,True,1,1,24.504,0.295,2025-06-30,api_football_sidelined
2738,Christian Gytkjær,Venezia,Venezia,A,A,A,35,2024,29,6,769,2,1,0,0,0,1,0,0,0,6.619,6.86,26,0.897,1.0,HIGH,False,False,0,0,380,api_football_fixtures_2024,Gytkjaer,Venezia,Tutti,manual_alias,1.0,False,0,0,0.0,,2025-06-30,api_football_sidelined
39271,Ola Solbakken,Empoli,Empoli,A,A,A,27,2024,21,8,764,0,0,0,0,0,0,0,0,0,6.55,6.5,21,1.0,1.0,HIGH,False,False,2,0,380,api_football_fixtures_2024,Solbakken,Empoli,Tutti,name_parts_and_team,1.0,True,2,2,83.051,0.477,2025-06-30,api_football_sidelined
292172,Mateo Pellegrino,Parma,Parma,A,A,A,24,2024,13,8,745,3,1,0,0,0,0,0,0,0,6.766,7.46,13,1.0,1.0,MEDIUM,False,False,2,0,380,api_football_fixtures_2024,Pellegrino M.,Parma,Tutti,name_parts_and_team,1.0,True,1,0,0.0,0.2,2025-06-30,api_football_sidelined
1854,Joaquín Correa,Inter,Inter,A,A,A,31,2024,19,6,735,2,2,0,0,0,0,0,0,0,7.261,7.6,19,1.0,1.0,MEDIUM,False,False,3,0,380,api_football_fixtures_2024,Correa,Inter,Tutti,name_parts_and_team,1.0,True,7,4,56.224,0.401,2025-06-30,api_football_sidelined
786,Nicolò Zaniolo,Fiorentina,Atalanta; Fiorentina,C,A,C,26,2024,23,4,700,2,2,0,0,0,0,0,0,0,6.658,6.83,22,0.957,0.754,HIGH,True,False,6,1,380,api_football_fixtures_2024,Zaniolo,Fiorentina,Tutti,name_parts_and_team,1.0,True,9,9,107.537,0.537,2025-06-30,api_football_sidelined
330599,Iker Bravo,Udinese,Udinese,A,A,A,20,2024,29,4,688,2,1,0,0,0,0,0,0,0,6.683,6.87,29,1.0,1.0,HIGH,False,False,3,0,380,api_football_fixtures_2024,Bravo,Udinese,Tutti,name_parts_and_team,1.0,True,1,1,12.878,0.252,2025-06-30,api_football_sidelined
94562,Santiago Giménez,AC Milan,AC Milan,A,A,A,24,2024,14,7,676,5,2,0,0,0,0,1,0,0,6.787,7.82,14,1.0,1.0,MEDIUM,False,False,3,1,380,api_football_fixtures_2024,Gimenez,Milan,Tutti,name_parts_and_team,1.0,True,7,6,90.807,0.497,2025-06-30,api_football_sidelined
161621,Loum Tchaouna,Lazio,Lazio,C,A,C,22,2024,24,6,653,1,0,0,0,0,0,0,0,0,6.455,6.46,23,0.958,0.678,HIGH,True,False,4,1,380,api_football_fixtures_2024,Tchaouna,Lazio,Tutti,name_parts_and_team,1.0,True,1,1,6.548,0.227,2025-06-30,api_football_sidelined
213,Keita Baldé,Monza,Monza,A,A,A,30,2024,11,8,641,2,0,0,0,0,0,0,0,0,6.765,7.22,11,1.0,1.0,MEDIUM,False,False,2,0,380,api_football_fixtures_2024,Keita B.,Monza,Tutti,name_parts_and_team,1.0,True,4,1,29.319,0.313,2025-06-30,api_football_sidelined
30438,Nicolò Cambiaghi,Bologna,Bologna,A,A,A,25,2024,18,4,614,1,3,0,0,0,0,0,0,0,7.049,7.38,18,1.0,0.655,MEDIUM,True,False,0,0,380,api_football_fixtures_2024,Cambiaghi,Bologna,Tutti,name_parts_and_team,1.0,True,1,1,86.869,0.487,2025-06-30,api_football_sidelined
30509,Andrea Belotti,Como,Como,A,A,A,32,2024,18,7,611,2,0,0,0,0,0,0,0,0,6.829,7.13,17,0.944,1.0,MEDIUM,False,False,1,0,380,api_football_fixtures_2024,Belotti,Como,Ceduti,name_parts_and_team,1.0,True,1,1,6.795,0.228,2025-06-30,api_football_sidelined
2495,Duván Zapata,Torino,Torino,A,A,A,34,2024,7,7,589,3,0,0,0,0,0,0,0,0,7.092,8.31,7,1.0,1.0,LOW,False,False,1,0,380,api_football_fixtures_2024,Zapata D.,Torino,Tutti,name_parts_and_team,1.0,True,1,1,112.625,0.549,2025-06-30,api_football_sidelined
26845,Anastasios Douvikas,Como,Como,A,A,A,26,2024,13,6,578,2,2,0,0,0,0,0,0,0,6.93,7.51,12,0.923,1.0,MEDIUM,False,False,1,0,380,api_football_fixtures_2024,Douvikas,Como,Tutti,name_parts_and_team,1.0,True,3,2,16.561,0.266,2025-06-30,api_football_sidelined
1828,Luka Jović,AC Milan,AC Milan,A,A,A,28,2024,15,6,568,2,0,0,0,0,0,0,0,0,6.807,7.17,15,1.0,1.0,MEDIUM,False,False,1,0,380,api_football_fixtures_2024,Jovic,Milan,Tutti,name_parts_and_team,1.0,True,10,3,69.58,0.44,2025-06-30,api_football_sidelined
18830,Marko Arnautović,Inter,Inter,A,A,A,36,2024,18,5,562,4,2,0,0,0,0,0,0,0,7.028,7.78,17,0.944,1.0,MEDIUM,False,False,1,0,380,api_football_fixtures_2024,Arnautovic,Inter,Tutti,name_parts_and_team,1.0,True,27,4,47.167,0.373,2025-06-30,api_football_sidelined
3430,Caleb Ekuban,Genoa,Genoa,A,A,A,31,2024,18,3,543,1,3,0,0,0,0,0,0,0,6.723,7.03,18,1.0,1.0,MEDIUM,False,False,1,0,380,api_football_fixtures_2024,Ekuban,Genoa,Tutti,name_parts_and_team,1.0,True,17,8,150.413,0.625,2025-06-30,api_football_sidelined
290536,Daniel Fila,Venezia,Venezia,A,A,A,23,2024,10,6,500,2,0,0,0,0,0,0,0,0,6.694,7.04,10,1.0,1.0,MEDIUM,False,False,3,1,380,api_football_fixtures_2024,Fila,Venezia,Tutti,name_parts_and_team,1.0,True,1,1,57.179,0.404,2025-06-30,api_football_sidelined
9072,Mirko Marić,Venezia,Monza; Venezia,A,A,A,30,2024,18,5,476,0,0,0,0,0,0,0,0,0,6.549,6.55,17,0.944,1.0,MEDIUM,False,False,0,0,380,api_football_fixtures_2024,Maric,Venezia,Tutti,name_parts_and_team,1.0,True,1,1,27.034,0.305,2025-06-30,api_football_sidelined
48389,Noah Okafor,AC Milan,AC Milan; Napoli,A,A,A,25,2024,15,5,469,1,0,0,0,0,0,0,0,0,6.547,6.75,15,1.0,0.77,MEDIUM,True,False,0,0,380,api_football_fixtures_2024,Okafor,Napoli,Tutti,validated_best_candidate,0.912,True,7,6,68.212,0.437,2025-06-30,api_football_sidelined
312985,Samuele Vignato,Monza,Monza,C,A,C,21,2024,17,3,467,0,0,0,0,0,0,0,0,0,6.549,6.55,15,0.882,1.0,MEDIUM,False,False,0,0,380,api_football_fixtures_2024,Vignato S.,Monza,Tutti,name_parts_and_team,1.0,True,4,4,95.851,0.51,2025-06-30,api_football_sidelined
30573,Leonardo Pavoletti,Cagliari,Cagliari,A,A,A,37,2024,26,1,461,2,0,0,0,0,0,0,0,0,6.855,6.99,25,0.962,1.0,HIGH,False,False,5,0,380,api_football_fixtures_2024,Pavoletti,Cagliari,Tutti,name_parts_and_team,1.0,True,4,4,99.309,0.518,2025-06-30,api_football_sidelined
432057,Anas Haj Mohamed,Parma,Parma,A,A,A,20,2024,15,3,455,1,2,0,0,0,0,0,0,0,6.796,7.0,15,1.0,0.648,MEDIUM,True,False,4,0,380,api_football_fixtures_2024,Haj Mohamed,Parma,Tutti,name_parts_and_team,1.0,True,1,1,7.013,0.229,2025-06-30,api_football_sidelined
30414,Giovanni Simeone,Napoli,Napoli,A,A,A,30,2024,30,1,440,1,1,0,0,0,0,0,0,0,6.592,6.71,27,0.9,1.0,HIGH,False,False,1,0,380,api_football_fixtures_2024,Simeone,Napoli,Tutti,name_parts_and_team,1.0,True,1,0,0.0,0.2,2025-06-30,api_football_sidelined
910,Alexis Sánchez,Udinese,Udinese,A,A,A,37,2024,13,6,439,0,0,0,0,0,0,0,0,0,6.666,6.67,13,1.0,1.0,MEDIUM,False,False,0,0,380,api_football_fixtures_2024,Sanchez,Udinese,Tutti,name_parts_and_team,1.0,True,16,3,107.44,0.537,2025-06-30,api_football_sidelined
123,Pietro Pellegri,Empoli,Empoli,A,A,A,24,2024,11,5,413,3,0,0,0,0,0,0,0,0,6.943,7.63,10,0.909,1.0,MEDIUM,False,False,3,0,380,api_football_fixtures_2024,Pellegri,Empoli,Tutti,name_parts_and_team,1.0,True,11,2,139.92,0.605,2025-06-30,api_football_sidelined
9975,Brenner,Udinese,Udinese,A,A,A,25,2024,9,5,390,1,2,0,0,0,0,0,0,0,6.84,7.4,8,0.889,1.0,LOW,False,False,0,0,380,api_football_fixtures_2024,Brenner,Udinese,Tutti,exact_name,1.0,True,2,2,51.201,0.386,2025-06-30,api_football_sidelined
383006,Alieu Njie,Torino,Torino,A,A,A,20,2024,16,0,385,1,0,0,0,0,0,0,0,0,6.668,6.82,14,0.875,1.0,MEDIUM,False,False,1,0,380,api_football_fixtures_2024,Njie,Torino,Tutti,name_parts_and_team,1.0,True,3,2,108.089,0.539,2025-06-30,api_football_sidelined
30879,Andrea Petagna,Monza,Monza,A,A,A,30,2024,13,2,333,0,0,0,0,0,0,0,0,0,6.612,6.57,11,0.846,1.0,MEDIUM,False,False,1,0,380,api_football_fixtures_2024,Petagna,Monza,Tutti,name_parts_and_team,1.0,True,3,2,43.85,0.362,2025-06-30,api_football_sidelined
25079,Silvère Ganvoula,Monza,Monza,A,A,A,29,2024,7,4,325,0,0,0,0,0,0,0,0,0,6.49,6.49,7,1.0,1.0,LOW,False,False,0,0,380,api_football_fixtures_2024,Ganvoula,Monza,Tutti,name_parts_and_team,1.0,True,1,1,20.291,0.28,2025-06-30,api_football_sidelined
8643,Konan N'Dri,Lecce,Lecce,A,A,A,25,2024,11,2,313,0,0,0,0,0,0,0,0,0,6.634,6.63,10,0.909,0.681,MEDIUM,True,False,0,0,380,api_football_fixtures_2024,N'Dri,Lecce,Tutti,name_parts_and_team,1.0,True,1,1,34.375,0.33,2025-06-30,api_football_sidelined
30790,Gianluca Lapadula,Cagliari,Cagliari,A,A,A,35,2024,12,1,306,0,0,0,0,0,0,0,0,0,6.621,6.58,12,1.0,1.0,MEDIUM,False,False,1,0,380,api_football_fixtures_2024,Lapadula,Cagliari,Ceduti,name_parts_and_team,1.0,True,3,3,38.694,0.345,2025-06-30,api_football_sidelined
72388,Gabriel Charpentier,Parma,Parma,A,A,A,26,2024,10,0,266,1,2,0,0,0,0,0,0,0,7.105,7.55,10,1.0,1.0,MEDIUM,False,False,1,0,380,api_football_fixtures_2024,Charpentier,Parma,Tutti,name_parts_and_team,1.0,True,3,3,160.406,0.642,2025-06-30,api_football_sidelined
43033,Florinel Coman,Cagliari,Cagliari,A,A,A,27,2024,9,2,258,1,0,0,0,0,0,0,0,0,6.66,6.88,9,1.0,0.88,LOW,False,False,2,0,380,api_football_fixtures_2024,Coman F.,Cagliari,Tutti,name_parts_and_team,1.0,True,2,2,39.665,0.348,2025-06-30,api_football_sidelined
665,Maxwel Cornet,Genoa,Genoa,C,A,C,29,2024,7,2,242,2,1,0,0,0,0,0,0,0,6.908,7.91,7,1.0,0.504,LOW,True,False,0,0,380,api_football_fixtures_2024,Cornet,Genoa,Tutti,name_parts_and_team,1.0,True,27,4,121.056,0.567,2025-06-30,api_football_sidelined
85,Cyril Ngonge,Napoli,Napoli,A,A,A,25,2024,18,1,238,0,0,0,0,0,0,0,0,0,6.698,6.64,16,0.889,1.0,MEDIUM,False,False,2,0,380,api_football_fixtures_2024,Ngonge,Napoli,Tutti,name_parts_and_team,1.0,True,5,2,16.306,0.265,2025-06-30,api_football_sidelined
284242,Omari Forson,Monza,Monza,C,A,C,21,2024,9,1,222,0,0,0,0,0,0,0,0,0,6.716,6.72,9,1.0,1.0,LOW,False,False,0,0,380,api_football_fixtures_2024,Forson O.,Monza,Tutti,name_parts_and_team,1.0,True,4,4,39.097,0.346,2025-06-30,api_football_sidelined
436260,Francesco Camarda,AC Milan,AC Milan,A,A,A,17,2024,10,1,214,0,0,0,0,0,0,0,0,0,6.72,6.72,9,0.9,1.0,MEDIUM,False,False,0,0,380,api_football_fixtures_2024,Camarda,Milan,Tutti,name_parts_and_team,1.0,True,2,0,0.0,0.2,2025-06-30,api_football_sidelined
40592,Adrian Benedyczak,Parma,Parma,A,A,A,25,2024,9,2,213,0,0,0,0,0,0,0,0,0,6.531,6.53,9,1.0,0.577,LOW,True,False,0,0,380,api_football_fixtures_2024,Benedyczak,Parma,Tutti,name_parts_and_team,1.0,True,3,2,164.407,0.649,2025-06-30,api_football_sidelined
443141,Kevin Martins,Monza,Monza,C,A,C,20,2024,9,1,197,0,1,0,0,0,0,0,0,0,6.706,6.76,8,0.889,0.838,LOW,False,False,1,0,380,api_football_fixtures_2024,Martins K.,Monza,Tutti,name_parts_and_team,1.0,False,0,0,0.0,,2025-06-30,api_football_sidelined
287374,Emmanuel Ekong,Empoli,Empoli,A,A,A,23,2024,15,0,188,0,0,0,0,0,0,0,0,0,6.513,6.48,13,0.867,1.0,MEDIUM,False,False,1,0,380,api_football_fixtures_2024,Ekong,Empoli,Ceduti,name_parts_and_team,1.0,False,0,0,0.0,,2025-06-30,api_football_sidelined
106257,Alessandro Gabrielloni,Como,Como,A,A,A,31,2024,15,0,173,1,1,0,0,0,0,0,0,0,6.592,6.83,13,0.867,1.0,MEDIUM,False,False,1,0,380,api_football_fixtures_2024,Gabrielloni,Como,Tutti,name_parts_and_team,1.0,True,3,3,62.532,0.42,2025-06-30,api_football_sidelined
452033,Lorenzo Venturino,Genoa,Genoa,C,A,C,19,2024,6,1,163,2,0,0,0,0,0,0,0,0,7.265,8.27,6,1.0,0.613,LOW,True,False,0,0,380,api_football_fixtures_2024,Venturino,Genoa,Tutti,name_parts_and_team,1.0,False,0,0,0.0,,2025-06-30,api_football_sidelined
408540,Kingstone Mutandwa,Cagliari,Cagliari,A,A,A,22,2024,6,0,136,0,0,0,0,0,0,0,0,0,6.444,6.44,6,1.0,1.0,LOW,False,False,0,0,380,api_football_fixtures_2024,Mutandwa,Cagliari,Tutti,name_parts_and_team,1.0,True,3,3,42.242,0.357,2025-06-30,api_football_sidelined
162173,Samuel Iling Junior,Bologna,Bologna,C,A,C,22,2024,7,0,131,1,0,0,0,0,0,0,0,0,6.865,7.29,7,1.0,1.0,LOW,False,False,0,0,380,api_football_fixtures_2024,Iling Junior,Bologna,Ceduti,name_parts_and_team,1.0,True,1,1,6.162,0.225,2025-06-30,api_football_sidelined
314254,Antonio Raimondo,Venezia,Venezia,A,A,A,21,2024,9,0,116,0,0,0,0,0,0,0,0,0,6.344,6.34,8,0.889,1.0,LOW,False,False,0,0,380,api_football_fixtures_2024,Raimondo,Venezia,Ceduti,name_parts_and_team,1.0,True,1,1,22.401,0.288,2025-06-30,api_football_sidelined
395761,Mathis Lambourde,Verona,Verona,A,A,A,19,2024,7,0,104,1,0,0,0,0,0,0,0,0,6.554,6.91,7,1.0,1.0,LOW,False,False,1,0,380,api_football_fixtures_2024,Lambourde,Verona,Tutti,name_parts_and_team,1.0,True,2,2,28.366,0.309,2025-06-30,api_football_sidelined
30570,Alberto Cerri,Como,Como,A,A,A,29,2024,5,0,86,0,0,0,0,0,0,0,0,0,6.194,6.19,4,0.8,1.0,LOW,False,False,0,0,380,api_football_fixtures_2024,Cerri,Como,Ceduti,name_parts_and_team,1.0,True,3,3,74.251,0.454,2025-06-30,api_football_sidelined
30849,Nicholas Pierini,Venezia,Venezia,A,A,A,27,2024,2,0,82,0,0,0,0,0,0,0,0,0,6.59,6.59,2,1.0,1.0,LOW,False,False,0,0,380,api_football_fixtures_2024,Pierini,Venezia,Ceduti,name_parts_and_team,1.0,True,1,1,9.571,0.239,2025-06-30,api_football_sidelined
30490,Nicola Sansone,Lecce,Lecce,A,A,A,34,2024,5,0,71,0,0,0,0,0,0,0,0,0,6.746,6.75,4,0.8,1.0,LOW,False,False,0,0,380,api_football_fixtures_2024,Sansone,Lecce,Tutti,name_parts_and_team,1.0,True,9,3,108.451,0.539,2025-06-30,api_football_sidelined
177745,Faride Alidou,Verona,Verona,C,A,C,24,2024,3,0,68,0,0,0,0,0,0,0,0,0,6.635,6.64,3,1.0,1.0,LOW,False,False,0,0,380,api_football_fixtures_2024,Alidou,Verona,Ceduti,name_parts_and_team,1.0,True,5,2,17.182,0.268,2025-06-30,api_football_sidelined
1917,Mario Balotelli,Genoa,Genoa,A,A,A,35,2024,6,0,67,0,0,0,0,0,0,0,0,0,6.583,6.42,5,0.833,1.0,LOW,False,False,2,0,380,api_football_fixtures_2024,Balotelli,Genoa,Tutti,name_parts_and_team,1.0,True,43,5,59.155,0.41,2025-06-30,api_football_sidelined
290807,Vanja Vlahović,Atalanta,Atalanta,A,A,A,21,2024,3,0,57,0,0,0,0,0,0,0,0,0,6.8,6.8,3,1.0,1.0,LOW,False,False,0,0,380,api_football_fixtures_2024,Vlahovic V.,Atalanta,Tutti,name_parts_and_team,1.0,False,0,0,0.0,,2025-06-30,api_football_sidelined
30803,Antonín Barák,Fiorentina,Fiorentina,C,A,C,31,2024,1,1,55,0,0,0,0,0,0,0,0,0,7.3,7.3,1,1.0,1.0,LOW,False,False,0,0,380,api_football_fixtures_2024,Barak,Fiorentina,Ceduti,name_parts_and_team,1.0,False,0,0,0.0,,2025-06-30,api_football_sidelined
310109,David Ankeye,Genoa,Genoa,A,A,A,23,2024,4,0,47,0,0,0,0,0,0,0,0,0,6.496,6.5,4,1.0,1.0,LOW,False,False,0,0,380,api_football_fixtures_2024,Ankeye,Genoa,Ceduti,name_parts_and_team,1.0,True,3,2,30.867,0.318,2025-06-30,api_football_sidelined
327763,Rareș Cătălin Burnete,Lecce,Lecce,A,A,A,21,2024,4,0,35,0,0,0,0,0,0,0,0,0,6.429,6.43,3,0.75,1.0,LOW,False,True,0,0,380,api_football_fixtures_2024,Burnete,Lecce,Tutti,name_parts_and_team,1.0,True,2,2,57.353,0.405,2025-06-30,api_football_sidelined
471040,Alessio Cacciamani,Torino,Torino,C,A,C,18,2024,2,0,29,0,0,0,0,0,0,0,0,0,6.769,6.77,2,1.0,1.0,LOW,False,False,0,0,380,api_football_fixtures_2024,Cacciamani,Torino,Tutti,name_parts_and_team,1.0,False,0,0,0.0,,2025-06-30,api_football_sidelined
344165,Damián Pizarro,Udinese,Udinese,A,A,A,20,2024,2,0,24,0,0,0,0,0,0,0,0,0,6.4,6.4,2,1.0,1.0,LOW,False,False,0,0,380,api_football_fixtures_2024,Pizarro,Udinese,Tutti,name_parts_and_team,1.0,True,1,1,18.839,0.275,2025-06-30,api_football_sidelined
30544,Gianluca Scamacca,Atalanta,Atalanta,A,A,A,26,2024,1,0,13,0,0,0,0,0,0,0,0,0,6.9,6.9,1,1.0,1.0,LOW,False,False,0,0,380,api_football_fixtures_2024,Scamacca,Atalanta,Tutti,name_parts_and_team,1.0,True,9,6,262.896,0.776,2025-06-30,api_football_sidelined
359100,Alphadjo Cissè,Verona,Verona,C,A,C,19,2024,2,0,12,0,0,0,0,0,0,0,0,0,6.9,6.9,1,0.5,1.0,LOW,False,True,0,0,380,api_football_fixtures_2024,Cisse' A.,Verona,Tutti,name_parts_and_team,1.0,False,0,0,0.0,,2025-06-30,api_football_sidelined
128478,Walid Cheddira,Napoli,Napoli,A,A,A,27,2024,1,0,11,0,0,0,0,0,0,0,0,0,6.7,6.7,1,1.0,1.0,LOW,False,False,0,0,380,api_football_fixtures_2024,Cheddira,Napoli,Ceduti,name_parts_and_team,1.0,True,1,0,0.0,0.2,2025-06-30,api_football_sidelined
31060,Francesco Caputo,Empoli,Empoli,A,A,A,37,2024,1,0,10,0,0,0,0,0,0,0,0,0,6.3,6.3,1,1.0,1.0,LOW,False,False,0,0,380,api_football_fixtures_2024,Caputo,Empoli,Ceduti,name_parts_and_team,1.0,True,2,2,31.749,0.321,2025-06-30,api_football_sidelined
336555,Estanis Pedrola,Bologna,Bologna,A,A,A,22,2024,1,0,8,0,0,0,0,0,0,0,0,0,7.2,7.2,1,1.0,1.0,LOW,False,False,0,0,380,api_football_fixtures_2024,Pedrola,Bologna,Tutti,name_parts_and_team,1.0,True,2,2,50.078,0.382,2025-06-30,api_football_sidelined
1454,Mattéo Guendouzi,Lazio,Lazio,C,C,C,26,2024,37,37,3274,1,3,0,0,0,0,0,0,0,7.081,7.15,37,1.0,1.0,HIGH,False,False,7,0,380,api_football_fixtures_2024,Guendouzi,Lazio,Tutti,name_parts_and_team,1.0,True,8,4,21.243,0.283,2025-06-30,api_football_sidelined
30845,Emmanuel Gyasi,Empoli,Empoli,C,C,C,31,2024,37,37,3224,2,1,0,0,0,0,0,0,0,6.702,6.82,37,1.0,0.944,HIGH,False,False,5,0,380,api_football_fixtures_2024,Gyasi,Empoli,Tutti,name_parts_and_team,1.0,True,2,0,0.0,0.2,2025-06-30,api_football_sidelined
2807,Remo Freuler,Bologna,Bologna,C,C,C,33,2024,37,37,3214,1,2,0,0,0,0,0,0,0,6.989,7.04,37,1.0,1.0,HIGH,False,False,6,0,380,api_football_fixtures_2024,Freuler,Bologna,Tutti,name_parts_and_team,1.0,True,13,0,0.0,0.2,2025-06-30,api_football_sidelined
48047,Jesper Karlström,Udinese,Udinese,C,C,C,30,2024,37,36,3189,0,3,0,0,0,0,0,0,0,6.761,6.72,37,1.0,1.0,HIGH,False,False,9,0,380,api_football_fixtures_2024,Karlstrom,Udinese,Tutti,name_parts_and_team,1.0,True,7,1,1.839,0.208,2025-06-30,api_football_sidelined
227,Angeliño,AS Roma,AS Roma,D,C,D,29,2024,38,36,3188,2,1,5,0,0,0,0,0,0,7.11,7.28,38,1.0,0.574,HIGH,True,False,1,0,380,api_football_fixtures_2024,Angelino,Roma,Tutti,exact_name,1.0,True,3,0,0.0,0.2,2025-06-30,api_football_sidelined
296560,Jackson Tchatchoua,Verona,Verona,D,C,D,24,2024,36,36,3169,2,3,0,0,0,0,0,0,0,6.686,6.81,36,1.0,0.76,HIGH,True,False,7,1,380,api_football_fixtures_2024,Tchatchoua,Verona,Tutti,name_parts_and_team,1.0,True,5,1,10.586,0.243,2025-06-30,api_football_sidelined
36902,Tijjani Reijnders,AC Milan,AC Milan,C,C,C,27,2024,37,36,3132,10,4,0,0,0,0,0,0,0,7.319,8.18,37,1.0,1.0,HIGH,False,False,2,1,380,api_football_fixtures_2024,Reijnders,Milan,Tutti,name_parts_and_team,1.0,True,4,0,0.0,0.2,2025-06-30,api_football_sidelined
15881,Morten Frendrup,Genoa,Genoa,C,C,C,24,2024,35,35,3107,2,0,0,0,0,0,0,0,0,6.992,7.09,35,1.0,1.0,HIGH,False,False,5,0,380,api_football_fixtures_2024,Frendrup,Genoa,Tutti,name_parts_and_team,1.0,True,1,1,16.047,0.264,2025-06-30,api_football_sidelined
30432,Marten de Roon,Atalanta,Atalanta,C,C,C,34,2024,36,34,3058,4,4,2,0,0,0,0,0,0,7.16,7.53,36,1.0,0.794,HIGH,True,False,5,0,380,api_football_fixtures_2024,De Roon,Atalanta,Tutti,name_parts_and_team,1.0,True,8,4,58.287,0.407,2025-06-30,api_football_sidelined
1014,Simon Sohm,Parma,Parma,C,C,C,24,2024,37,36,2999,4,0,0,0,0,0,0,0,0,6.89,7.13,37,1.0,1.0,HIGH,False,False,6,0,380,api_football_fixtures_2024,Sohm,Parma,Tutti,name_parts_and_team,1.0,True,2,2,24.362,0.295,2025-06-30,api_football_sidelined
903,Scott McTominay,Napoli,Napoli,C,C,C,29,2024,34,33,2941,12,4,0,0,0,0,0,0,0,7.267,8.4,34,1.0,1.0,HIGH,False,False,3,0,380,api_football_fixtures_2024,McTominay,Napoli,Tutti,name_parts_and_team,1.0,True,25,7,52.454,0.39,2025-06-30,api_football_sidelined
10097,Éderson,Atalanta,Atalanta,C,C,C,26,2024,37,32,2888,4,1,0,0,0,0,0,0,0,7.208,7.46,37,1.0,1.0,HIGH,False,False,5,1,380,api_football_fixtures_2024,Ederson D.s.,Atalanta,Tutti,name_parts_and_team,1.0,True,2,0,0.0,0.2,2025-06-30,api_football_sidelined
30775,Giuseppe Pezzella,Empoli,Empoli,D,C,D,28,2024,35,34,2887,0,3,0,0,0,0,0,0,0,6.81,6.8,35,1.0,0.929,HIGH,False,False,7,0,380,api_football_fixtures_2024,Pezzella Giu.,Empoli,Tutti,validated_best_candidate,0.968,True,3,3,51.608,0.387,2025-06-30,api_football_sidelined
881,Hans Nicolussi Caviglia,Venezia,Venezia,C,C,C,25,2024,35,33,2870,4,2,0,0,0,0,0,0,0,6.935,7.21,35,1.0,1.0,HIGH,False,False,7,1,380,api_football_fixtures_2024,Nicolussi Caviglia,Venezia,Tutti,name_parts_and_team,1.0,True,3,0,0.0,0.2,2025-06-30,api_football_sidelined
3406,Frank Anguissa,Napoli,Napoli,C,C,C,30,2024,35,32,2857,6,4,0,0,0,0,0,0,0,7.109,7.67,35,1.0,1.0,HIGH,False,False,5,0,380,api_football_fixtures_2024,Zambo Anguissa,Napoli,Tutti,manual_alias,1.0,True,8,3,36.932,0.339,2025-06-30,api_football_sidelined
26828,Georgios Kyriakopoulos,Monza,Monza,D,C,D,29,2024,34,33,2851,2,4,0,0,0,0,0,0,0,6.921,7.14,34,1.0,0.955,HIGH,False,False,5,0,380,api_football_fixtures_2024,Kyriakopoulos,Monza,Tutti,name_parts_and_team,1.0,True,1,1,20.409,0.28,2025-06-30,api_football_sidelined
30533,Manuel Locatelli,Juventus,Juventus,C,C,C,27,2024,36,34,2840,2,2,0,0,0,1,0,0,0,7.364,7.46,36,1.0,1.0,HIGH,False,False,9,0,380,api_football_fixtures_2024,Locatelli,Juventus,Tutti,name_parts_and_team,1.0,True,3,3,30.85,0.318,2025-06-30,api_football_sidelined
31056,Samuele Ricci,Torino,Torino,C,C,C,24,2024,34,34,2836,1,1,0,0,0,0,0,0,0,6.861,6.83,34,1.0,1.0,HIGH,False,False,8,1,380,api_football_fixtures_2024,Ricci S.,Torino,Tutti,name_parts_and_team,1.0,True,6,6,64.478,0.426,2025-06-30,api_football_sidelined
128461,Nadir Zortea,Cagliari,Cagliari,D,C,D,26,2024,35,33,2736,6,2,0,0,0,0,0,0,0,6.682,7.22,35,1.0,0.993,HIGH,False,False,2,0,380,api_football_fixtures_2024,Zortea,Cagliari,Tutti,name_parts_and_team,1.0,True,3,3,32.747,0.325,2025-06-30,api_football_sidelined
30784,Nicolò Rovella,Lazio,Lazio,C,C,C,24,2024,33,31,2728,0,3,0,0,0,0,0,0,0,7.137,7.03,33,1.0,1.0,HIGH,False,False,13,0,380,api_football_fixtures_2024,Rovella,Lazio,Tutti,name_parts_and_team,1.0,True,5,3,38.951,0.346,2025-06-30,api_football_sidelined
30822,Tommaso Augello,Cagliari,Cagliari,D,C,D,31,2024,38,30,2723,0,7,1,0,0,0,0,0,0,6.948,7.09,38,1.0,0.676,HIGH,True,False,3,0,380,api_football_fixtures_2024,Augello,Cagliari,Tutti,name_parts_and_team,1.0,True,1,1,4.889,0.22,2025-06-30,api_football_sidelined
30937,Mattia Zaccagni,Lazio,Lazio,C,C,C,30,2024,34,33,2706,8,6,0,0,0,2,0,0,0,7.406,8.14,34,1.0,0.853,HIGH,False,False,10,0,380,api_football_fixtures_2024,Zaccagni,Lazio,Tutti,name_parts_and_team,1.0,True,9,8,72.902,0.45,2025-06-30,api_football_sidelined
350037,Nico Paz,Como,Como,C,C,C,21,2024,35,30,2699,6,8,0,0,0,0,1,0,0,7.272,7.93,35,1.0,0.876,HIGH,False,False,6,0,380,api_football_fixtures_2024,Paz N.,Como,Tutti,name_parts_and_team,1.0,True,1,1,7.241,0.23,2025-06-30,api_football_sidelined
30768,Pedro Pereira,Monza,Monza,D,C,D,28,2024,35,32,2691,1,3,0,0,0,0,0,0,0,6.628,6.66,35,1.0,0.668,HIGH,True,False,10,0,380,api_football_fixtures_2024,Pereira P.,Monza,Tutti,name_parts_and_team,1.0,True,8,0,0.0,0.2,2025-06-30,api_football_sidelined
1748,Lassana Coulibaly,Lecce,Lecce,C,C,C,29,2024,38,30,2678,1,0,0,0,0,0,0,0,0,6.741,6.78,38,1.0,1.0,HIGH,False,False,3,0,380,api_football_fixtures_2024,Coulibaly L.,Lecce,Tutti,name_parts_and_team,1.0,True,4,0,0.0,0.2,2025-06-30,api_football_sidelined
47439,Stanislav Lobotka,Napoli,Napoli,C,C,C,31,2024,32,31,2647,0,1,0,0,0,0,0,0,0,7.084,7.07,32,1.0,1.0,HIGH,False,False,3,0,380,api_football_fixtures_2024,Lobotka,Napoli,Tutti,name_parts_and_team,1.0,True,6,5,63.407,0.423,2025-06-30,api_football_sidelined
31624,Gabriel Strefezza,Como,Como,C,C,C,28,2024,37,32,2632,6,4,0,0,0,0,0,0,0,7.207,7.73,37,1.0,0.838,HIGH,False,False,5,0,380,api_football_fixtures_2024,Strefezza,Como,Tutti,name_parts_and_team,1.0,True,3,2,13.122,0.253,2025-06-30,api_football_sidelined
162266,Lucas Da Cunha,Como,Como,C,C,C,24,2024,36,30,2625,3,2,0,0,0,0,0,0,0,7.259,7.51,36,1.0,1.0,HIGH,False,False,4,0,380,api_football_fixtures_2024,Da Cunha,Como,Tutti,name_parts_and_team,1.0,True,3,0,0.0,0.2,2025-06-30,api_football_sidelined
302432,Alessandro Bianco,Monza,Fiorentina; Monza,C,C,C,23,2024,35,29,2622,1,0,0,0,0,0,0,0,0,6.816,6.77,35,1.0,1.0,HIGH,False,False,9,0,380,api_football_fixtures_2024,Bianco,Monza,Tutti,name_parts_and_team,1.0,True,1,0,0.0,0.2,2025-06-30,api_football_sidelined
22147,Manu Koné,AS Roma,AS Roma,C,C,C,24,2024,34,31,2582,2,1,0,0,0,0,0,0,0,6.952,7.07,34,1.0,1.0,HIGH,False,False,6,0,380,api_football_fixtures_2024,Kone' M.,Roma,Tutti,name_parts_and_team,1.0,True,12,11,71.148,0.445,2025-06-30,api_football_sidelined
51266,Gianluca Busio,Venezia,Venezia,C,C,C,23,2024,33,28,2531,2,0,0,0,0,0,0,0,0,6.834,6.96,33,1.0,0.654,HIGH,True,False,4,0,380,api_football_fixtures_2024,Busio,Venezia,Tutti,name_parts_and_team,1.0,True,1,1,25.311,0.298,2025-06-30,api_football_sidelined
36916,Kingsley Ehizibue,Udinese,Udinese,D,C,D,30,2024,33,30,2510,0,1,3,0,0,0,0,0,0,6.808,6.76,33,1.0,0.729,HIGH,True,False,5,0,380,api_football_fixtures_2024,Ehizibue,Udinese,Tutti,name_parts_and_team,1.0,True,8,6,89.508,0.494,2025-06-30,api_football_sidelined
22254,Youssouf Fofana,AC Milan,AC Milan,C,C,C,26,2024,35,29,2509,1,6,0,0,0,0,0,0,0,6.941,7.13,35,1.0,1.0,HIGH,False,False,5,0,380,api_football_fixtures_2024,Fofana Y.,Milan,Tutti,name_parts_and_team,1.0,True,4,1,13.512,0.254,2025-06-30,api_football_sidelined
91422,Raoul Bellanova,Atalanta,Atalanta; Torino,D,C,D,25,2024,35,28,2495,0,9,1,0,0,0,0,0,0,7.028,7.24,35,1.0,0.91,HIGH,False,False,3,0,380,api_football_fixtures_2024,Bellanova,Atalanta,Tutti,name_parts_and_team,1.0,True,3,2,14.606,0.258,2025-06-30,api_football_sidelined
17,Christian Pulišić,AC Milan,AC Milan,C,C,C,27,2024,34,29,2489,11,9,0,0,0,3,1,0,0,7.324,8.54,34,1.0,0.656,HIGH,True,False,1,0,380,api_football_fixtures_2024,Pulisic,Milan,Tutti,name_parts_and_team,1.0,True,20,6,53.663,0.393,2025-06-30,api_football_sidelined
89520,Mikael Ellertsson,Venezia,Venezia,C,C,C,23,2024,36,29,2480,2,2,0,0,0,0,0,0,0,6.86,7.05,36,1.0,0.823,HIGH,False,False,2,0,380,api_football_fixtures_2024,Ellertsson,Venezia,Tutti,name_parts_and_team,1.0,True,1,1,8.937,0.236,2025-06-30,api_football_sidelined
30558,Nicolò Barella,Inter,Inter,C,C,C,28,2024,33,29,2462,3,6,0,0,0,0,0,0,0,7.308,7.7,32,0.97,1.0,HIGH,False,False,4,0,380,api_football_fixtures_2024,Barella,Inter,Tutti,name_parts_and_team,1.0,True,3,3,36.33,0.337,2025-06-30,api_football_sidelined
30505,Michel Ndary Adopo,Cagliari,Cagliari,C,C,C,25,2024,35,27,2417,1,1,0,0,0,0,0,0,0,6.796,6.81,35,1.0,1.0,HIGH,False,False,5,1,380,api_football_fixtures_2024,Adopo,Cagliari,Tutti,name_parts_and_team,1.0,True,3,2,14.895,0.26,2025-06-30,api_football_sidelined
1457,Henrikh Mkhitaryan,Inter,Inter,C,C,C,36,2024,32,30,2410,1,4,0,0,0,0,0,0,0,7.094,7.25,32,1.0,1.0,HIGH,False,False,4,0,380,api_football_fixtures_2024,Mkhitaryan,Inter,Tutti,name_parts_and_team,1.0,True,10,2,24.633,0.296,2025-06-30,api_football_sidelined
339883,Kenan Yıldız,Juventus,Juventus,A,C,A,20,2024,35,28,2408,7,4,0,0,0,0,0,0,0,7.377,8.03,35,1.0,0.724,HIGH,True,False,2,1,380,api_football_fixtures_2024,Yildiz,Juventus,Tutti,manual_alias,1.0,True,1,1,10.407,0.242,2025-06-30,api_football_sidelined
25349,Ondrej Duda,Verona,Verona,C,C,C,31,2024,28,27,2403,1,3,0,0,0,0,0,0,0,7.025,6.99,28,1.0,1.0,HIGH,False,False,12,1,380,api_football_fixtures_2024,Duda,Verona,Tutti,name_parts_and_team,1.0,True,4,3,37.989,0.343,2025-06-30,api_football_sidelined
30932,Liam Henderson,Empoli,Empoli,C,C,C,29,2024,36,27,2345,0,4,0,0,0,0,0,0,0,6.813,6.78,36,1.0,0.926,HIGH,False,False,10,0,380,api_football_fixtures_2024,Henderson L.,Empoli,Tutti,name_parts_and_team,1.0,True,2,0,0.0,0.2,2025-06-30,api_football_sidelined
116,Khéphren Thuram,Juventus,Juventus,C,C,C,24,2024,35,26,2337,4,5,0,0,0,0,0,0,0,7.144,7.56,35,1.0,1.0,HIGH,False,False,5,0,380,api_football_fixtures_2024,Thuram K.,Juventus,Tutti,name_parts_and_team,1.0,True,5,4,54.857,0.397,2025-06-30,api_football_sidelined
22236,Rafael Leão,AC Milan,AC Milan,A,C,A,26,2024,34,25,2330,8,8,0,0,0,0,0,0,0,7.242,8.11,34,1.0,0.554,HIGH,True,False,5,0,380,api_football_fixtures_2024,Leao,Milan,Tutti,name_parts_and_team,1.0,True,4,2,23.861,0.293,2025-06-30,api_football_sidelined
7591,Sandi Lovrić,Udinese,Udinese,C,C,C,27,2024,36,31,2326,2,3,0,0,0,0,0,0,0,6.943,7.12,35,0.972,0.974,HIGH,False,False,5,0,380,api_football_fixtures_2024,Lovric,Udinese,Tutti,name_parts_and_team,1.0,True,3,2,37.276,0.34,2025-06-30,api_football_sidelined
25353,Valentino Lazaro,Torino,Torino,D,C,D,29,2024,33,26,2322,0,6,0,0,0,0,0,0,0,6.773,6.86,33,1.0,0.88,HIGH,False,False,6,0,380,api_football_fixtures_2024,Lazaro,Torino,Tutti,name_parts_and_team,1.0,True,7,5,58.911,0.409,2025-06-30,api_football_sidelined
415,Weston McKennie,Juventus,Juventus,C,C,C,27,2024,32,27,2320,2,4,1,0,0,0,0,0,0,7.017,7.28,32,1.0,0.706,HIGH,True,False,3,0,380,api_football_fixtures_2024,McKennie,Juventus,Tutti,name_parts_and_team,1.0,True,12,4,42.812,0.359,2025-06-30,api_football_sidelined
135519,Gustav Isaksen,Lazio,Lazio,A,C,A,24,2024,37,29,2226,4,2,0,0,0,0,0,0,0,6.926,7.24,37,1.0,0.851,HIGH,False,False,5,0,380,api_football_fixtures_2024,Isaksen,Lazio,Tutti,name_parts_and_team,1.0,True,2,1,7.762,0.232,2025-06-30,api_football_sidelined
31021,Alberto Grassi,Empoli,Empoli,C,C,C,30,2024,28,27,2215,1,0,0,0,0,0,0,0,0,6.804,6.77,28,1.0,1.0,HIGH,False,False,8,0,380,api_football_fixtures_2024,Grassi,Empoli,Tutti,name_parts_and_team,1.0,True,4,4,71.299,0.445,2025-06-30,api_football_sidelined
22015,Boulaye Dia,Lazio,Lazio,A,C,A,29,2024,35,27,2192,9,3,0,0,0,0,0,0,0,6.933,7.76,35,1.0,0.657,HIGH,True,False,2,0,380,api_football_fixtures_2024,Dia,Lazio,Tutti,name_parts_and_team,1.0,True,11,5,45.602,0.368,2025-06-30,api_football_sidelined
290046,Antoine Makoumbou,Cagliari,Cagliari,C,C,C,27,2024,33,27,2173,0,3,0,0,0,0,0,0,0,6.695,6.69,33,1.0,1.0,HIGH,False,False,4,1,380,api_football_fixtures_2024,Makoumbou,Cagliari,Tutti,name_parts_and_team,1.0,True,2,2,42.746,0.359,2025-06-30,api_football_sidelined
31010,Federico Dimarco,Inter,Inter,D,C,D,28,2024,33,29,2165,4,7,0,0,0,0,0,0,0,7.335,7.87,32,0.97,0.952,HIGH,False,False,3,0,380,api_football_fixtures_2024,Dimarco,Inter,Tutti,name_parts_and_team,1.0,True,7,6,51.806,0.388,2025-06-30,api_football_sidelined
48648,Dan Ndoye,Bologna,Bologna,C,C,C,25,2024,30,26,2151,8,4,0,0,0,2,0,0,0,7.222,8.09,30,1.0,0.78,HIGH,True,False,4,0,380,api_football_fixtures_2024,Ndoye,Bologna,Tutti,name_parts_and_team,1.0,True,6,6,88.758,0.492,2025-06-30,api_football_sidelined
842,Nikola Vlašić,Torino,Torino,C,C,C,28,2024,30,23,2128,5,4,0,0,0,2,0,0,0,6.962,7.6,30,1.0,0.722,HIGH,True,False,0,0,380,api_football_fixtures_2024,Vlasic,Torino,Tutti,name_parts_and_team,1.0,True,6,5,91.457,0.499,2025-06-30,api_football_sidelined
2286,Davide Zappacosta,Atalanta,Atalanta,D,C,D,33,2024,30,26,2075,4,2,0,0,0,0,0,0,0,6.97,7.39,30,1.0,0.99,HIGH,False,False,3,0,380,api_football_fixtures_2024,Zappacosta,Atalanta,Tutti,name_parts_and_team,1.0,True,6,3,34.072,0.329,2025-06-30,api_football_sidelined
778,Bryan Cristante,AS Roma,AS Roma,C,C,C,30,2024,30,23,2056,4,2,0,0,0,0,0,0,0,7.135,7.47,30,1.0,1.0,HIGH,False,False,8,0,380,api_football_fixtures_2024,Cristante,Roma,Tutti,name_parts_and_team,1.0,True,1,1,39.672,0.348,2025-06-30,api_football_sidelined
47182,Tete Morente,Lecce,Lecce,C,C,C,29,2024,31,23,2029,3,2,0,0,0,0,0,0,0,6.938,7.21,31,1.0,0.506,HIGH,True,False,5,0,380,api_football_fixtures_2024,Tete Morente,Lecce,Tutti,exact_name,1.0,True,4,1,5.019,0.221,2025-06-30,api_football_sidelined
22007,Hassane Kamara,Udinese,Udinese,D,C,D,31,2024,30,25,2006,1,4,4,0,0,0,0,0,0,6.987,7.05,30,1.0,0.552,HIGH,True,False,8,1,380,api_football_fixtures_2024,Kamara H.,Udinese,Tutti,name_parts_and_team,1.0,True,7,3,61.397,0.417,2025-06-30,api_football_sidelined
43036,Dennis Man,Parma,Parma,C,C,C,27,2024,33,23,2005,4,4,0,0,0,0,0,0,0,6.833,7.32,33,1.0,0.687,HIGH,True,False,0,0,380,api_football_fixtures_2024,Man,Parma,Tutti,name_parts_and_team,1.0,True,3,3,33.956,0.329,2025-06-30,api_football_sidelined
36899,Teun Koopmeiners,Juventus,Juventus,C,C,C,27,2024,28,23,1997,3,3,0,0,0,0,0,0,0,7.031,7.41,28,1.0,0.843,HIGH,False,False,3,0,380,api_football_fixtures_2024,Koopmeiners,Juventus,Tutti,name_parts_and_team,1.0,True,7,5,85.783,0.484,2025-06-30,api_football_sidelined
30542,Jens Odgaard,Bologna,Bologna,A,C,A,26,2024,29,24,1975,6,1,0,0,0,0,0,0,0,6.909,7.55,29,1.0,0.896,HIGH,False,False,1,0,380,api_football_fixtures_2024,Odgaard,Bologna,Tutti,name_parts_and_team,1.0,True,5,3,83.665,0.479,2025-06-30,api_football_sidelined
2763,Mario Pašalić,Atalanta,Atalanta,C,C,C,30,2024,34,23,1969,3,4,0,0,0,0,1,0,0,7.012,7.38,34,1.0,0.632,HIGH,True,False,1,0,380,api_football_fixtures_2024,Pasalic,Atalanta,Tutti,name_parts_and_team,1.0,True,2,0,0.0,0.2,2025-06-30,api_football_sidelined
1640,Hakan Çalhanoğlu,Inter,Inter,C,C,C,31,2024,29,26,1961,5,6,0,0,0,3,1,0,0,7.482,8.12,29,1.0,1.0,HIGH,False,False,5,0,380,api_football_fixtures_2024,Calhanoglu,Inter,Tutti,name_parts_and_team,1.0,True,7,6,94.882,0.507,2025-06-30,api_football_sidelined
6010,Lucas Beltrán,Fiorentina,Fiorentina,A,C,A,24,2024,33,21,1958,5,4,0,0,0,2,1,0,0,6.851,7.34,33,1.0,0.523,HIGH,True,False,6,0,380,api_football_fixtures_2024,Beltran L.,Fiorentina,Tutti,name_parts_and_team,1.0,True,1,1,3.825,0.216,2025-06-30,api_football_sidelined
226,Denzel Dumfries,Inter,Inter,D,C,D,29,2024,29,20,1951,7,2,0,0,0,0,0,0,0,7.147,7.87,29,1.0,0.875,HIGH,False,False,4,0,380,api_football_fixtures_2024,Dumfries,Inter,Tutti,name_parts_and_team,1.0,True,8,4,68.513,0.437,2025-06-30,api_football_sidelined
14327,Domagoj Bradarić,Verona,Verona,D,C,D,26,2024,28,24,1948,1,0,0,0,0,0,0,0,0,6.828,6.83,28,1.0,0.704,HIGH,True,False,6,0,380,api_football_fixtures_2024,Bradaric,Verona,Tutti,name_parts_and_team,1.0,True,5,4,78.015,0.464,2025-06-30,api_football_sidelined
30810,Rolando Mandragora,Fiorentina,Fiorentina,C,C,C,28,2024,29,22,1941,4,3,0,0,0,1,0,0,0,7.243,7.64,29,1.0,1.0,HIGH,False,False,7,0,380,api_football_fixtures_2024,Mandragora,Fiorentina,Tutti,name_parts_and_team,1.0,True,3,2,28.038,0.308,2025-06-30,api_football_sidelined
541,Jürgen Ekkelenkamp,Udinese,Udinese,C,C,C,25,2024,34,20,1902,3,2,0,0,0,0,0,0,0,6.883,7.18,34,1.0,0.919,HIGH,False,False,2,0,380,api_football_fixtures_2024,Ekkelenkamp,Udinese,Tutti,name_parts_and_team,1.0,True,3,1,9.778,0.24,2025-06-30,api_football_sidelined
36980,Morten Thorsby,Genoa,Genoa,C,C,C,29,2024,30,22,1902,0,1,0,0,0,0,0,0,0,6.763,6.7,30,1.0,0.875,HIGH,False,False,6,0,380,api_football_fixtures_2024,Thorsby,Genoa,Tutti,name_parts_and_team,1.0,True,5,3,57.524,0.405,2025-06-30,api_football_sidelined
30488,Riccardo Orsolini,Bologna,Bologna,C,C,C,28,2024,30,23,1885,15,4,0,0,0,3,0,0,0,7.259,8.86,29,0.967,0.747,HIGH,True,False,2,0,380,api_football_fixtures_2024,Orsolini,Bologna,Tutti,name_parts_and_team,1.0,True,3,3,48.11,0.376,2025-06-30,api_football_sidelined
288699,Máximo Perrone,Como,Como,C,C,C,22,2024,26,20,1859,0,3,0,0,0,0,0,0,0,6.949,6.95,26,1.0,1.0,HIGH,False,False,6,0,380,api_football_fixtures_2024,Perrone,Como,Tutti,name_parts_and_team,1.0,True,3,2,58.247,0.407,2025-06-30,api_football_sidelined
333116,Reda Belahyane,Verona,Lazio; Verona,C,C,C,21,2024,28,18,1848,0,2,0,0,0,0,0,0,0,6.809,6.7,28,1.0,1.0,HIGH,False,False,6,2,380,api_football_fixtures_2024,Belahyane,Lazio,Tutti,validated_best_candidate,0.935,True,2,0,0.0,0.2,2025-06-30,api_football_sidelined
382452,Patrick Dorgu,Lecce,Lecce,D,C,D,21,2024,21,21,1843,3,1,0,0,0,0,0,0,0,6.909,7.29,21,1.0,0.463,HIGH,True,False,2,1,380,api_football_fixtures_2024,Dorgu,Lecce,Ceduti,name_parts_and_team,1.0,True,1,0,0.0,0.2,2025-06-30,api_football_sidelined
308836,Mandela Keita,Parma,Parma,C,C,C,23,2024,30,24,1827,0,2,0,0,0,0,0,0,0,6.781,6.71,29,0.967,1.0,HIGH,False,False,6,1,380,api_football_fixtures_2024,Keita M.,Parma,Tutti,name_parts_and_team,1.0,True,2,2,32.725,0.325,2025-06-30,api_football_sidelined
15673,Ylber Ramadani,Lecce,Lecce,C,C,C,29,2024,29,21,1819,1,1,0,0,0,0,0,0,0,6.796,6.88,29,1.0,1.0,HIGH,False,False,3,0,380,api_football_fixtures_2024,Ramadani,Lecce,Tutti,name_parts_and_team,1.0,True,2,1,6.703,0.227,2025-06-30,api_football_sidelined
887,Matteo Darmian,Inter,Inter,D,C,D,36,2024,29,20,1793,3,2,2,0,0,0,0,0,0,6.918,7.25,29,1.0,0.764,HIGH,True,False,3,0,380,api_football_fixtures_2024,Darmian,Inter,Tutti,name_parts_and_team,1.0,True,12,3,46.445,0.371,2025-06-30,api_football_sidelined
266813,Warren Bondo,Monza,AC Milan; Monza,C,C,C,22,2024,24,22,1785,0,0,0,0,0,0,0,0,0,6.726,6.56,24,1.0,1.0,HIGH,False,False,6,1,380,api_football_fixtures_2024,Bondo,Milan,Tutti,validated_best_candidate,0.876,True,2,2,49.226,0.379,2025-06-30,api_football_sidelined
26315,Nicolás González,Juventus,Juventus,A,C,A,27,2024,26,23,1776,3,2,0,0,0,0,0,0,0,7.028,7.39,26,1.0,0.688,HIGH,True,False,3,0,380,api_football_fixtures_2024,Gonzalez N.,Juventus,Tutti,name_parts_and_team,1.0,True,7,2,61.385,0.417,2025-06-30,api_football_sidelined
162012,Matteo Ruggeri,Atalanta,Atalanta,D,C,D,23,2024,30,19,1760,0,3,0,0,0,0,0,0,0,7.054,7.12,29,0.967,0.898,HIGH,False,False,2,0,380,api_football_fixtures_2024,Ruggeri,Atalanta,Tutti,name_parts_and_team,1.0,True,5,4,41.474,0.354,2025-06-30,api_football_sidelined
190958,Balthazar Pierret,Lecce,Lecce,C,C,C,25,2024,30,21,1726,0,0,0,0,0,0,0,0,0,6.743,6.71,30,1.0,1.0,HIGH,False,False,2,0,380,api_football_fixtures_2024,Pierret,Lecce,Tutti,name_parts_and_team,1.0,True,7,3,49.889,0.382,2025-06-30,api_football_sidelined
1852,Danilo Cataldi,Fiorentina,Fiorentina,C,C,C,31,2024,25,23,1724,3,0,0,0,0,0,0,0,0,7.034,7.37,24,0.96,1.0,HIGH,False,False,1,0,380,api_football_fixtures_2024,Cataldi,Fiorentina,Tutti,name_parts_and_team,1.0,True,4,4,75.934,0.458,2025-06-30,api_football_sidelined
162907,Alessandro Zanoli,Genoa,Genoa,D,C,D,25,2024,31,19,1714,1,0,0,0,0,0,0,0,0,6.744,6.79,31,1.0,0.826,HIGH,False,False,3,0,380,api_football_fixtures_2024,Zanoli,Genoa,Tutti,name_parts_and_team,1.0,True,2,2,22.927,0.29,2025-06-30,api_football_sidelined
181808,Fabio Miretti,Genoa,Genoa,C,C,C,22,2024,25,22,1694,3,3,0,0,0,0,0,0,0,6.887,7.33,25,1.0,0.922,HIGH,False,False,2,0,380,api_football_fixtures_2024,Miretti,Genoa,Tutti,name_parts_and_team,1.0,True,5,5,81.119,0.472,2025-06-30,api_football_sidelined
263699,Alieu Fadera,Como,Como,C,C,C,24,2024,28,20,1667,1,3,0,0,0,0,0,0,0,7.045,7.19,28,1.0,0.873,HIGH,False,False,2,1,380,api_football_fixtures_2024,Fadera,Como,Tutti,name_parts_and_team,1.0,True,2,2,29.901,0.315,2025-06-30,api_football_sidelined
31079,Francesco Zampano,Venezia,Venezia,D,C,D,32,2024,24,17,1648,1,2,0,0,0,0,0,0,0,6.609,6.71,24,1.0,0.833,HIGH,False,False,5,0,380,api_football_fixtures_2024,Zampano,Venezia,Tutti,name_parts_and_team,1.0,True,3,2,18.009,0.271,2025-06-30,api_football_sidelined
1138,Timothy Weah,Juventus,Juventus,C,C,C,25,2024,30,18,1644,5,2,3,0,0,0,0,0,0,6.929,7.43,30,1.0,0.519,HIGH,True,False,4,0,380,api_football_fixtures_2024,Weah,Juventus,Tutti,name_parts_and_team,1.0,True,10,5,73.412,0.451,2025-06-30,api_football_sidelined
782,Lorenzo Pellegrini,AS Roma,AS Roma,C,C,C,29,2024,25,20,1632,2,1,0,0,0,1,0,0,0,6.963,7.16,25,1.0,0.634,HIGH,True,False,4,0,380,api_football_fixtures_2024,Pellegrini Lo.,Roma,Tutti,validated_best_candidate,0.972,True,7,6,58.244,0.407,2025-06-30,api_football_sidelined
162106,Yunus Musah,AC Milan,AC Milan,C,C,C,23,2024,29,19,1581,0,2,0,0,0,0,0,0,0,6.775,6.76,29,1.0,0.89,HIGH,False,False,5,0,380,api_football_fixtures_2024,Musah,Milan,Tutti,name_parts_and_team,1.0,True,4,2,21.751,0.285,2025-06-30,api_football_sidelined
3009,Karol Linetty,Torino,Torino,C,C,C,31,2024,28,18,1559,1,0,0,0,0,0,0,0,0,6.707,6.71,26,0.929,1.0,HIGH,False,False,6,0,380,api_football_fixtures_2024,Linetty,Torino,Tutti,name_parts_and_team,1.0,True,3,2,20.504,0.281,2025-06-30,api_football_sidelined
281096,Patrizio Masini,Genoa,Genoa,C,C,C,24,2024,26,16,1544,1,0,0,0,0,0,0,0,0,6.851,6.91,25,0.962,1.0,HIGH,False,False,3,0,380,api_football_fixtures_2024,Masini,Genoa,Tutti,name_parts_and_team,1.0,False,0,0,0.0,,2025-06-30,api_football_sidelined
876,Nicolò Fagioli,Fiorentina,Fiorentina; Juventus,C,C,C,24,2024,32,15,1541,1,2,0,0,0,0,0,0,0,7.049,7.14,30,0.938,1.0,HIGH,False,False,4,0,380,api_football_fixtures_2024,Fagioli,Fiorentina,Tutti,name_parts_and_team,1.0,True,1,1,4.823,0.22,2025-06-30,api_football_sidelined
31219,Alessio Zerbin,Venezia,Napoli; Venezia,C,C,C,26,2024,20,17,1522,1,1,0,0,0,0,0,0,0,6.845,6.94,18,0.9,0.989,HIGH,False,False,4,0,380,api_football_fixtures_2024,Zerbin,Venezia,Tutti,name_parts_and_team,1.0,True,1,0,0.0,0.2,2025-06-30,api_football_sidelined
56560,Youssef Maleh,Empoli,Empoli,C,C,C,27,2024,22,17,1514,0,1,0,0,0,0,0,0,0,6.749,6.63,22,1.0,0.766,HIGH,True,False,5,1,380,api_football_fixtures_2024,Maleh,Empoli,Tutti,name_parts_and_team,1.0,True,4,4,132.43,0.591,2025-06-30,api_football_sidelined
1417,Alexis Saelemaekers,AS Roma,AC Milan; AS Roma,C,C,C,26,2024,23,18,1504,7,3,0,0,0,0,0,0,0,7.319,8.25,23,1.0,0.713,HIGH,True,False,5,0,380,api_football_fixtures_2024,Saelemaekers,Roma,Tutti,name_parts_and_team,1.0,True,2,2,54.321,0.395,2025-06-30,api_football_sidelined
1850,Milan Badelj,Genoa,Genoa,C,C,C,36,2024,23,21,1486,1,0,0,0,0,0,0,0,0,6.95,7.04,23,1.0,1.0,HIGH,False,False,2,0,380,api_football_fixtures_2024,Badelj,Genoa,Tutti,name_parts_and_team,1.0,True,4,3,48.981,0.379,2025-06-30,api_football_sidelined
30708,Samuele Birindelli,Monza,Monza,D,C,D,26,2024,21,18,1475,3,0,0,0,0,0,0,0,0,6.917,7.3,20,0.952,0.914,HIGH,False,False,2,0,380,api_football_fixtures_2024,Birindelli,Monza,Tutti,name_parts_and_team,1.0,True,6,6,91.824,0.5,2025-06-30,api_football_sidelined
2822,Darko Lazović,Verona,Verona,C,C,C,35,2024,27,17,1468,2,3,0,0,0,1,0,0,0,6.846,7.18,27,1.0,0.98,HIGH,False,False,0,0,380,api_football_fixtures_2024,Lazovic,Verona,Tutti,name_parts_and_team,1.0,True,3,1,4.463,0.218,2025-06-30,api_football_sidelined
628,Adrián Bernabé,Parma,Parma,C,C,C,24,2024,21,18,1461,1,1,0,0,0,0,0,0,0,7.227,7.39,20,0.952,1.0,HIGH,False,False,1,0,380,api_football_fixtures_2024,Bernabe',Parma,Tutti,name_parts_and_team,1.0,True,4,3,94.655,0.507,2025-06-30,api_football_sidelined
30561,Alessandro Deiola,Cagliari,Cagliari,C,C,C,30,2024,29,16,1446,2,1,0,0,0,0,0,0,0,6.738,6.88,29,1.0,1.0,HIGH,False,False,6,0,380,api_football_fixtures_2024,Deiola,Cagliari,Tutti,name_parts_and_team,1.0,True,16,0,0.0,0.2,2025-06-30,api_football_sidelined
30431,Andrea Colpani,Fiorentina,Fiorentina,C,C,C,26,2024,25,18,1445,2,1,0,0,0,0,0,0,0,6.834,7.09,24,0.96,0.812,HIGH,False,False,1,0,380,api_football_fixtures_2024,Colpani,Fiorentina,Tutti,name_parts_and_team,1.0,True,2,2,75.496,0.457,2025-06-30,api_football_sidelined
343189,Gvidas Gineitis,Torino,Torino,C,C,C,21,2024,30,15,1423,3,1,0,0,0,0,0,0,0,6.859,7.11,30,1.0,1.0,HIGH,False,False,5,0,380,api_football_fixtures_2024,Gineitis,Torino,Tutti,name_parts_and_team,1.0,True,3,3,77.083,0.461,2025-06-30,api_football_sidelined
2118,Răzvan Marin,Cagliari,Cagliari,C,C,C,29,2024,33,13,1416,3,2,0,0,0,2,0,0,0,6.856,7.13,33,1.0,1.0,HIGH,False,False,4,0,380,api_football_fixtures_2024,Marin,Cagliari,Tutti,name_parts_and_team,1.0,True,2,2,11.723,0.247,2025-06-30,api_football_sidelined
19824,Jordan Zemura,Udinese,Udinese,D,C,D,26,2024,23,13,1415,1,2,0,0,0,0,0,0,0,6.759,6.93,23,1.0,0.601,HIGH,True,False,2,0,380,api_football_fixtures_2024,Zemura,Udinese,Tutti,name_parts_and_team,1.0,True,4,3,50.734,0.384,2025-06-30,api_football_sidelined
6383,Martín Payero,Udinese,Udinese,C,C,C,27,2024,25,16,1383,1,1,0,0,0,0,0,0,0,6.901,6.96,25,1.0,0.94,HIGH,False,False,5,0,380,api_football_fixtures_2024,Payero,Udinese,Tutti,name_parts_and_team,1.0,True,4,3,93.285,0.503,2025-06-30,api_football_sidelined
271,Leandro Paredes,AS Roma,AS Roma,C,C,C,31,2024,22,15,1379,3,1,0,0,0,2,0,0,0,7.407,7.77,22,1.0,1.0,HIGH,False,False,4,0,380,api_football_fixtures_2024,Paredes,Roma,Tutti,name_parts_and_team,1.0,True,8,0,0.0,0.2,2025-06-30,api_football_sidelined
418,Suat Serdar,Verona,Verona,C,C,C,28,2024,22,16,1378,2,1,0,0,0,0,0,0,0,6.831,7.01,22,1.0,1.0,HIGH,False,False,4,1,380,api_football_fixtures_2024,Serdar,Verona,Tutti,name_parts_and_team,1.0,True,15,3,83.735,0.479,2025-06-30,api_football_sidelined
39362,Marcus Pedersen,Torino,Torino,D,C,D,25,2024,29,15,1377,0,0,2,0,0,0,0,0,0,6.517,6.47,28,0.966,0.599,HIGH,True,False,3,0,380,api_football_fixtures_2024,Pedersen,Torino,Tutti,name_parts_and_team,1.0,True,4,2,29.161,0.312,2025-06-30,api_football_sidelined
37144,Ridgeciano Haps,Venezia,Venezia,D,C,D,32,2024,25,14,1376,1,1,0,0,0,0,0,0,0,6.763,6.86,23,0.92,0.557,HIGH,True,False,3,0,380,api_football_fixtures_2024,Haps,Venezia,Tutti,name_parts_and_team,1.0,True,19,4,41.997,0.356,2025-06-30,api_football_sidelined
161585,Francisco Conceição,Juventus,Juventus,C,C,C,23,2024,26,12,1341,3,3,0,0,0,0,0,0,0,7.047,7.37,26,1.0,0.626,HIGH,True,False,5,1,380,api_football_fixtures_2024,Conceicao,Juventus,Tutti,name_parts_and_team,1.0,True,4,3,49.309,0.38,2025-06-30,api_football_sidelined
1208,Hernani,Parma,Parma,C,C,C,31,2024,25,15,1329,3,3,0,0,0,3,0,0,0,7.054,7.39,25,1.0,1.0,HIGH,False,False,7,0,380,api_football_fixtures_2024,Hernani,Parma,Tutti,exact_name,1.0,True,7,6,105.826,0.533,2025-06-30,api_football_sidelined
347265,Benjamín Domínguez,Bologna,Bologna,A,C,A,22,2024,24,16,1310,3,2,0,0,0,0,0,0,0,6.797,7.26,24,1.0,0.814,HIGH,False,False,0,0,380,api_football_fixtures_2024,Dominguez B.,Bologna,Tutti,name_parts_and_team,1.0,False,0,0,0.0,,2025-06-30,api_football_sidelined
43056,Valentin Mihăilă,Parma,Parma,A,C,A,26,2024,21,16,1300,0,3,0,0,0,0,0,0,0,6.869,6.96,21,1.0,0.699,HIGH,True,False,2,0,380,api_football_fixtures_2024,Mihaila,Parma,Tutti,name_parts_and_team,1.0,True,2,1,88.919,0.492,2025-06-30,api_football_sidelined
400948,Assane Diao,Como,Como,C,C,C,20,2024,15,14,1257,8,1,0,0,0,0,0,0,0,7.125,8.73,15,1.0,0.62,MEDIUM,True,False,2,0,380,api_football_fixtures_2024,Diao,Como,Tutti,name_parts_and_team,1.0,True,3,2,72.749,0.449,2025-06-30,api_football_sidelined
1265,Yacine Adli,Fiorentina,Fiorentina,C,C,C,25,2024,26,15,1248,4,6,0,0,0,0,0,0,0,7.201,7.8,24,0.923,1.0,HIGH,False,False,3,1,380,api_football_fixtures_2024,Adli,Fiorentina,Tutti,name_parts_and_team,1.0,True,5,1,26.525,0.303,2025-06-30,api_football_sidelined
347644,Arthur Atta,Udinese,Udinese,C,C,C,22,2024,27,12,1246,0,1,0,0,0,0,0,0,0,6.752,6.7,26,0.963,0.795,HIGH,True,False,5,0,380,api_football_fixtures_2024,Atta,Udinese,Tutti,name_parts_and_team,1.0,True,4,3,33.966,0.329,2025-06-30,api_football_sidelined
356888,Niccolò Pisilli,AS Roma,AS Roma,C,C,C,21,2024,28,11,1234,2,1,0,0,0,0,0,0,0,6.813,6.94,27,0.964,0.825,HIGH,False,False,7,0,380,api_football_fixtures_2024,Pisilli,Roma,Tutti,name_parts_and_team,1.0,True,1,0,0.0,0.2,2025-06-30,api_football_sidelined
1322,Nikola Moro,Bologna,Bologna,C,C,C,27,2024,22,15,1229,0,2,0,0,0,0,0,0,0,7.138,7.21,22,1.0,1.0,HIGH,False,False,1,0,380,api_football_fixtures_2024,Moro N.,Bologna,Tutti,name_parts_and_team,1.0,True,4,0,0.0,0.2,2025-06-30,api_football_sidelined
31173,Davide Frattesi,Inter,Inter,C,C,C,26,2024,28,9,1223,5,1,0,0,0,0,0,0,0,7.048,7.6,27,0.964,1.0,HIGH,False,False,1,0,380,api_football_fixtures_2024,Frattesi,Inter,Tutti,name_parts_and_team,1.0,True,7,7,63.284,0.422,2025-06-30,api_football_sidelined
275394,Antoine Hainaut,Parma,Parma,C,C,C,23,2024,25,10,1207,2,0,0,0,0,0,0,0,0,6.855,7.01,23,0.92,0.569,HIGH,True,False,4,0,380,api_football_fixtures_2024,Hainaut,Parma,Tutti,name_parts_and_team,1.0,False,0,0,0.0,,2025-06-30,api_football_sidelined
26303,Borna Sosa,Torino,Torino,D,C,D,27,2024,19,14,1185,0,0,1,0,0,0,0,0,0,6.896,6.9,19,1.0,0.573,MEDIUM,True,False,0,0,380,api_football_fixtures_2024,Sosa B.,Torino,Tutti,name_parts_and_team,1.0,True,18,7,96.952,0.512,2025-06-30,api_football_sidelined
178709,Yannik Engelhardt,Como,Como,C,C,C,24,2024,26,11,1185,1,1,0,0,0,0,0,0,0,6.976,7.05,25,0.962,0.848,HIGH,False,False,4,0,380,api_football_fixtures_2024,Engelhardt,Como,Tutti,name_parts_and_team,1.0,False,0,0,0.0,,2025-06-30,api_football_sidelined
130423,Billy Gilmour,Napoli,Napoli,C,C,C,24,2024,26,13,1178,0,1,0,0,0,0,0,0,0,7.064,7.1,20,0.769,1.0,MEDIUM,False,True,0,0,380,api_football_fixtures_2024,Gilmour,Napoli,Tutti,name_parts_and_team,1.0,True,10,3,20.813,0.282,2025-06-30,api_football_sidelined
31273,Tommaso Pobega,Bologna,Bologna,C,C,C,26,2024,21,13,1178,2,2,0,0,0,0,0,0,0,6.936,7.08,21,1.0,1.0,HIGH,False,False,6,2,380,api_football_fixtures_2024,Pobega,Bologna,Tutti,name_parts_and_team,1.0,True,4,3,70.627,0.443,2025-06-30,api_football_sidelined
28744,Þórir Jóhann Helgason,Lecce,Lecce,C,C,C,25,2024,21,13,1157,0,4,0,0,0,0,0,0,0,6.848,7.04,21,1.0,1.0,HIGH,False,False,0,0,380,api_football_fixtures_2024,Helgason,Lecce,Tutti,name_parts_and_team,1.0,True,1,1,10.175,0.241,2025-06-30,api_football_sidelined
178749,Lazar Samardžić,Atalanta,Atalanta,C,C,C,23,2024,31,7,1149,2,1,0,0,0,0,0,0,0,7.012,7.19,31,1.0,0.531,HIGH,True,False,3,0,380,api_football_fixtures_2024,Samardzic,Atalanta,Tutti,name_parts_and_team,1.0,True,3,0,0.0,0.2,2025-06-30,api_football_sidelined
136087,Fabiano Parisi,Fiorentina,Fiorentina,D,C,D,25,2024,26,11,1140,2,0,1,0,0,0,0,0,0,6.857,7.03,25,0.962,0.505,HIGH,True,False,3,0,380,api_football_fixtures_2024,Parisi,Fiorentina,Tutti,name_parts_and_team,1.0,True,1,0,0.0,0.2,2025-06-30,api_football_sidelined
107153,Kike Pérez,Venezia,Venezia,C,C,C,28,2024,16,13,1121,1,0,0,0,0,0,0,0,0,6.984,7.05,16,1.0,1.0,MEDIUM,False,False,4,0,380,api_football_fixtures_2024,Perez K.,Venezia,Tutti,name_parts_and_team,1.0,True,8,5,43.729,0.362,2025-06-30,api_football_sidelined
138777,Faustino Anjorin,Empoli,Empoli,C,C,C,24,2024,22,14,1117,2,3,0,0,0,0,0,0,0,6.953,7.29,22,1.0,1.0,HIGH,False,False,3,0,380,api_football_fixtures_2024,Anjorin,Empoli,Tutti,name_parts_and_team,1.0,True,5,5,101.69,0.524,2025-06-30,api_football_sidelined
314231,Amir Richardson,Fiorentina,Fiorentina,C,C,C,23,2024,27,10,1106,1,1,0,0,0,0,0,0,0,6.769,6.81,27,1.0,0.943,HIGH,False,False,6,0,380,api_football_fixtures_2024,Richardson,Fiorentina,Tutti,name_parts_and_team,1.0,True,1,1,12.44,0.25,2025-06-30,api_football_sidelined
659,Maxence Caqueret,Como,Como,C,C,C,25,2024,18,15,1097,2,3,0,0,0,0,0,0,0,6.985,7.37,18,1.0,1.0,MEDIUM,False,False,4,0,380,api_football_fixtures_2024,Caqueret,Como,Tutti,name_parts_and_team,1.0,True,5,2,24.75,0.296,2025-06-30,api_football_sidelined
136016,Hamza Rafia,Lecce,Lecce,C,C,C,26,2024,18,14,1064,0,0,0,0,0,0,0,0,0,6.939,6.83,18,1.0,0.958,MEDIUM,False,False,4,0,380,api_football_fixtures_2024,Rafia,Lecce,Tutti,name_parts_and_team,1.0,True,3,1,28.69,0.311,2025-06-30,api_football_sidelined
2292,Ruben Loftus-Cheek,AC Milan,AC Milan,C,C,C,29,2024,19,10,1031,0,0,0,0,0,0,0,0,0,6.87,6.79,19,1.0,0.913,MEDIUM,False,False,3,0,380,api_football_fixtures_2024,Loftus-Cheek,Milan,Tutti,name_parts_and_team,1.0,True,27,6,109.353,0.541,2025-06-30,api_football_sidelined
1358,Eljif Elmas,Torino,Torino,C,C,C,26,2024,13,12,1025,4,0,0,0,0,0,0,0,0,6.869,7.79,13,1.0,0.831,MEDIUM,False,False,0,0,380,api_football_fixtures_2024,Elmas,Torino,Tutti,name_parts_and_team,1.0,True,6,5,69.604,0.441,2025-06-30,api_football_sidelined
270507,Cesare Casadei,Torino,Torino,C,C,C,22,2024,15,13,1023,1,1,0,0,0,0,0,0,0,6.996,7.23,15,1.0,0.914,MEDIUM,False,False,1,0,380,api_football_fixtures_2024,Casadei,Torino,Tutti,name_parts_and_team,1.0,False,0,0,0.0,,2025-06-30,api_football_sidelined
322630,Giovanni Fabbian,Bologna,Bologna,C,C,C,22,2024,30,9,1023,3,1,0,0,0,0,0,0,0,6.699,7.0,30,1.0,1.0,HIGH,False,False,2,0,380,api_football_fixtures_2024,Fabbian,Bologna,Tutti,name_parts_and_team,1.0,True,1,1,9.573,0.239,2025-06-30,api_football_sidelined
275776,Kristjan Asllani,Inter,Inter,C,C,C,23,2024,22,10,1014,2,2,0,0,0,2,0,0,0,7.195,7.47,22,1.0,1.0,HIGH,False,False,4,0,380,api_football_fixtures_2024,Asllani,Inter,Tutti,name_parts_and_team,1.0,True,1,1,8.626,0.235,2025-06-30,api_football_sidelined
1639,Marco Brescianini,Atalanta,Atalanta,C,C,C,25,2024,29,9,1010,4,2,0,0,0,0,0,0,0,6.831,7.3,28,0.966,0.559,HIGH,True,False,1,0,380,api_football_fixtures_2024,Brescianini,Atalanta,Tutti,name_parts_and_team,1.0,True,1,1,24.367,0.295,2025-06-30,api_football_sidelined
325,Gianluca Gaetano,Cagliari,Cagliari,C,C,C,25,2024,28,8,1003,2,4,0,0,0,0,0,0,0,6.72,7.08,28,1.0,0.782,HIGH,True,False,0,0,380,api_football_fixtures_2024,Gaetano,Cagliari,Tutti,name_parts_and_team,1.0,True,3,3,69.034,0.439,2025-06-30,api_football_sidelined
44814,Lewis Ferguson,Bologna,Bologna,C,C,C,26,2024,16,10,985,1,1,0,0,0,1,0,0,0,7.069,7.32,16,1.0,1.0,MEDIUM,False,False,0,0,380,api_football_fixtures_2024,Ferguson,Bologna,Tutti,name_parts_and_team,1.0,True,4,4,130.763,0.587,2025-06-30,api_football_sidelined
329,Piotr Zieliński,Inter,Inter,C,C,C,31,2024,26,8,984,2,2,0,0,0,2,0,0,0,7.011,7.32,25,0.962,1.0,HIGH,False,False,0,0,380,api_football_fixtures_2024,Zielinski,Inter,Tutti,name_parts_and_team,1.0,True,7,7,136.622,0.599,2025-06-30,api_football_sidelined
203474,Nicola Zalewski,AS Roma,AS Roma; Inter,C,C,C,23,2024,23,8,981,1,1,0,0,0,0,0,0,0,6.881,6.97,23,1.0,0.855,HIGH,False,False,4,0,380,api_football_fixtures_2024,Zalewski,Inter,Tutti,validated_best_candidate,0.909,True,2,1,28.393,0.309,2025-06-30,api_football_sidelined
31678,Jean-Daniel Akpa Akpro,Monza,Monza,C,C,C,33,2024,14,12,970,0,0,0,0,0,0,0,0,0,6.585,6.44,14,1.0,1.0,MEDIUM,False,False,4,0,380,api_football_fixtures_2024,Akpa Akpro,Monza,Tutti,name_parts_and_team,1.0,True,7,2,43.098,0.36,2025-06-30,api_football_sidelined
30532,Alfred Duncan,Venezia,Venezia,C,C,C,32,2024,16,12,959,0,0,0,0,0,0,0,0,0,6.851,6.79,15,0.938,1.0,MEDIUM,False,False,2,0,380,api_football_fixtures_2024,Duncan,Venezia,Tutti,name_parts_and_team,1.0,True,4,4,109.802,0.542,2025-06-30,api_football_sidelined
144740,Fisayo Dele-Bashiru,Lazio,Lazio,C,C,C,24,2024,20,12,953,3,1,0,0,0,0,0,0,0,6.848,7.35,20,1.0,1.0,HIGH,False,False,0,0,380,api_football_fixtures_2024,Dele-Bashiru,Lazio,Tutti,name_parts_and_team,1.0,True,3,3,40.648,0.352,2025-06-30,api_football_sidelined
31507,Riccardo Sottil,Fiorentina,AC Milan; Fiorentina,C,C,C,26,2024,24,9,952,1,1,0,0,0,0,0,0,0,6.918,7.06,24,1.0,0.605,HIGH,True,False,1,0,380,api_football_fixtures_2024,Sottil,Milan,Tutti,validated_best_candidate,0.871,True,4,4,60.271,0.413,2025-06-30,api_football_sidelined
1696,Samuel Chukwueze,AC Milan,AC Milan,C,C,C,26,2024,26,9,947,3,2,0,0,0,0,0,0,0,7.047,7.47,24,0.923,0.604,HIGH,True,False,0,0,380,api_football_fixtures_2024,Chukwueze,Milan,Tutti,name_parts_and_team,1.0,True,9,5,79.943,0.469,2025-06-30,api_football_sidelined
331046,Issa Doumbia,Venezia,Venezia,C,C,C,22,2024,24,10,943,0,0,0,0,0,0,0,0,0,6.613,6.61,24,1.0,1.0,HIGH,False,False,0,0,380,api_football_fixtures_2024,Doumbia I.,Venezia,Tutti,name_parts_and_team,1.0,True,1,1,10.365,0.242,2025-06-30,api_football_sidelined
31734,Mattia Felici,Cagliari,Cagliari,C,C,C,24,2024,20,9,923,0,3,0,0,0,0,0,0,0,6.665,6.79,20,1.0,0.638,HIGH,True,False,1,0,380,api_football_fixtures_2024,Felici,Cagliari,Tutti,name_parts_and_team,1.0,True,1,1,7.11,0.229,2025-06-30,api_football_sidelined
46170,Ivan Ilić,Torino,Torino,C,C,C,24,2024,19,9,921,1,0,0,0,0,0,0,0,0,6.937,6.99,19,1.0,1.0,MEDIUM,False,False,4,0,380,api_football_fixtures_2024,Ilic,Torino,Tutti,name_parts_and_team,1.0,True,7,6,122.801,0.571,2025-06-30,api_football_sidelined
182560,Oier Zarraga,Udinese,Udinese,C,C,C,26,2024,22,9,896,1,0,0,0,0,0,0,0,0,6.723,6.86,20,0.909,0.863,HIGH,False,False,0,0,380,api_football_fixtures_2024,Zarraga,Udinese,Tutti,name_parts_and_team,1.0,True,3,1,40.279,0.35,2025-06-30,api_football_sidelined
211,Matías Vecino,Lazio,Lazio,C,C,C,34,2024,20,7,875,2,3,0,0,0,0,0,0,0,6.904,7.18,20,1.0,1.0,HIGH,False,False,7,0,380,api_football_fixtures_2024,Vecino,Lazio,Tutti,name_parts_and_team,1.0,True,4,3,64.178,0.425,2025-06-30,api_football_sidelined
867,Grīgorīs Kastanos,Verona,Verona,C,C,C,27,2024,27,8,866,1,1,0,0,0,0,0,0,0,6.791,6.87,27,1.0,0.673,HIGH,True,False,4,0,380,api_football_fixtures_2024,Kastanos,Verona,Tutti,name_parts_and_team,1.0,True,2,2,38.203,0.343,2025-06-30,api_football_sidelined
22229,Jonathan Ikoné,Como,Como; Fiorentina,C,C,C,27,2024,27,6,864,2,0,0,0,0,0,0,0,0,6.731,6.93,27,1.0,0.72,HIGH,True,False,1,0,380,api_football_fixtures_2024,Ikone',Como,Tutti,name_parts_and_team,1.0,True,9,3,19.744,0.278,2025-06-30,api_football_sidelined
286475,Edoardo Bove,Fiorentina,Fiorentina,C,C,C,23,2024,12,11,856,1,2,0,0,0,0,0,0,0,7.125,7.42,12,1.0,0.808,MEDIUM,False,False,3,0,380,api_football_fixtures_2024,Bove,Fiorentina,Tutti,name_parts_and_team,1.0,True,1,0,0.0,0.2,2025-06-30,api_football_sidelined
30436,Matteo Pessina,Monza,Monza,C,C,C,28,2024,11,10,856,0,0,0,0,0,0,0,0,0,6.774,6.68,11,1.0,0.79,MEDIUM,True,False,2,0,380,api_football_fixtures_2024,Pessina,Monza,Tutti,name_parts_and_team,1.0,True,2,2,93.661,0.504,2025-06-30,api_football_sidelined
56396,Junior Messias,Genoa,Genoa,C,C,C,34,2024,17,8,851,1,1,0,0,0,0,1,0,0,6.797,7.0,17,1.0,0.538,MEDIUM,True,False,1,0,380,api_football_fixtures_2024,Messias,Genoa,Tutti,name_parts_and_team,1.0,True,7,7,158.69,0.639,2025-06-30,api_football_sidelined
288769,Tommaso Baldanzi,AS Roma,AS Roma,C,C,C,22,2024,31,5,848,1,1,0,0,0,0,0,0,0,6.659,6.76,30,0.968,0.616,HIGH,True,False,2,0,380,api_football_fixtures_2024,Baldanzi,Roma,Tutti,name_parts_and_team,1.0,True,4,4,34.609,0.331,2025-06-30,api_football_sidelined
866,Juan Cuadrado,Atalanta,Atalanta,D,C,D,37,2024,23,7,825,0,2,0,0,0,0,0,0,0,7.06,7.08,22,0.957,0.875,HIGH,False,False,3,0,380,api_football_fixtures_2024,Cuadrado,Atalanta,Tutti,name_parts_and_team,1.0,True,7,6,136.714,0.599,2025-06-30,api_football_sidelined
48079,Jesper Karlsson,Lecce,Bologna; Lecce,C,C,C,27,2024,20,9,800,2,0,0,0,0,1,0,0,0,6.615,6.84,20,1.0,0.506,HIGH,True,False,3,0,380,api_football_fixtures_2024,Karlsson,Lecce,Tutti,name_parts_and_team,1.0,True,4,4,47.146,0.373,2025-06-30,api_football_sidelined
583,João Félix,AC Milan,AC Milan,A,C,A,26,2024,15,8,767,2,0,0,0,0,0,0,0,0,7.071,7.37,15,1.0,0.571,MEDIUM,True,False,3,0,380,api_football_fixtures_2024,Joao Felix,Milan,Tutti,exact_name,1.0,True,15,2,12.658,0.251,2025-06-30,api_football_sidelined
31615,Gaetano Castrovilli,Monza,Lazio; Monza,C,C,C,28,2024,21,8,759,0,0,0,0,0,0,0,0,0,6.617,6.62,20,0.952,1.0,HIGH,False,False,0,0,380,api_football_fixtures_2024,Castrovilli,Monza,Tutti,name_parts_and_team,1.0,True,4,3,76.033,0.458,2025-06-30,api_football_sidelined
22239,Cheikh Niasse,Verona,Verona,C,C,C,25,2024,11,8,757,0,0,0,0,0,0,0,0,0,6.77,6.59,11,1.0,1.0,MEDIUM,False,False,4,0,380,api_football_fixtures_2024,Niasse,Verona,Tutti,name_parts_and_team,1.0,True,7,6,56.477,0.402,2025-06-30,api_football_sidelined
182280,Kacper Urbański,Monza,Bologna; Monza,C,C,C,21,2024,15,7,755,1,0,0,0,0,0,0,0,0,6.801,6.9,15,1.0,1.0,MEDIUM,False,False,3,0,380,api_football_fixtures_2024,Urbanski,Monza,Tutti,name_parts_and_team,1.0,True,1,1,18.316,0.273,2025-06-30,api_football_sidelined
31390,Pasquale Mazzocchi,Napoli,Napoli,D,C,D,30,2024,20,7,735,0,0,1,0,0,0,0,0,0,6.667,6.62,20,1.0,0.571,HIGH,True,False,2,0,380,api_football_fixtures_2024,Mazzocchi,Napoli,Tutti,name_parts_and_team,1.0,True,2,2,43.729,0.362,2025-06-30,api_football_sidelined
951,Michel Aebischer,Bologna,Bologna,C,C,C,28,2024,14,9,728,0,0,0,0,0,0,0,0,0,6.931,6.86,14,1.0,1.0,MEDIUM,False,False,2,0,380,api_football_fixtures_2024,Aebischer,Bologna,Tutti,name_parts_and_team,1.0,True,4,2,89.524,0.494,2025-06-30,api_football_sidelined
335071,Medon Berisha,Lecce,Lecce,C,C,C,22,2024,17,7,722,0,1,0,0,0,0,0,0,0,6.919,6.83,17,1.0,1.0,MEDIUM,False,False,5,0,380,api_football_fixtures_2024,Berisha M.,Lecce,Tutti,name_parts_and_team,1.0,True,4,2,78.006,0.464,2025-06-30,api_football_sidelined
284570,Brooke Norton-Cuffy,Genoa,Genoa,D,C,D,21,2024,14,8,721,0,0,0,0,0,0,0,0,0,6.531,6.53,13,0.929,0.469,MEDIUM,True,False,0,0,380,api_football_fixtures_2024,Norton-Cuffy,Genoa,Tutti,name_parts_and_team,1.0,True,4,4,85.538,0.484,2025-06-30,api_football_sidelined
346866,Samuel Mbangula,Juventus,Juventus,A,C,A,21,2024,23,7,710,3,3,0,0,0,0,0,0,0,7.144,7.64,19,0.826,0.717,HIGH,True,False,1,0,380,api_football_fixtures_2024,Mbangula,Juventus,Tutti,name_parts_and_team,1.0,True,2,1,20.539,0.281,2025-06-30,api_football_sidelined
137,Sergi Roberto,Como,Como,D,C,D,33,2024,13,8,696,0,1,0,0,0,0,0,0,0,6.748,6.67,13,1.0,1.0,MEDIUM,False,False,4,0,380,api_football_fixtures_2024,Sergi Roberto,Como,Tutti,exact_name,1.0,True,26,9,213.79,0.721,2025-06-30,api_football_sidelined
15905,Magnus Kofod Andersen,Venezia,Venezia,C,C,C,26,2024,14,7,692,1,1,0,0,0,0,0,0,0,6.895,7.14,14,1.0,1.0,MEDIUM,False,False,1,0,380,api_football_fixtures_2024,Andersen M.K.,Venezia,Ceduti,name_parts_and_team,1.0,True,2,1,7.474,0.231,2025-06-30,api_football_sidelined
56851,Michael Folorunsho,Fiorentina,Fiorentina; Napoli,C,C,C,27,2024,20,6,685,0,0,0,0,0,0,0,0,0,6.991,6.87,16,0.8,1.0,HIGH,False,False,5,0,380,api_football_fixtures_2024,Folorunsho,Fiorentina,Tutti,name_parts_and_team,1.0,True,7,6,95.372,0.508,2025-06-30,api_football_sidelined
6409,Nahuel Estévez,Parma,Parma,C,C,C,30,2024,14,7,664,0,0,0,0,0,0,0,0,0,6.757,6.69,14,1.0,1.0,MEDIUM,False,False,2,0,380,api_football_fixtures_2024,Estevez,Parma,Tutti,name_parts_and_team,1.0,True,4,4,91.273,0.498,2025-06-30,api_football_sidelined
22174,Adrien Tameze,Torino,Torino,C,C,C,31,2024,20,9,659,0,0,0,0,0,0,0,0,0,6.627,6.55,17,0.85,0.898,HIGH,False,False,3,0,380,api_football_fixtures_2024,Tameze,Torino,Tutti,name_parts_and_team,1.0,True,6,2,40.578,0.351,2025-06-30,api_football_sidelined
142442,Rui Modesto,Udinese,Udinese,C,C,C,26,2024,20,4,612,0,1,0,0,0,0,0,0,0,6.869,6.89,17,0.85,1.0,HIGH,False,False,1,0,380,api_football_fixtures_2024,Rui Modesto,Udinese,Tutti,exact_name,1.0,True,1,1,2.68,0.211,2025-06-30,api_football_sidelined
118956,Lameck Banda,Lecce,Lecce,A,C,A,24,2024,15,6,609,0,1,0,0,0,0,0,0,0,6.757,6.79,15,1.0,0.88,MEDIUM,False,False,1,0,380,api_football_fixtures_2024,Banda,Lecce,Tutti,name_parts_and_team,1.0,True,6,6,152.389,0.628,2025-06-30,api_football_sidelined
1090,Antoine Bernede,Verona,Verona,C,C,C,26,2024,14,7,598,1,0,0,0,0,0,0,0,0,6.724,6.87,14,1.0,0.821,MEDIUM,False,False,2,0,380,api_football_fixtures_2024,Bernede,Verona,Tutti,name_parts_and_team,1.0,True,2,2,34.141,0.33,2025-06-30,api_football_sidelined
309388,Matteo Prati,Cagliari,Cagliari,C,C,C,22,2024,12,8,579,0,0,0,0,0,0,0,0,0,6.496,6.45,11,0.917,1.0,MEDIUM,False,False,1,0,380,api_football_fixtures_2024,Prati,Cagliari,Tutti,name_parts_and_team,1.0,True,1,1,16.53,0.266,2025-06-30,api_football_sidelined
47522,Douglas Luiz,Juventus,Juventus,C,C,C,27,2024,19,3,522,0,0,0,0,0,0,0,0,0,7.044,6.99,18,0.947,1.0,MEDIUM,False,False,2,0,380,api_football_fixtures_2024,Douglas Luiz,Juventus,Tutti,exact_name,1.0,True,12,5,93.482,0.504,2025-06-30,api_football_sidelined
37437,Abdou Harroui,Verona,Verona,C,C,C,27,2024,10,5,462,1,2,0,0,0,0,0,0,0,6.722,7.17,10,1.0,0.578,MEDIUM,True,False,1,0,380,api_football_fixtures_2024,Harroui,Verona,Tutti,name_parts_and_team,1.0,True,5,4,198.559,0.701,2025-06-30,api_football_sidelined
197779,Mohamed Kaba,Lecce,Lecce,C,C,C,24,2024,15,2,452,0,0,0,0,0,0,0,0,0,6.658,6.62,15,1.0,1.0,MEDIUM,False,False,1,0,380,api_football_fixtures_2024,Kaba,Lecce,Tutti,name_parts_and_team,1.0,True,4,3,85.932,0.485,2025-06-30,api_football_sidelined
91424,Drissa Camara,Parma,Parma,C,C,C,23,2024,21,1,444,0,0,0,0,0,0,0,0,0,6.762,6.69,18,0.857,0.869,HIGH,False,False,3,0,380,api_football_fixtures_2024,Camara D.,Parma,Tutti,name_parts_and_team,1.0,True,1,0,0.0,0.2,2025-06-30,api_football_sidelined
191979,Jacob Ondrejka,Parma,Parma,C,C,C,23,2024,12,3,428,5,0,0,0,0,0,0,0,0,7.586,8.84,12,1.0,0.512,MEDIUM,True,False,0,0,380,api_football_fixtures_2024,Ondrejka,Parma,Tutti,name_parts_and_team,1.0,True,2,1,24.416,0.295,2025-06-30,api_football_sidelined
56207,Paulo Azzi,Cagliari,Cagliari,D,C,D,31,2024,6,5,427,0,0,0,0,0,0,0,0,0,7.011,6.84,6,1.0,0.93,LOW,False,False,2,0,380,api_football_fixtures_2024,Azzi,Cagliari,Ceduti,name_parts_and_team,1.0,False,0,0,0.0,,2025-06-30,api_football_sidelined
42007,Daniel Silva,Verona,Verona,C,C,C,25,2024,11,4,425,0,0,0,0,0,0,0,0,0,6.614,6.57,11,1.0,1.0,MEDIUM,False,False,1,0,380,api_football_fixtures_2024,Dani Silva,Verona,Ceduti,validated_best_candidate,0.993,False,0,0,0.0,,2025-06-30,api_football_sidelined
311083,Cher Ndour,Fiorentina,Fiorentina,C,C,C,21,2024,9,4,407,0,0,0,0,0,0,0,0,0,6.811,6.76,8,0.889,0.845,LOW,False,False,1,0,380,api_football_fixtures_2024,Ndour,Fiorentina,Tutti,name_parts_and_team,1.0,True,4,1,5.624,0.223,2025-06-30,api_football_sidelined
382945,Kevin Zeroli,Monza,AC Milan; Monza,C,C,C,20,2024,9,4,405,0,1,0,0,0,0,0,0,0,6.6,6.71,9,1.0,1.0,LOW,False,False,0,0,380,api_football_fixtures_2024,Zeroli,Monza,Tutti,name_parts_and_team,1.0,True,2,2,54.077,0.395,2025-06-30,api_football_sidelined
1938,Ruslan Malinovskyi,Genoa,Genoa,C,C,C,32,2024,9,4,383,0,2,0,0,0,0,0,0,0,7.127,7.24,9,1.0,0.82,LOW,False,False,2,0,380,api_football_fixtures_2024,Malinovskyi,Genoa,Tutti,name_parts_and_team,1.0,True,3,3,188.037,0.686,2025-06-30,api_football_sidelined
30780,Luca Mazzitelli,Como,Como,C,C,C,30,2024,11,3,358,1,1,0,0,0,0,0,0,0,6.999,7.32,11,1.0,1.0,MEDIUM,False,False,1,0,380,api_football_fixtures_2024,Mazzitelli,Como,Ceduti,name_parts_and_team,1.0,True,4,4,47.551,0.374,2025-06-30,api_football_sidelined
20638,Enzo Le Fée,AS Roma,AS Roma,C,C,C,25,2024,6,4,319,0,0,0,0,0,0,0,0,0,6.836,6.75,6,1.0,1.0,LOW,False,False,1,0,380,api_football_fixtures_2024,Le Fee,Roma,Ceduti,name_parts_and_team,1.0,True,10,7,109.56,0.542,2025-06-30,api_football_sidelined
22016,Rémi Oudin,Lecce,Lecce,C,C,C,29,2024,11,3,308,0,0,0,0,0,0,0,0,0,6.687,6.64,11,1.0,1.0,MEDIUM,False,False,1,0,380,api_football_fixtures_2024,Oudin,Lecce,Ceduti,name_parts_and_team,1.0,True,2,0,0.0,0.2,2025-06-30,api_football_sidelined
3173,Ismaël Bennacer,AC Milan,AC Milan,C,C,C,28,2024,6,4,302,0,0,0,0,0,0,0,0,0,6.988,6.82,6,1.0,1.0,LOW,False,False,2,0,380,api_football_fixtures_2024,Bennacer,Milan,Ceduti,name_parts_and_team,1.0,True,5,5,138.554,0.603,2025-06-30,api_football_sidelined
41748,Jean Onana,Genoa,Genoa,C,C,C,26,2024,9,2,298,0,0,0,0,0,0,0,0,0,6.451,6.4,8,0.889,1.0,LOW,False,False,1,0,380,api_football_fixtures_2024,Onana J.,Genoa,Tutti,name_parts_and_team,1.0,True,5,3,27.821,0.307,2025-06-30,api_football_sidelined
31555,Nicolas Haas,Empoli,Empoli,C,C,C,29,2024,10,2,291,0,0,0,0,0,0,0,0,0,6.763,6.71,9,0.9,1.0,MEDIUM,False,False,1,0,380,api_football_fixtures_2024,Haas,Empoli,Tutti,name_parts_and_team,1.0,True,2,2,125.95,0.577,2025-06-30,api_football_sidelined
353609,Ibrahim Sulemana,Atalanta,Atalanta,C,C,C,22,2024,9,3,282,2,0,0,0,0,0,0,0,0,6.894,7.5,7,0.778,1.0,LOW,False,True,1,0,380,api_football_fixtures_2024,Sulemana I.,Atalanta,Tutti,name_parts_and_team,1.0,True,5,4,47.199,0.373,2025-06-30,api_football_sidelined
128353,Matthias Braunöder,Como,Como,C,C,C,23,2024,8,3,279,0,0,0,0,0,0,0,0,0,6.243,5.93,7,0.875,1.0,LOW,False,False,3,1,380,api_football_fixtures_2024,Braunoder,Como,Tutti,name_parts_and_team,1.0,True,1,0,0.0,0.2,2025-06-30,api_football_sidelined
30535,Stefano Sensi,Monza,Monza,C,C,C,30,2024,12,2,272,1,0,0,0,0,1,0,0,0,6.865,7.12,12,1.0,1.0,MEDIUM,False,False,0,0,380,api_football_fixtures_2024,Sensi,Monza,Tutti,name_parts_and_team,1.0,True,5,4,108.627,0.54,2025-06-30,api_football_sidelined
453906,Honest Ahanor,Genoa,Genoa,D,C,D,17,2024,6,3,270,0,0,0,0,0,0,0,0,0,6.867,6.87,6,1.0,0.504,LOW,True,False,0,0,380,api_football_fixtures_2024,Ahanor,Genoa,Tutti,name_parts_and_team,1.0,True,2,2,114.808,0.554,2025-06-30,api_football_sidelined
30922,Davide Faraoni,Verona,Verona,D,C,D,34,2024,8,3,263,0,0,0,0,0,0,0,0,0,6.835,6.84,7,0.875,0.586,LOW,True,False,0,0,380,api_football_fixtures_2024,Faraoni,Verona,Tutti,name_parts_and_team,1.0,True,7,5,61.592,0.417,2025-06-30,api_football_sidelined
381354,Lior Kasa,Genoa,Genoa,C,C,C,20,2024,8,2,235,0,0,0,0,0,0,0,0,0,6.698,6.57,8,1.0,1.0,LOW,False,False,2,0,380,api_football_fixtures_2024,Kasa,Genoa,Tutti,name_parts_and_team,1.0,True,1,1,22.55,0.288,2025-06-30,api_football_sidelined
286473,Franco Carboni,Venezia,Venezia,D,C,D,22,2024,8,3,228,0,0,0,0,0,0,0,0,0,6.646,6.52,6,0.75,0.746,LOW,True,True,2,0,380,api_football_fixtures_2024,Carboni F.,Venezia,Tutti,name_parts_and_team,1.0,True,4,4,18.354,0.273,2025-06-30,api_football_sidelined
179843,Lucas Gourna-Douath,AS Roma,AS Roma,C,C,C,22,2024,6,2,226,0,0,0,0,0,0,0,0,0,6.698,6.53,6,1.0,1.0,LOW,False,False,2,0,380,api_football_fixtures_2024,Gourna-Douath,Roma,Tutti,name_parts_and_team,1.0,True,3,0,0.0,0.2,2025-06-30,api_football_sidelined
383018,Marco Palestra,Atalanta,Atalanta,D,C,D,20,2024,9,2,218,0,0,0,0,0,0,0,0,0,6.882,6.88,8,0.889,1.0,LOW,False,False,0,0,380,api_football_fixtures_2024,Palestra,Atalanta,Tutti,name_parts_and_team,1.0,True,1,1,47.681,0.375,2025-06-30,api_football_sidelined
44594,Saud Abdulhamid,AS Roma,AS Roma,D,C,D,26,2024,4,2,205,0,1,0,0,0,0,0,0,0,6.795,7.04,4,1.0,0.615,LOW,True,False,0,0,380,api_football_fixtures_2024,Abdulhamid,Roma,Tutti,name_parts_and_team,1.0,True,1,1,33.019,0.326,2025-06-30,api_football_sidelined
2734,Philip Billing,Napoli,Napoli,C,C,C,29,2024,10,1,201,1,0,0,0,0,0,0,0,0,6.802,7.05,10,1.0,1.0,MEDIUM,False,False,1,0,380,api_football_fixtures_2024,Billing,Napoli,Tutti,name_parts_and_team,1.0,True,15,4,28.832,0.311,2025-06-30,api_football_sidelined
74,Sofyan Amrabat,Fiorentina,Fiorentina,C,C,C,29,2024,2,2,180,0,0,0,0,0,0,0,0,0,6.95,6.95,2,1.0,1.0,LOW,False,False,0,0,380,api_football_fixtures_2024,Amrabat,Fiorentina,Ceduti,name_parts_and_team,1.0,True,9,5,33.194,0.326,2025-06-30,api_football_sidelined
203,Roberto Gagliardini,Monza,Monza,C,C,C,31,2024,8,0,176,0,0,0,0,0,0,0,0,0,6.55,6.49,8,1.0,1.0,LOW,False,False,1,0,380,api_football_fixtures_2024,Gagliardini,Monza,Tutti,name_parts_and_team,1.0,True,5,4,179.115,0.673,2025-06-30,api_football_sidelined
28700,Bjarki Steinn Bjarkason,Venezia,Venezia,C,C,C,25,2024,9,1,171,0,0,0,0,0,0,0,0,0,6.639,6.53,7,0.778,1.0,LOW,False,True,2,0,380,api_football_fixtures_2024,Bjarkason,Venezia,Tutti,name_parts_and_team,1.0,True,1,1,54.073,0.395,2025-06-30,api_football_sidelined
199309,Cheick Oumar Conde,Venezia,Venezia,C,C,C,25,2024,9,1,166,0,0,0,0,0,0,0,0,0,6.625,6.51,7,0.778,1.0,LOW,False,True,2,0,380,api_football_fixtures_2024,Condè,Venezia,Tutti,name_parts_and_team,1.0,True,1,1,43.818,0.362,2025-06-30,api_football_sidelined
39286,Emil Bohinen,Genoa,Genoa,C,C,C,26,2024,3,1,165,0,0,0,0,0,0,0,0,0,6.436,6.44,3,1.0,1.0,LOW,False,False,0,0,380,api_football_fixtures_2024,Bohinen,Genoa,Ceduti,name_parts_and_team,1.0,True,1,1,7.972,0.232,2025-06-30,api_football_sidelined
162451,Anass Salah-Eddine,AS Roma,AS Roma,D,C,D,24,2024,3,2,153,0,1,0,0,0,0,0,0,0,6.589,6.92,3,1.0,0.935,LOW,False,False,0,0,380,api_football_fixtures_2024,Salah-Eddine,Roma,Tutti,name_parts_and_team,1.0,True,7,6,40.078,0.35,2025-06-30,api_football_sidelined
452430,Sergiu Perciun,Torino,Torino,C,C,C,19,2024,5,0,148,0,0,0,0,0,0,0,0,0,6.653,6.65,5,1.0,1.0,LOW,False,False,0,0,380,api_football_fixtures_2024,Perciun,Torino,Tutti,name_parts_and_team,1.0,False,0,0,0.0,,2025-06-30,api_football_sidelined
375321,Richie Sagrado,Venezia,Venezia,D,C,D,21,2024,3,3,143,0,0,0,0,0,0,0,0,0,6.626,6.46,3,1.0,0.818,LOW,False,False,1,0,380,api_football_fixtures_2024,Sagrado,Venezia,Tutti,name_parts_and_team,1.0,True,7,6,153.164,0.63,2025-06-30,api_football_sidelined
48406,Domen Črnigoj,Venezia,Venezia,C,C,C,30,2024,8,1,142,0,0,0,0,0,0,0,0,0,6.564,6.56,8,1.0,1.0,LOW,False,False,0,0,380,api_football_fixtures_2024,Crnigoj,Venezia,Tutti,name_parts_and_team,1.0,True,1,1,68.465,0.437,2025-06-30,api_football_sidelined
334,Simone Verdi,Como,Como,C,C,C,33,2024,9,0,125,0,0,0,0,0,0,0,0,0,6.654,6.6,8,0.889,1.0,LOW,False,False,1,0,380,api_football_fixtures_2024,Verdi,Como,Ceduti,name_parts_and_team,1.0,True,1,0,0.0,0.2,2025-06-30,api_football_sidelined
367577,Simone Pafundi,Udinese,Udinese,C,C,C,19,2024,9,0,113,0,0,0,0,0,0,0,0,0,6.643,6.64,9,1.0,1.0,LOW,False,False,0,0,380,api_football_fixtures_2024,Pafundi,Udinese,Tutti,name_parts_and_team,1.0,True,3,3,33.651,0.328,2025-06-30,api_football_sidelined
3014,Szymon Żurkowski,Empoli,Empoli,C,C,C,28,2024,5,0,105,0,0,0,0,0,0,0,0,0,6.55,6.55,5,1.0,1.0,LOW,False,False,0,0,380,api_football_fixtures_2024,Zurkowski,Empoli,Tutti,name_parts_and_team,1.0,True,3,3,115.971,0.556,2025-06-30,api_football_sidelined
51016,Tajon Buchanan,Inter,Inter,C,C,C,26,2024,6,0,94,0,0,0,0,0,0,0,0,0,6.578,6.58,6,1.0,1.0,LOW,False,False,0,0,380,api_football_fixtures_2024,Buchanan T.,Inter,Ceduti,name_parts_and_team,1.0,True,4,4,91.396,0.499,2025-06-30,api_football_sidelined
31493,Filippo Melegoni,Genoa,Genoa,C,C,C,26,2024,3,1,87,0,1,0,0,0,0,0,0,0,6.379,6.71,3,1.0,1.0,LOW,False,False,0,0,380,api_football_fixtures_2024,Melegoni,Genoa,Ceduti,name_parts_and_team,1.0,True,3,0,0.0,0.2,2025-06-30,api_football_sidelined
690,Viktor Kovalenko,Empoli,Empoli,C,C,C,29,2024,6,0,78,0,0,0,0,0,0,0,0,0,6.662,6.66,6,1.0,1.0,LOW,False,False,0,0,380,api_football_fixtures_2024,Kovalenko,Empoli,Tutti,name_parts_and_team,1.0,True,3,3,26.761,0.304,2025-06-30,api_football_sidelined
410396,Mattia Liberali,AC Milan,AC Milan,C,C,C,18,2024,1,1,62,0,0,0,0,0,0,0,0,0,6.9,6.9,1,1.0,1.0,LOW,False,False,0,0,380,api_football_fixtures_2024,Liberali,Milan,Tutti,name_parts_and_team,1.0,False,0,0,0.0,,2025-06-30,api_football_sidelined
368138,Mateusz Kowalski,Parma,Parma,A,C,A,20,2024,1,1,57,0,0,0,0,0,0,0,0,0,6.3,6.3,1,1.0,1.0,LOW,False,False,0,0,380,api_football_fixtures_2024,Kowalski,Parma,Tutti,name_parts_and_team,1.0,True,1,1,105.784,0.533,2025-06-30,api_football_sidelined
30513,Ben Lhassine Kone,Como,Como,C,C,C,25,2024,4,0,53,0,0,0,0,0,0,0,0,0,6.636,6.51,4,1.0,1.0,LOW,False,False,1,0,380,api_football_fixtures_2024,Kone B.,Como,Ceduti,name_parts_and_team,1.0,True,2,1,72.631,0.449,2025-06-30,api_football_sidelined
339872,Vasilije Adžić,Juventus,Juventus,C,C,C,19,2024,6,0,50,0,0,0,0,0,0,0,0,0,6.65,6.65,4,0.667,1.0,LOW,False,True,0,0,380,api_football_fixtures_2024,Adzic,Juventus,Tutti,name_parts_and_team,1.0,True,3,3,61.56,0.417,2025-06-30,api_football_sidelined
30875,Mattia Valoti,Monza,Monza,C,C,C,32,2024,5,0,48,0,0,0,0,0,0,0,0,0,6.457,6.36,4,0.8,1.0,LOW,False,False,1,0,380,api_football_fixtures_2024,Valoti,Monza,Ceduti,name_parts_and_team,1.0,True,2,2,13.733,0.255,2025-06-30,api_football_sidelined
471649,Saad El Haddad,Venezia,Venezia,C,C,C,20,2024,3,0,33,0,0,0,0,0,0,0,0,0,6.373,6.37,3,1.0,1.0,LOW,False,False,0,0,380,api_football_fixtures_2024,El Haddad,Venezia,Tutti,name_parts_and_team,1.0,False,0,0,0.0,,2025-06-30,api_football_sidelined
237,Gastón Pereiro,Genoa,Genoa,C,C,C,30,2024,2,0,29,0,0,0,0,0,0,0,0,0,6.7,6.7,2,1.0,1.0,LOW,False,False,0,0,380,api_football_fixtures_2024,Pereiro,Genoa,Ceduti,name_parts_and_team,1.0,True,1,0,0.0,0.2,2025-06-30,api_football_sidelined
22169,Wylan Cyprien,Parma,Parma,C,C,C,30,2024,2,0,26,0,0,0,0,0,0,0,0,0,6.546,6.55,2,1.0,1.0,LOW,False,False,0,0,380,api_football_fixtures_2024,Cyprien,Parma,Ceduti,name_parts_and_team,1.0,True,9,0,0.0,0.2,2025-06-30,api_football_sidelined
30506,Daniele Baselli,Como,Como,C,C,C,33,2024,2,1,23,0,0,0,0,0,0,0,0,0,6.6,6.6,1,0.5,1.0,LOW,False,True,0,0,380,api_football_fixtures_2024,Baselli,Como,Ceduti,name_parts_and_team,1.0,True,3,3,54.82,0.397,2025-06-30,api_football_sidelined
443501,Federico Cassa,Atalanta,Atalanta,C,C,C,19,2024,2,0,23,0,0,0,0,0,0,0,0,0,6.909,6.91,2,1.0,1.0,LOW,False,False,0,0,380,api_football_fixtures_2024,Cassa,Atalanta,Tutti,name_parts_and_team,1.0,False,0,0,0.0,,2025-06-30,api_football_sidelined
319919,Oussama El Azzouzi,Bologna,Bologna,C,C,C,24,2024,2,0,21,0,0,0,0,0,0,0,0,0,6.805,6.8,2,1.0,1.0,LOW,False,False,0,0,380,api_football_fixtures_2024,El Azzouzi,Bologna,Tutti,name_parts_and_team,1.0,True,7,5,121.373,0.568,2025-06-30,api_football_sidelined
419423,Alberto Manzoni,Atalanta,Atalanta,C,C,C,20,2024,1,0,14,0,0,0,0,0,0,0,0,0,6.6,6.6,1,1.0,1.0,LOW,False,False,0,0,380,api_football_fixtures_2024,Manzoni,Atalanta,Tutti,name_parts_and_team,1.0,False,0,0,0.0,,2025-06-30,api_football_sidelined
40563,Filip Marchwiński,Lecce,Lecce,C,C,C,23,2024,1,0,14,0,0,0,0,0,0,0,0,0,6.7,6.7,1,1.0,1.0,LOW,False,False,0,0,380,api_football_fixtures_2024,Marchwinski,Lecce,Tutti,name_parts_and_team,1.0,True,4,3,159.33,0.641,2025-06-30,api_football_sidelined
327897,Arijon Ibrahimović,Lazio,Lazio,C,C,C,20,2024,1,0,11,0,0,0,0,0,0,0,0,0,6.2,6.2,1,1.0,1.0,LOW,False,False,0,0,380,api_football_fixtures_2024,Ibrahimovic A.,Lazio,Tutti,name_parts_and_team,1.0,True,5,3,52.924,0.391,2025-06-30,api_football_sidelined
172,Dele Alli,Como,Como,C,C,C,29,2024,1,0,10,0,0,0,0,0,0,0,0,0,5.6,4.6,1,1.0,1.0,LOW,False,False,0,1,380,api_football_fixtures_2024,Alli,Como,Tutti,name_parts_and_team,1.0,True,17,2,42.353,0.357,2025-06-30,api_football_sidelined
409411,Ali Jasim Elaibi,Como,Como,A,C,A,21,2024,2,0,9,0,0,0,0,0,0,0,0,0,6.5,6.5,1,0.5,1.0,LOW,False,True,0,0,380,api_football_fixtures_2024,Jasim,Como,Ceduti,name_parts_and_team,1.0,True,1,1,15.146,0.261,2025-06-30,api_football_sidelined
30551,Nunzio Lella,Venezia,Venezia,C,C,C,25,2024,1,0,8,0,0,0,0,0,0,0,0,0,6.7,6.7,1,1.0,1.0,LOW,False,False,0,0,380,api_football_fixtures_2024,Lella,Venezia,Ceduti,name_parts_and_team,1.0,False,0,0,0.0,,2025-06-30,api_football_sidelined
15719,Oliver Abildgaard,Como,Como,C,C,C,29,2024,1,0,7,0,0,0,0,0,0,0,0,0,0.0,0.0,0,0.0,1.0,LOW,False,True,0,0,380,api_football_fixtures_2024,Abildgaard,Como,Ceduti,name_parts_and_team,1.0,True,1,1,11.017,0.245,2025-06-30,api_football_sidelined
1807,Evan Ndicka,AS Roma,AS Roma,D,D,D,26,2024,38,38,3429,0,1,16,0,0,0,0,0,0,7.087,7.09,38,1.0,1.0,HIGH,False,False,2,0,380,api_football_fixtures_2024,N'Dicka,Roma,Tutti,name_parts_and_team,1.0,True,5,1,3.63,0.215,2025-06-30,api_football_sidelined
127035,Federico Baschirotto,Lecce,Lecce,D,D,D,29,2024,38,38,3420,2,0,9,0,0,0,0,0,0,6.932,7.05,38,1.0,1.0,HIGH,False,False,3,0,380,api_football_fixtures_2024,Baschirotto,Lecce,Tutti,name_parts_and_team,1.0,True,2,0,0.0,0.2,2025-06-30,api_football_sidelined
1314,Amir Rrahmani,Napoli,Napoli,D,D,D,31,2024,38,38,3407,1,3,19,0,0,0,0,0,0,7.295,7.43,38,1.0,1.0,HIGH,False,False,2,0,380,api_football_fixtures_2024,Rrahmani,Napoli,Tutti,name_parts_and_team,1.0,True,3,2,11.308,0.246,2025-06-30,api_football_sidelined
31042,Giovanni Di Lorenzo,Napoli,Napoli,D,D,D,32,2024,37,37,3330,3,2,18,0,0,0,0,0,0,7.205,7.42,37,1.0,0.973,HIGH,False,False,6,0,380,api_football_fixtures_2024,Di Lorenzo,Napoli,Tutti,name_parts_and_team,1.0,True,1,0,0.0,0.2,2025-06-30,api_football_sidelined
319,Sebastiano Luperto,Cagliari,Cagliari,D,D,D,29,2024,36,36,3249,1,3,7,0,0,0,0,0,0,6.845,6.96,36,1.0,1.0,HIGH,False,False,4,0,380,api_football_fixtures_2024,Luperto,Cagliari,Tutti,name_parts_and_team,1.0,True,2,1,8.912,0.236,2025-06-30,api_football_sidelined
30425,Gianluca Mancini,AS Roma,AS Roma,D,D,D,29,2024,37,36,3153,2,0,14,0,0,0,0,0,0,7.012,7.07,37,1.0,1.0,HIGH,False,False,8,0,380,api_football_fixtures_2024,Mancini,Roma,Tutti,name_parts_and_team,1.0,True,3,2,8.381,0.234,2025-06-30,api_football_sidelined
37651,Jay Idzes,Venezia,Venezia,D,D,D,25,2024,35,35,3128,1,0,6,0,0,0,0,0,0,6.809,6.82,35,1.0,1.0,HIGH,False,False,5,0,380,api_football_fixtures_2024,Idzes,Venezia,Tutti,name_parts_and_team,1.0,True,1,0,0.0,0.2,2025-06-30,api_football_sidelined
41144,Dodô,Fiorentina,Fiorentina,D,D,D,27,2024,35,35,3119,0,5,7,0,0,0,0,0,0,7.006,7.04,35,1.0,0.512,HIGH,True,False,8,0,380,api_football_fixtures_2024,Dodo',Fiorentina,Tutti,exact_name,1.0,True,2,1,48.863,0.378,2025-06-30,api_football_sidelined
25914,Aarón Martín,Genoa,Genoa,D,D,D,28,2024,36,35,3088,0,8,7,0,0,0,0,0,0,7.072,7.22,36,1.0,0.615,HIGH,True,False,5,0,380,api_football_fixtures_2024,Martin,Genoa,Tutti,name_parts_and_team,1.0,True,4,2,25.828,0.3,2025-06-30,api_football_sidelined
31642,Luca Ranieri,Fiorentina,Fiorentina,D,D,D,26,2024,36,35,3077,1,3,12,0,0,0,0,0,0,6.991,7.06,36,1.0,1.0,HIGH,False,False,7,0,380,api_football_fixtures_2024,Ranieri L.,Fiorentina,Tutti,name_parts_and_team,1.0,True,1,1,5.132,0.221,2025-06-30,api_football_sidelined
200,Gabriele Zappa,Cagliari,Cagliari,D,D,D,26,2024,37,35,3062,2,0,5,0,0,0,0,0,0,6.821,6.93,36,0.973,1.0,HIGH,False,False,4,0,380,api_football_fixtures_2024,Zappa,Cagliari,Tutti,name_parts_and_team,1.0,True,2,1,18.7,0.274,2025-06-30,api_football_sidelined
35544,Johan Vásquez,Genoa,Genoa,D,D,D,27,2024,36,34,3041,3,0,10,0,0,0,0,0,0,7.146,7.27,36,1.0,1.0,HIGH,False,False,9,0,380,api_football_fixtures_2024,Vasquez,Genoa,Tutti,name_parts_and_team,1.0,True,2,2,50.69,0.384,2025-06-30,api_football_sidelined
37604,Sam Beukema,Bologna,Bologna,D,D,D,27,2024,35,33,3016,0,1,11,0,0,0,0,0,0,7.008,7.02,35,1.0,1.0,HIGH,False,False,1,0,380,api_football_fixtures_2024,Beukema,Bologna,Tutti,name_parts_and_team,1.0,True,2,2,18.439,0.273,2025-06-30,api_football_sidelined
833,Jaka Bijol,Udinese,Udinese,D,D,D,26,2024,34,34,2964,1,0,8,0,0,0,0,0,0,6.957,6.82,34,1.0,1.0,HIGH,False,False,13,1,380,api_football_fixtures_2024,Bijol,Udinese,Tutti,name_parts_and_team,1.0,True,3,3,59.097,0.41,2025-06-30,api_football_sidelined
30420,Enrico Del Prato,Parma,Parma,D,D,D,26,2024,34,32,2946,4,0,4,0,0,0,0,0,0,7.01,7.25,34,1.0,0.878,HIGH,False,False,8,0,380,api_football_fixtures_2024,Delprato,Parma,Tutti,validated_best_candidate,0.92,True,1,1,13.27,0.253,2025-06-30,api_football_sidelined
342063,Diego Coppola,Verona,Verona,D,D,D,22,2024,34,33,2926,2,0,8,0,0,0,0,0,0,6.932,6.96,33,0.971,1.0,HIGH,False,False,10,0,380,api_football_fixtures_2024,Coppola D.,Verona,Tutti,name_parts_and_team,1.0,True,3,0,0.0,0.2,2025-06-30,api_football_sidelined
91358,Emanuele Valeri,Parma,Parma,D,D,D,27,2024,35,34,2878,2,6,4,0,0,1,0,0,0,6.874,7.2,35,1.0,0.83,HIGH,False,False,1,0,380,api_football_fixtures_2024,Valeri,Parma,Tutti,name_parts_and_team,1.0,True,3,3,33.923,0.329,2025-06-30,api_football_sidelined
122468,Saul Coco,Torino,Torino,D,D,D,26,2024,32,32,2847,2,0,9,0,0,0,0,0,0,6.999,7.03,32,1.0,1.0,HIGH,False,False,10,0,380,api_football_fixtures_2024,Coco,Torino,Tutti,name_parts_and_team,1.0,True,3,3,32.506,0.324,2025-06-30,api_football_sidelined
162952,Mario Gila Fuentes,Lazio,Lazio,D,D,D,25,2024,32,31,2742,1,0,8,0,0,0,0,0,0,7.033,7.0,32,1.0,1.0,HIGH,False,False,8,0,380,api_football_fixtures_2024,Gila,Lazio,Tutti,name_parts_and_team,1.0,True,3,2,28.849,0.311,2025-06-30,api_football_sidelined
46792,Pablo Marí,Monza,Fiorentina; Monza,D,D,D,32,2024,32,31,2727,0,0,6,0,0,0,0,0,0,7.063,6.94,32,1.0,1.0,HIGH,False,False,6,1,380,api_football_fixtures_2024,Mari',Fiorentina,Tutti,validated_best_candidate,0.871,True,10,5,50.444,0.383,2025-06-30,api_football_sidelined
47300,Theo Hernández,AC Milan,AC Milan,D,D,D,28,2024,33,30,2696,4,3,7,0,0,0,1,0,0,7.251,7.61,33,1.0,0.836,HIGH,False,False,4,1,380,api_football_fixtures_2024,Hernandez T.,Milan,Tutti,name_parts_and_team,1.0,True,4,2,13.736,0.255,2025-06-30,api_football_sidelined
1632,Alessio Romagnoli,Lazio,Lazio,D,D,D,30,2024,32,31,2674,2,0,5,0,0,0,0,0,0,7.043,7.11,32,1.0,1.0,HIGH,False,False,4,2,380,api_football_fixtures_2024,Romagnoli,Lazio,Tutti,name_parts_and_team,1.0,True,6,5,56.914,0.403,2025-06-30,api_football_sidelined
30421,Berat Djimsiti,Atalanta,Atalanta,D,D,D,32,2024,34,32,2652,1,2,9,0,0,0,0,0,0,7.154,7.21,34,1.0,1.0,HIGH,False,False,6,0,380,api_football_fixtures_2024,Djimsiti,Atalanta,Tutti,name_parts_and_team,1.0,True,7,7,68.307,0.437,2025-06-30,api_football_sidelined
26301,Marc-Oliver Kempf,Como,Como,D,D,D,30,2024,31,30,2617,0,0,6,0,0,0,0,0,0,7.058,6.93,31,1.0,0.966,HIGH,False,False,6,1,380,api_football_fixtures_2024,Kempf,Como,Tutti,name_parts_and_team,1.0,True,5,1,17.299,0.269,2025-06-30,api_football_sidelined
31543,Antonino Gallo,Lecce,Lecce,D,D,D,25,2024,31,31,2615,0,2,9,0,0,0,0,0,0,6.961,6.94,31,1.0,0.983,HIGH,False,False,3,1,380,api_football_fixtures_2024,Gallo,Lecce,Tutti,name_parts_and_team,1.0,True,3,3,45.225,0.367,2025-06-30,api_football_sidelined
1929,Jhon Lucumí,Bologna,Bologna,D,D,D,27,2024,32,29,2613,0,1,10,0,0,0,0,0,0,6.951,6.83,32,1.0,1.0,HIGH,False,False,8,1,380,api_football_fixtures_2024,Lucumi',Bologna,Tutti,name_parts_and_team,1.0,True,3,2,35.704,0.335,2025-06-30,api_football_sidelined
2484,Yerry Mina,Cagliari,Cagliari,D,D,D,31,2024,31,31,2585,1,0,5,0,0,0,0,0,0,7.124,7.09,31,1.0,1.0,HIGH,False,False,6,1,380,api_football_fixtures_2024,Mina,Cagliari,Tutti,name_parts_and_team,1.0,True,24,7,83.565,0.479,2025-06-30,api_football_sidelined
180510,Mattia Viti,Empoli,Empoli,D,D,D,23,2024,30,30,2576,1,0,6,0,0,0,0,0,0,6.851,6.9,30,1.0,1.0,HIGH,False,False,3,0,380,api_football_fixtures_2024,Viti,Empoli,Tutti,name_parts_and_team,1.0,True,10,10,133.746,0.593,2025-06-30,api_football_sidelined
318053,Saba Goglichidze,Empoli,Empoli,D,D,D,21,2024,33,29,2546,0,1,4,0,0,0,0,0,0,6.695,6.65,33,1.0,1.0,HIGH,False,False,3,1,380,api_football_fixtures_2024,Goglichidze,Empoli,Tutti,name_parts_and_team,1.0,True,1,0,0.0,0.2,2025-06-30,api_football_sidelined
31073,Edoardo Goldaniga,Como,Como,D,D,D,32,2024,32,28,2543,1,0,7,0,0,0,0,0,0,6.738,6.61,32,1.0,1.0,HIGH,False,False,12,1,380,api_football_fixtures_2024,Goldaniga,Como,Tutti,name_parts_and_team,1.0,True,17,0,0.0,0.2,2025-06-30,api_football_sidelined
30422,Robin Gosens,Fiorentina,Fiorentina,D,D,D,31,2024,32,29,2527,5,5,7,0,0,0,0,0,0,7.139,7.67,32,1.0,0.603,HIGH,True,False,6,0,380,api_football_fixtures_2024,Gosens,Fiorentina,Tutti,name_parts_and_team,1.0,True,6,2,27.616,0.307,2025-06-30,api_football_sidelined
14329,Ardian Ismajli,Empoli,Empoli,D,D,D,29,2024,29,29,2510,0,0,5,0,0,0,0,0,0,7.072,7.02,29,1.0,1.0,HIGH,False,False,3,0,380,api_football_fixtures_2024,Ismajli,Empoli,Tutti,name_parts_and_team,1.0,True,8,7,115.863,0.556,2025-06-30,api_football_sidelined
21636,Frédéric Guilbert,Lecce,Lecce,D,D,D,31,2024,31,31,2451,0,1,9,0,0,0,0,0,0,6.901,6.82,31,1.0,0.963,HIGH,False,False,3,2,380,api_football_fixtures_2024,Guilbert,Lecce,Tutti,name_parts_and_team,1.0,True,7,1,8.692,0.235,2025-06-30,api_football_sidelined
30501,Armando Izzo,Monza,Monza,D,D,D,33,2024,30,28,2444,1,1,3,0,0,0,0,0,0,6.882,6.82,30,1.0,1.0,HIGH,False,False,12,0,380,api_football_fixtures_2024,Izzo,Monza,Tutti,name_parts_and_team,1.0,True,5,5,79.888,0.469,2025-06-30,api_football_sidelined
31009,Alessandro Bastoni,Inter,Inter,D,D,D,26,2024,33,31,2420,1,5,14,0,0,0,0,0,0,7.292,7.41,33,1.0,0.963,HIGH,False,False,6,1,380,api_football_fixtures_2024,Bastoni,Inter,Tutti,name_parts_and_team,1.0,True,4,4,29.148,0.312,2025-06-30,api_football_sidelined
47254,Mathías Olivera,Napoli,Napoli,D,D,D,28,2024,32,26,2371,0,2,14,0,0,0,0,0,0,7.132,7.13,32,1.0,0.943,HIGH,False,False,4,0,380,api_football_fixtures_2024,Olivera,Napoli,Tutti,name_parts_and_team,1.0,True,10,5,84.897,0.482,2025-06-30,api_football_sidelined
1844,Adam Marušić,Lazio,Lazio,D,D,D,33,2024,35,26,2341,4,0,4,0,0,0,0,0,0,6.802,7.13,34,0.971,0.942,HIGH,False,False,1,0,380,api_football_fixtures_2024,Marusic,Lazio,Tutti,name_parts_and_team,1.0,True,3,3,18.57,0.274,2025-06-30,api_football_sidelined
2553,Guillermo Maripán,Torino,Torino,D,D,D,31,2024,28,27,2341,1,1,6,0,0,0,0,0,0,7.014,7.05,28,1.0,1.0,HIGH,False,False,4,1,380,api_football_fixtures_2024,Maripan,Torino,Tutti,name_parts_and_team,1.0,True,11,5,47.485,0.374,2025-06-30,api_football_sidelined
162188,Pierre Kalulu,Juventus,Juventus,D,D,D,25,2024,29,25,2335,1,0,10,0,0,0,0,0,0,7.003,7.04,29,1.0,1.0,HIGH,False,False,2,1,380,api_football_fixtures_2024,Kalulu,Juventus,Tutti,name_parts_and_team,1.0,True,3,3,87.812,0.49,2025-06-30,api_football_sidelined
137976,Isak Hien,Atalanta,Atalanta,D,D,D,26,2024,30,27,2325,0,0,11,0,0,0,0,0,0,6.945,6.78,30,1.0,1.0,HIGH,False,False,10,0,380,api_football_fixtures_2024,Hien,Atalanta,Tutti,name_parts_and_team,1.0,True,7,4,50.141,0.382,2025-06-30,api_football_sidelined
134,Juan Miranda,Bologna,Bologna,D,D,D,25,2024,31,25,2291,0,6,8,0,0,0,0,0,0,7.197,7.29,31,1.0,1.0,HIGH,False,False,4,1,380,api_football_fixtures_2024,Miranda J.,Bologna,Tutti,name_parts_and_team,1.0,True,8,3,29.072,0.312,2025-06-30,api_football_sidelined
22222,Zeki Çelik,AS Roma,AS Roma,D,D,D,28,2024,31,27,2261,0,2,8,0,0,0,0,0,0,7.041,7.02,31,1.0,0.622,HIGH,True,False,5,0,380,api_football_fixtures_2024,Celik,Roma,Tutti,name_parts_and_team,1.0,True,9,3,41.97,0.356,2025-06-30,api_football_sidelined
127011,Andrea Cambiaso,Juventus,Juventus,D,D,D,25,2024,33,25,2222,2,3,10,0,0,0,0,0,0,7.11,7.32,33,1.0,0.75,HIGH,True,False,4,0,380,api_football_fixtures_2024,Cambiaso,Juventus,Tutti,name_parts_and_team,1.0,True,4,4,68.269,0.437,2025-06-30,api_football_sidelined
268341,Federico Gatti,Juventus,Juventus,D,D,D,27,2024,30,26,2213,1,0,12,0,0,0,0,0,0,7.07,7.14,30,1.0,1.0,HIGH,False,False,2,0,380,api_football_fixtures_2024,Gatti,Juventus,Tutti,name_parts_and_team,1.0,True,2,2,49.131,0.379,2025-06-30,api_football_sidelined
396637,Pietro Comuzzo,Fiorentina,Fiorentina,D,D,D,20,2024,33,24,2202,1,0,7,0,0,0,0,0,0,6.939,6.95,33,1.0,1.0,HIGH,False,False,5,0,380,api_football_fixtures_2024,Comuzzo,Fiorentina,Tutti,name_parts_and_team,1.0,True,3,1,11.08,0.245,2025-06-30,api_football_sidelined
193270,Andrea Carboni,Monza,Monza,D,D,D,24,2024,26,25,2196,0,1,2,0,0,0,0,0,0,6.831,6.77,26,1.0,0.959,HIGH,False,False,5,0,380,api_football_fixtures_2024,Carboni A.,Monza,Tutti,name_parts_and_team,1.0,True,4,4,77.545,0.463,2025-06-30,api_football_sidelined
56473,Matteo Gabbia,AC Milan,AC Milan,D,D,D,26,2024,26,24,2161,2,0,10,0,0,0,0,0,0,7.071,7.22,26,1.0,1.0,HIGH,False,False,4,0,380,api_football_fixtures_2024,Gabbia,Milan,Tutti,name_parts_and_team,1.0,True,5,5,41.791,0.355,2025-06-30,api_football_sidelined
291589,Kialonda Gaspar,Lecce,Lecce,D,D,D,28,2024,24,24,2143,0,1,6,0,0,0,0,0,0,7.135,7.11,24,1.0,1.0,HIGH,False,False,3,0,380,api_football_fixtures_2024,Gaspar K.,Lecce,Tutti,name_parts_and_team,1.0,True,2,2,56.647,0.402,2025-06-30,api_football_sidelined
162141,Koni De Winter,Genoa,Genoa,D,D,D,23,2024,25,23,2133,3,0,7,0,0,0,0,0,0,6.831,7.07,25,1.0,1.0,HIGH,False,False,6,0,380,api_football_fixtures_2024,De Winter,Genoa,Tutti,name_parts_and_team,1.0,True,3,3,62.807,0.421,2025-06-30,api_football_sidelined
31137,Stefano Sabelli,Genoa,Genoa,D,D,D,32,2024,34,23,2069,0,2,5,0,0,0,0,0,0,6.783,6.8,33,0.971,0.748,HIGH,True,False,3,0,380,api_football_fixtures_2024,Sabelli,Genoa,Tutti,name_parts_and_team,1.0,True,1,1,7.632,0.231,2025-06-30,api_football_sidelined
180763,Botond Balogh,Parma,Parma,D,D,D,23,2024,29,23,2053,0,1,4,0,0,0,0,0,0,6.916,6.86,29,1.0,1.0,HIGH,False,False,5,0,380,api_football_fixtures_2024,Balogh,Parma,Tutti,name_parts_and_team,1.0,True,5,5,43.006,0.359,2025-06-30,api_football_sidelined
342019,Daniele Ghilardi,Verona,Verona,D,D,D,22,2024,24,21,2031,0,0,5,0,0,0,0,0,0,6.9,6.71,24,1.0,1.0,HIGH,False,False,7,1,380,api_football_fixtures_2024,Ghilardi,Verona,Tutti,name_parts_and_team,1.0,True,1,0,0.0,0.2,2025-06-30,api_football_sidelined
31226,Alessandro Buongiorno,Napoli,Napoli,D,D,D,26,2024,22,22,1926,1,0,11,0,0,0,0,0,0,7.19,7.28,22,1.0,1.0,HIGH,False,False,2,0,380,api_football_fixtures_2024,Buongiorno,Napoli,Tutti,name_parts_and_team,1.0,True,5,5,103.973,0.529,2025-06-30,api_football_sidelined
18799,Adam Masina,Torino,Torino,D,D,D,31,2024,28,20,1925,1,2,6,0,0,0,0,0,0,6.964,7.05,27,0.964,1.0,HIGH,False,False,5,0,380,api_football_fixtures_2024,Masina,Torino,Tutti,name_parts_and_team,1.0,True,6,1,8.805,0.236,2025-06-30,api_football_sidelined
1442,Sead Kolašinac,Atalanta,Atalanta,D,D,D,32,2024,23,23,1910,0,2,8,0,0,0,0,0,0,7.01,6.94,23,1.0,1.0,HIGH,False,False,7,0,380,api_football_fixtures_2024,Kolasinac,Atalanta,Tutti,name_parts_and_team,1.0,True,28,10,165.488,0.651,2025-06-30,api_football_sidelined
45826,Strahinja Pavlović,AC Milan,AC Milan,D,D,D,24,2024,24,21,1869,2,1,7,0,0,0,0,0,0,7.183,7.37,23,0.958,1.0,HIGH,False,False,3,1,380,api_football_fixtures_2024,Pavlovic,Milan,Tutti,name_parts_and_team,1.0,True,1,0,0.0,0.2,2025-06-30,api_football_sidelined
30921,Paweł Dawidowicz,Verona,Verona,D,D,D,30,2024,26,24,1852,0,0,5,0,0,0,0,0,0,6.655,6.48,26,1.0,0.745,HIGH,True,False,7,1,380,api_football_fixtures_2024,Dawidowicz,Verona,Tutti,name_parts_and_team,1.0,True,6,6,86.599,0.486,2025-06-30,api_football_sidelined
40582,Sebastian Walukiewicz,Torino,Empoli; Torino,D,D,D,25,2024,31,22,1848,0,0,5,0,0,0,0,0,0,6.757,6.66,29,0.935,0.976,HIGH,False,False,6,0,380,api_football_fixtures_2024,Walukiewicz,Torino,Tutti,name_parts_and_team,1.0,True,4,4,49.495,0.38,2025-06-30,api_football_sidelined
32034,Alberto Dossena,Como,Como,D,D,D,27,2024,23,20,1829,0,2,1,0,0,0,0,0,0,6.84,6.86,23,1.0,1.0,HIGH,False,False,1,1,380,api_football_fixtures_2024,Dossena,Como,Tutti,name_parts_and_team,1.0,True,3,3,117.609,0.56,2025-06-30,api_football_sidelined
8586,Mërgim Vojvoda,Torino,Como; Torino,D,D,D,30,2024,28,20,1826,1,2,6,0,0,0,0,0,0,6.864,6.94,27,0.964,0.781,HIGH,True,False,6,0,380,api_football_fixtures_2024,Vojvoda,Como,Tutti,validated_best_candidate,0.9,True,4,4,60.298,0.413,2025-06-30,api_football_sidelined
163189,Malick Thiaw,AC Milan,AC Milan,D,D,D,24,2024,22,19,1803,0,0,7,0,0,0,0,0,0,7.001,6.96,22,1.0,1.0,HIGH,False,False,2,0,380,api_football_fixtures_2024,Thiaw,Milan,Tutti,name_parts_and_team,1.0,True,4,4,73.583,0.452,2025-06-30,api_football_sidelined
281495,Thomas Kristensen,Udinese,Udinese,D,D,D,23,2024,24,19,1770,1,0,4,0,0,0,0,0,0,6.747,6.77,24,1.0,1.0,HIGH,False,False,5,0,380,api_football_fixtures_2024,Kristensen T.,Udinese,Tutti,name_parts_and_team,1.0,True,4,3,70.962,0.444,2025-06-30,api_football_sidelined
288,Alberto Moreno,Como,Como,D,D,D,33,2024,24,21,1741,0,0,3,0,0,0,0,0,0,6.747,6.66,24,1.0,0.948,HIGH,False,False,4,0,380,api_football_fixtures_2024,Moreno Alb.,Como,Tutti,validated_best_candidate,0.97,True,19,7,93.925,0.505,2025-06-30,api_football_sidelined
181806,Nicolò Savona,Juventus,Juventus,D,D,D,22,2024,28,19,1726,2,1,6,0,0,0,0,0,0,6.856,7.02,27,0.964,1.0,HIGH,False,False,5,0,380,api_football_fixtures_2024,Savona,Juventus,Tutti,name_parts_and_team,1.0,True,4,4,51.176,0.386,2025-06-30,api_football_sidelined
194,Stefan de Vrij,Inter,Inter,D,D,D,33,2024,26,18,1719,3,0,10,0,0,0,0,0,0,7.197,7.5,25,0.962,1.0,HIGH,False,False,2,0,380,api_football_fixtures_2024,De Vrij,Inter,Tutti,name_parts_and_team,1.0,True,9,6,70.306,0.443,2025-06-30,api_football_sidelined
1836,Francesco Acerbi,Inter,Inter,D,D,D,37,2024,23,20,1714,0,1,4,0,0,0,0,0,0,7.198,7.24,23,1.0,1.0,HIGH,False,False,0,0,380,api_football_fixtures_2024,Acerbi,Inter,Tutti,name_parts_and_team,1.0,True,5,5,84.259,0.48,2025-06-30,api_football_sidelined
41577,Nuno Tavares,Lazio,Lazio,D,D,D,25,2024,23,22,1699,0,8,4,0,0,0,0,0,0,7.088,7.31,23,1.0,1.0,HIGH,False,False,4,1,380,api_football_fixtures_2024,Tavares N.,Lazio,Tutti,name_parts_and_team,1.0,True,10,10,145.869,0.616,2025-06-30,api_football_sidelined
10238,Carlos Augusto,Inter,Inter,D,D,D,26,2024,29,15,1681,3,2,3,0,0,0,0,0,0,7.262,7.62,29,1.0,0.662,HIGH,True,False,1,0,380,api_football_fixtures_2024,Carlos Augusto,Inter,Tutti,exact_name,1.0,True,4,4,58.495,0.408,2025-06-30,api_football_sidelined
656,Oumar Solet,Udinese,Udinese,D,D,D,25,2024,19,19,1674,1,2,6,0,0,0,0,0,0,7.259,7.39,19,1.0,1.0,MEDIUM,False,False,3,1,380,api_football_fixtures_2024,Solet,Udinese,Tutti,name_parts_and_team,1.0,True,1,0,0.0,0.2,2025-06-30,api_football_sidelined
24953,Yann Bisseck,Inter,Inter,D,D,D,25,2024,27,17,1645,3,2,6,0,0,0,0,0,0,7.087,7.42,27,1.0,1.0,HIGH,False,False,4,0,380,api_football_fixtures_2024,Bisseck,Inter,Tutti,name_parts_and_team,1.0,True,3,3,50.126,0.382,2025-06-30,api_football_sidelined
19209,Fikayo Tomori,AC Milan,AC Milan,D,D,D,28,2024,22,19,1611,0,1,4,0,0,0,0,0,0,6.995,6.9,22,1.0,1.0,HIGH,False,False,4,1,380,api_football_fixtures_2024,Tomori,Milan,Tutti,name_parts_and_team,1.0,True,3,1,26.839,0.304,2025-06-30,api_football_sidelined
30396,Cristiano Biraghi,Torino,Fiorentina; Torino,D,D,D,33,2024,23,18,1600,1,0,4,0,0,0,0,0,0,7.14,7.25,23,1.0,0.907,HIGH,False,False,1,0,380,api_football_fixtures_2024,Biraghi,Torino,Tutti,name_parts_and_team,1.0,True,2,2,12.198,0.249,2025-06-30,api_football_sidelined
2725,Benjamin Pavard,Inter,Inter,D,D,D,29,2024,23,18,1584,0,1,6,0,0,0,0,0,0,7.113,7.07,23,1.0,1.0,HIGH,False,False,4,0,380,api_football_fixtures_2024,Pavard,Inter,Tutti,name_parts_and_team,1.0,True,15,5,96.844,0.512,2025-06-30,api_football_sidelined
6221,Lautaro Valenti,Parma,Parma,D,D,D,26,2024,20,18,1557,1,0,5,0,0,0,0,0,0,6.856,6.81,20,1.0,1.0,HIGH,False,False,6,1,380,api_football_fixtures_2024,Valenti,Parma,Tutti,name_parts_and_team,1.0,True,5,4,57.547,0.405,2025-06-30,api_football_sidelined
862,Leonardo Spinazzola,Napoli,Napoli,D,D,D,32,2024,27,17,1536,1,1,5,0,0,0,0,0,0,6.988,7.12,26,0.963,0.577,HIGH,True,False,1,0,380,api_football_fixtures_2024,Spinazzola,Napoli,Tutti,name_parts_and_team,1.0,True,9,8,100.952,0.522,2025-06-30,api_football_sidelined
41371,Fali Candé,Venezia,Venezia,D,D,D,27,2024,17,17,1530,1,1,4,0,0,0,0,0,0,6.941,7.06,17,1.0,1.0,MEDIUM,False,False,4,0,380,api_football_fixtures_2024,Candè,Venezia,Tutti,name_parts_and_team,1.0,True,1,0,0.0,0.2,2025-06-30,api_football_sidelined
30736,Mattia Bani,Genoa,Genoa,D,D,D,32,2024,20,19,1511,0,0,6,0,0,0,0,0,0,6.857,6.78,20,1.0,1.0,HIGH,False,False,3,0,380,api_football_fixtures_2024,Bani,Genoa,Tutti,name_parts_and_team,1.0,True,8,8,149.045,0.622,2025-06-30,api_football_sidelined
31521,Alessandro Vogliacco,Parma,Genoa; Parma,D,D,D,27,2024,22,18,1488,2,0,3,0,0,0,0,0,0,6.801,6.96,22,1.0,1.0,HIGH,False,False,5,0,380,api_football_fixtures_2024,Vogliacco,Parma,Tutti,name_parts_and_team,1.0,True,2,2,39.037,0.346,2025-06-30,api_football_sidelined
30866,Manuel Lazzari,Lazio,Lazio,D,D,D,32,2024,25,16,1415,0,1,2,0,0,0,0,0,0,6.9,6.88,24,0.96,0.856,HIGH,False,False,3,0,380,api_football_fixtures_2024,Lazzari,Lazio,Tutti,name_parts_and_team,1.0,True,9,7,138.882,0.603,2025-06-30,api_football_sidelined
23253,Gaby Jean,Lecce,Lecce,D,D,D,25,2024,19,16,1387,0,0,3,0,0,0,0,0,0,6.678,6.68,18,0.947,1.0,MEDIUM,False,False,0,0,380,api_football_fixtures_2024,Jean,Lecce,Tutti,name_parts_and_team,1.0,True,1,1,74.16,0.453,2025-06-30,api_football_sidelined
1566,Emerson Royal,AC Milan,AC Milan,D,D,D,26,2024,17,16,1382,0,0,7,0,0,0,0,0,0,7.138,6.99,17,1.0,1.0,MEDIUM,False,False,5,0,380,api_football_fixtures_2024,Emerson Royal,Milan,Tutti,exact_name,1.0,True,5,3,90.378,0.496,2025-06-30,api_football_sidelined
1084,Marin Pongračić,Fiorentina,Fiorentina,D,D,D,28,2024,20,14,1368,0,0,5,0,0,0,0,0,0,6.776,6.65,20,1.0,1.0,HIGH,False,False,3,1,380,api_football_fixtures_2024,Pongracic,Fiorentina,Tutti,name_parts_and_team,1.0,True,7,2,41.464,0.354,2025-06-30,api_football_sidelined
7090,Michael Svoboda,Venezia,Venezia,D,D,D,27,2024,16,15,1314,1,0,1,0,0,0,0,0,0,6.828,6.98,16,1.0,1.0,MEDIUM,False,False,1,0,380,api_football_fixtures_2024,Svoboda,Venezia,Tutti,name_parts_and_team,1.0,True,1,1,128.638,0.583,2025-06-30,api_football_sidelined
330437,Álex Jiménez,AC Milan,AC Milan,D,D,D,20,2024,22,14,1270,0,1,2,0,0,0,0,0,0,6.921,6.83,22,1.0,0.528,HIGH,True,False,6,0,380,api_football_fixtures_2024,Jimenez A.,Milan,Tutti,name_parts_and_team,1.0,True,1,1,47.562,0.374,2025-06-30,api_football_sidelined
129119,Ignace Van der Brempt,Como,Como,D,D,D,23,2024,20,14,1264,0,1,2,0,0,0,0,0,0,6.95,6.93,19,0.95,0.929,HIGH,False,False,3,0,380,api_football_fixtures_2024,Van Der Brempt,Como,Tutti,name_parts_and_team,1.0,True,6,5,89.895,0.495,2025-06-30,api_football_sidelined
409047,Giovanni Leoni,Parma,Parma,D,D,D,19,2024,17,14,1203,1,0,2,0,0,0,0,0,0,6.754,6.78,17,1.0,1.0,MEDIUM,False,False,3,1,380,api_football_fixtures_2024,Leoni,Parma,Tutti,name_parts_and_team,1.0,True,1,1,46.167,0.37,2025-06-30,api_football_sidelined
18797,Christian Kabasele,Udinese,Udinese,D,D,D,34,2024,16,12,1163,2,0,4,0,0,0,0,0,0,7.157,7.53,16,1.0,1.0,MEDIUM,False,False,0,0,380,api_football_fixtures_2024,Kabasele,Udinese,Tutti,name_parts_and_team,1.0,True,9,0,0.0,0.2,2025-06-30,api_football_sidelined
47985,Emil Holm,Bologna,Bologna,D,D,D,25,2024,21,12,1137,1,1,4,0,0,0,0,0,0,7.184,7.3,19,0.905,1.0,HIGH,False,False,3,0,380,api_football_fixtures_2024,Holm,Bologna,Tutti,name_parts_and_team,1.0,True,6,5,82.711,0.476,2025-06-30,api_football_sidelined
311071,Nicolás Valentini,Verona,Verona,D,D,D,24,2024,14,13,1132,0,0,3,0,0,0,0,0,0,7.126,6.88,14,1.0,1.0,MEDIUM,False,False,5,1,380,api_football_fixtures_2024,Valentini N.,Verona,Tutti,name_parts_and_team,1.0,True,2,1,11.845,0.248,2025-06-30,api_football_sidelined
48119,Odilon Kossounou,Atalanta,Atalanta,D,D,D,24,2024,18,12,1125,0,0,2,0,0,0,0,0,0,6.719,6.69,17,0.944,1.0,MEDIUM,False,False,1,0,380,api_football_fixtures_2024,Kossounou,Atalanta,Tutti,name_parts_and_team,1.0,True,6,5,117.177,0.559,2025-06-30,api_football_sidelined
373825,Joel Schingtienne,Venezia,Venezia,D,D,D,23,2024,16,12,1121,0,0,2,0,0,0,0,0,0,6.524,6.46,15,0.938,1.0,MEDIUM,False,False,2,0,380,api_football_fixtures_2024,Schingtienne,Venezia,Tutti,name_parts_and_team,1.0,True,4,4,44.625,0.365,2025-06-30,api_football_sidelined
26095,Marin Šverko,Venezia,Venezia,D,D,D,27,2024,16,12,1119,1,0,1,0,0,0,0,0,0,6.783,6.88,16,1.0,1.0,MEDIUM,False,False,3,0,380,api_football_fixtures_2024,Sverko,Venezia,Tutti,name_parts_and_team,1.0,True,6,6,84.546,0.481,2025-06-30,api_football_sidelined
711,Stefan Posch,Bologna,Atalanta; Bologna,D,D,D,28,2024,19,11,1110,0,0,4,0,0,0,0,0,0,7.002,6.98,19,1.0,1.0,MEDIUM,False,False,1,0,380,api_football_fixtures_2024,Posch,Atalanta,Tutti,validated_best_candidate,0.876,True,11,2,76.639,0.46,2025-06-30,api_football_sidelined
193,Danilo D'Ambrosio,Monza,Monza,D,D,D,37,2024,20,12,1095,0,1,1,0,0,0,0,0,0,6.76,6.71,19,0.95,1.0,HIGH,False,False,2,1,380,api_football_fixtures_2024,D'Ambrosio,Monza,Tutti,name_parts_and_team,1.0,True,10,8,122.189,0.57,2025-06-30,api_football_sidelined
336671,Renato Veiga,Juventus,Juventus,C,D,C,22,2024,13,12,1094,0,1,4,0,0,0,0,0,0,7.254,7.25,13,1.0,0.959,MEDIUM,False,False,2,0,380,api_football_fixtures_2024,Veiga R.,Juventus,Tutti,name_parts_and_team,1.0,True,3,2,41.508,0.354,2025-06-30,api_football_sidelined
30428,José Luis Palomino,Cagliari,Cagliari,D,D,D,35,2024,18,10,1091,1,0,3,0,0,0,0,0,0,6.897,6.98,18,1.0,1.0,MEDIUM,False,False,3,0,380,api_football_fixtures_2024,Palomino,Cagliari,Tutti,name_parts_and_team,1.0,True,3,3,45.938,0.369,2025-06-30,api_football_sidelined
128338,Woyo Coulibaly,Parma,Parma,D,D,D,26,2024,14,12,1085,0,1,0,0,0,0,0,0,0,6.601,6.57,14,1.0,1.0,MEDIUM,False,False,1,1,380,api_football_fixtures_2024,Coulibaly W.,Parma,Ceduti,name_parts_and_team,1.0,True,1,0,0.0,0.2,2025-06-30,api_football_sidelined
321744,Adam Obert,Cagliari,Cagliari,D,D,D,23,2024,21,13,1076,1,1,0,0,0,0,0,0,0,6.792,6.89,21,1.0,0.88,HIGH,False,False,4,0,380,api_football_fixtures_2024,Obert,Cagliari,Tutti,name_parts_and_team,1.0,True,4,2,30.929,0.318,2025-06-30,api_football_sidelined
774,Juan Jesus,Napoli,Napoli,D,D,D,34,2024,15,12,1074,0,1,4,0,0,0,0,0,0,6.956,6.96,14,0.933,1.0,MEDIUM,False,False,2,0,380,api_football_fixtures_2024,Juan Jesus,Napoli,Tutti,exact_name,1.0,True,2,2,46.24,0.37,2025-06-30,api_football_sidelined
30554,Luca Pellegrini,Lazio,Lazio,D,D,D,26,2024,22,10,1073,0,4,3,0,0,0,0,0,0,7.109,7.18,22,1.0,1.0,HIGH,False,False,5,0,380,api_football_fixtures_2024,Pellegrini Lu.,Lazio,Tutti,validated_best_candidate,0.999,True,9,9,65.803,0.43,2025-06-30,api_football_sidelined
30526,Giangiacomo Magnani,Verona,Verona,D,D,D,30,2024,17,11,1072,1,0,0,0,0,0,0,0,0,6.706,6.82,17,1.0,1.0,MEDIUM,False,False,2,0,380,api_football_fixtures_2024,Magnani,Verona,Ceduti,name_parts_and_team,1.0,True,2,2,10.766,0.244,2025-06-30,api_football_sidelined
388547,Luca Marianucci,Empoli,Empoli,D,D,D,21,2024,18,12,1068,0,0,1,0,0,0,0,0,0,6.833,6.78,17,0.944,0.916,MEDIUM,False,False,0,1,380,api_football_fixtures_2024,Marianucci,Empoli,Tutti,name_parts_and_team,1.0,True,1,0,0.0,0.2,2025-06-30,api_football_sidelined
30498,Lorenzo De Silvestri,Bologna,Bologna,D,D,D,37,2024,18,13,1065,1,0,4,0,0,0,0,0,0,6.784,6.92,17,0.944,1.0,MEDIUM,False,False,1,0,380,api_football_fixtures_2024,De Silvestri,Bologna,Tutti,name_parts_and_team,1.0,True,4,3,20.774,0.282,2025-06-30,api_football_sidelined
30553,Charalampos Lykogiannīs,Bologna,Bologna,D,D,D,32,2024,17,12,1050,0,4,2,0,0,0,0,0,0,7.002,7.15,17,1.0,1.0,MEDIUM,False,False,3,0,380,api_football_fixtures_2024,Lykogiannis,Bologna,Tutti,name_parts_and_team,1.0,True,4,4,41.524,0.355,2025-06-30,api_football_sidelined
31099,Nicolò Casale,Bologna,Bologna; Lazio,D,D,D,27,2024,17,11,1046,0,1,2,0,0,0,0,0,0,6.873,6.9,17,1.0,1.0,MEDIUM,False,False,1,0,380,api_football_fixtures_2024,Casale,Bologna,Tutti,name_parts_and_team,1.0,True,7,5,56.58,0.402,2025-06-30,api_football_sidelined
336560,Álex Valle,Como,Como,D,D,D,21,2024,15,12,1034,0,0,2,0,0,0,0,0,0,6.915,6.85,14,0.933,1.0,MEDIUM,False,False,2,0,380,api_football_fixtures_2024,Valle,Como,Tutti,name_parts_and_team,1.0,True,3,3,29.906,0.315,2025-06-30,api_football_sidelined
19263,Lloyd Kelly,Juventus,Juventus,D,D,D,27,2024,12,11,1015,0,0,5,0,0,0,0,0,0,6.923,6.88,12,1.0,1.0,MEDIUM,False,False,1,0,380,api_football_fixtures_2024,Kelly L.,Juventus,Tutti,name_parts_and_team,1.0,True,13,8,103.43,0.528,2025-06-30,api_football_sidelined
30770,Antonio Candela,Venezia,Venezia,D,D,D,25,2024,14,12,1011,0,1,1,0,0,0,0,0,0,6.637,6.64,14,1.0,0.539,MEDIUM,True,False,2,0,380,api_football_fixtures_2024,Candela,Venezia,Ceduti,name_parts_and_team,1.0,True,2,0,0.0,0.2,2025-06-30,api_football_sidelined
125715,Flavius Daniliuc,Verona,Verona,D,D,D,24,2024,18,9,1004,0,0,1,0,0,0,0,0,0,6.556,6.56,18,1.0,1.0,MEDIUM,False,False,0,0,380,api_football_fixtures_2024,Daniliuc,Verona,Tutti,name_parts_and_team,1.0,True,4,3,25.425,0.299,2025-06-30,api_football_sidelined
1627,Davide Calabria,Bologna,AC Milan; Bologna,D,D,D,29,2024,18,11,976,0,1,3,0,0,0,0,0,0,6.965,6.94,18,1.0,1.0,MEDIUM,False,False,3,0,380,api_football_fixtures_2024,Calabria,Bologna,Tutti,name_parts_and_team,1.0,True,8,5,66.215,0.431,2025-06-30,api_football_sidelined
501,Mats Hummels,AS Roma,AS Roma,D,D,D,37,2024,14,11,918,0,0,5,0,0,0,0,0,0,7.129,7.09,13,0.929,1.0,MEDIUM,False,False,1,0,380,api_football_fixtures_2024,Hummels,Roma,Tutti,name_parts_and_team,1.0,True,25,1,3.343,0.214,2025-06-30,api_football_sidelined
316517,Alan Matturro,Genoa,Genoa,D,D,D,21,2024,13,9,902,0,0,2,0,0,0,0,0,0,6.715,6.64,13,1.0,1.0,MEDIUM,False,False,2,0,380,api_football_fixtures_2024,Matturro,Genoa,Tutti,name_parts_and_team,1.0,True,5,4,132.215,0.59,2025-06-30,api_football_sidelined
6050,Lautaro Giannetti,Udinese,Udinese,D,D,D,32,2024,15,11,882,1,0,1,0,0,0,0,0,0,6.941,7.01,15,1.0,1.0,MEDIUM,False,False,4,0,380,api_football_fixtures_2024,Giannetti L.,Udinese,Tutti,name_parts_and_team,1.0,True,4,4,68.069,0.436,2025-06-30,api_football_sidelined
30615,Luca Caldirola,Monza,Monza,D,D,D,34,2024,14,10,876,0,0,1,0,0,0,0,0,0,6.753,6.61,14,1.0,1.0,MEDIUM,False,False,4,0,380,api_football_fixtures_2024,Caldirola,Monza,Tutti,name_parts_and_team,1.0,True,4,3,101.759,0.524,2025-06-30,api_football_sidelined
858,Mattia De Sciglio,Empoli,Empoli,D,D,D,33,2024,16,7,781,1,0,1,0,0,0,0,0,0,6.634,6.82,15,0.938,1.0,MEDIUM,False,False,0,0,380,api_football_fixtures_2024,De Sciglio,Empoli,Tutti,name_parts_and_team,1.0,True,7,4,73.37,0.451,2025-06-30,api_football_sidelined
31751,Giorgio Altare,Venezia,Venezia,D,D,D,27,2024,12,8,751,0,0,1,0,0,0,0,0,0,6.949,6.87,12,1.0,1.0,MEDIUM,False,False,2,0,380,api_football_fixtures_2024,Altare,Venezia,Ceduti,name_parts_and_team,1.0,True,2,2,30.105,0.316,2025-06-30,api_football_sidelined
195893,Souleymane Isaak Touré,Udinese,Udinese,D,D,D,22,2024,12,11,736,1,0,2,0,0,0,0,0,0,6.886,6.89,11,0.917,1.0,MEDIUM,False,False,2,2,380,api_football_fixtures_2024,Toure' I.s.,Udinese,Tutti,name_parts_and_team,1.0,True,4,4,189.991,0.689,2025-06-30,api_football_sidelined
1775,Samuel Gigot,Lazio,Lazio,D,D,D,32,2024,15,7,688,2,0,3,0,0,0,0,0,0,7.097,7.43,12,0.8,1.0,MEDIUM,False,False,2,0,380,api_football_fixtures_2024,Gigot,Lazio,Tutti,name_parts_and_team,1.0,True,11,10,79.868,0.469,2025-06-30,api_football_sidelined
627,Kyle Walker,AC Milan,AC Milan,D,D,D,35,2024,11,7,658,0,0,1,0,0,0,0,0,0,6.933,6.89,11,1.0,1.0,MEDIUM,False,False,1,0,380,api_football_fixtures_2024,Walker,Milan,Tutti,name_parts_and_team,1.0,True,24,7,70.437,0.443,2025-06-30,api_football_sidelined
14266,Ivan Smolčić,Como,Como,D,D,D,25,2024,9,7,635,0,0,1,0,0,0,0,0,0,6.827,6.72,9,1.0,1.0,LOW,False,False,2,0,380,api_football_fixtures_2024,Smolcic I.,Como,Tutti,name_parts_and_team,1.0,True,1,0,0.0,0.2,2025-06-30,api_football_sidelined
1841,Patric,Lazio,Lazio,D,D,D,32,2024,10,5,604,1,0,1,0,0,0,0,0,0,6.626,6.83,10,1.0,1.0,MEDIUM,False,False,2,0,380,api_football_fixtures_2024,Patric,Lazio,Tutti,exact_name,1.0,True,10,9,192.632,0.693,2025-06-30,api_football_sidelined
618,Danilo,Juventus,Juventus,D,D,D,34,2024,12,6,582,0,1,1,0,0,0,0,0,0,6.831,6.83,10,0.833,1.0,MEDIUM,False,False,2,0,380,api_football_fixtures_2024,Danilo,Juventus,Ceduti,exact_name,1.0,True,15,7,72.526,0.449,2025-06-30,api_football_sidelined
15909,Martin Frese,Verona,Verona,D,D,D,27,2024,11,5,551,0,0,1,0,0,0,0,0,0,6.712,6.71,11,1.0,0.837,MEDIUM,False,False,0,0,380,api_football_fixtures_2024,Frese,Verona,Tutti,name_parts_and_team,1.0,True,4,3,121.801,0.569,2025-06-30,api_football_sidelined
264472,Filippo Terracciano,AC Milan,AC Milan,D,D,D,22,2024,13,6,550,0,0,2,0,0,0,0,0,0,6.672,6.56,11,0.846,0.653,MEDIUM,True,False,3,0,380,api_football_fixtures_2024,Terracciano F.,Milan,Tutti,name_parts_and_team,1.0,True,1,1,3.672,0.215,2025-06-30,api_football_sidelined
348568,Alessandro Circati,Parma,Parma,D,D,D,22,2024,6,6,540,0,0,1,0,0,0,0,0,0,6.817,6.73,6,1.0,1.0,LOW,False,False,1,0,380,api_football_fixtures_2024,Circati,Parma,Tutti,name_parts_and_team,1.0,True,1,1,110.717,0.545,2025-06-30,api_football_sidelined
30497,Bremer,Juventus,Juventus,D,D,D,28,2024,6,6,540,0,0,6,0,0,0,0,0,0,7.6,7.43,6,1.0,1.0,LOW,False,False,2,0,380,api_football_fixtures_2024,Bremer,Juventus,Tutti,exact_name,1.0,True,1,1,111.986,0.547,2025-06-30,api_football_sidelined
162452,Devyne Rensch,AS Roma,AS Roma,D,D,D,22,2024,14,5,479,0,1,1,0,0,0,0,0,0,7.026,7.1,12,0.857,0.601,MEDIUM,True,False,0,0,380,api_football_fixtures_2024,Rensch,Roma,Tutti,name_parts_and_team,1.0,True,10,9,61.412,0.417,2025-06-30,api_football_sidelined
30429,Rafael Tolói,Atalanta,Atalanta,D,D,D,35,2024,11,2,464,0,0,1,0,0,0,0,0,0,6.922,6.88,11,1.0,1.0,MEDIUM,False,False,1,0,380,api_football_fixtures_2024,Toloi,Atalanta,Tutti,name_parts_and_team,1.0,True,8,6,114.511,0.553,2025-06-30,api_football_sidelined
125674,Juan Cabal,Juventus,Juventus,D,D,D,24,2024,7,6,461,0,0,3,0,0,0,0,0,0,6.815,6.74,7,1.0,1.0,LOW,False,False,1,0,380,api_football_fixtures_2024,Cabal,Juventus,Tutti,name_parts_and_team,1.0,True,3,2,142.143,0.61,2025-06-30,api_football_sidelined
311360,Tomás Palacios,Monza,Inter; Monza,D,D,D,22,2024,10,5,455,0,0,0,0,0,0,0,0,0,6.649,6.55,9,0.9,1.0,MEDIUM,False,False,2,0,380,api_football_fixtures_2024,Palacios T.,Monza,Tutti,name_parts_and_team,1.0,False,0,0,0.0,,2025-06-30,api_football_sidelined
30737,Federico Barba,Como,Como,D,D,D,32,2024,7,5,437,0,0,1,0,0,0,0,0,0,6.559,6.56,7,1.0,1.0,LOW,False,False,0,0,380,api_football_fixtures_2024,Barba,Como,Ceduti,name_parts_and_team,1.0,True,1,1,13.811,0.255,2025-06-30,api_football_sidelined
317,Elseid Hysaj,Lazio,Lazio,D,D,D,31,2024,11,4,422,0,3,2,0,0,0,0,0,0,7.195,7.29,9,0.818,1.0,MEDIUM,False,False,2,1,380,api_football_fixtures_2024,Hysaj,Lazio,Tutti,name_parts_and_team,1.0,True,3,3,43.402,0.361,2025-06-30,api_football_sidelined
281826,Alessandro Marcandalli,Venezia,Genoa; Venezia,D,D,D,23,2024,10,6,403,0,0,1,0,0,0,0,0,0,6.603,6.5,9,0.9,1.0,MEDIUM,False,False,2,0,380,api_football_fixtures_2024,Marcandalli,Venezia,Tutti,name_parts_and_team,1.0,True,2,2,22.599,0.288,2025-06-30,api_football_sidelined
349232,Ali Dembele,Torino,Torino,D,D,D,21,2024,15,4,402,1,0,0,0,0,0,0,0,0,6.544,6.54,14,0.933,1.0,MEDIUM,False,False,4,1,380,api_football_fixtures_2024,Dembele' A.,Torino,Tutti,name_parts_and_team,1.0,True,1,0,0.0,0.2,2025-06-30,api_football_sidelined
21585,Junior Sambia,Empoli,Empoli,D,D,D,29,2024,17,2,394,0,0,0,0,0,0,0,0,0,6.823,6.82,17,1.0,0.642,MEDIUM,True,False,0,0,380,api_football_fixtures_2024,Sambia,Empoli,Tutti,name_parts_and_team,1.0,True,5,1,3.018,0.212,2025-06-30,api_football_sidelined
31871,Alessio Iovine,Como,Como,D,D,D,34,2024,10,3,393,0,0,0,0,0,0,0,0,0,6.538,6.44,10,1.0,0.573,MEDIUM,True,False,2,0,380,api_football_fixtures_2024,Iovine,Como,Tutti,name_parts_and_team,1.0,False,0,0,0.0,,2025-06-30,api_football_sidelined
161702,Danilo Veiga,Lecce,Lecce,D,D,D,23,2024,13,2,375,0,0,0,0,0,0,0,0,0,6.482,6.48,12,0.923,0.795,MEDIUM,True,False,0,0,380,api_football_fixtures_2024,Veiga D.,Lecce,Tutti,name_parts_and_team,1.0,True,2,1,2.111,0.209,2025-06-30,api_football_sidelined
48294,Arvid Brorsson,Monza,Monza,D,D,D,26,2024,6,3,365,0,0,0,0,0,0,0,0,0,6.823,6.82,6,1.0,1.0,LOW,False,False,0,0,380,api_football_fixtures_2024,Brorsson,Monza,Tutti,name_parts_and_team,1.0,False,0,0,0.0,,2025-06-30,api_football_sidelined
340726,Stefan Leković,Monza,Monza,D,D,D,21,2024,7,3,364,0,0,0,0,0,0,0,0,0,6.387,6.39,7,1.0,1.0,LOW,False,False,0,0,380,api_football_fixtures_2024,Lekovic,Monza,Tutti,name_parts_and_team,1.0,True,1,1,12.382,0.25,2025-06-30,api_football_sidelined
330419,Alberto Costa,Juventus,Juventus,D,D,D,22,2024,9,3,358,0,1,1,0,0,0,0,0,0,6.973,6.92,9,1.0,0.779,LOW,True,False,3,0,380,api_football_fixtures_2024,Alberto Costa,Juventus,Tutti,exact_name,1.0,False,0,0,0.0,,2025-06-30,api_football_sidelined
6000,Lucas Martínez Quarta,Fiorentina,Fiorentina,D,D,D,29,2024,8,4,348,1,0,1,0,0,0,0,0,0,6.978,7.29,8,1.0,1.0,LOW,False,False,1,0,380,api_football_fixtures_2024,Martinez Quarta,Fiorentina,Ceduti,name_parts_and_team,1.0,True,3,2,11.537,0.247,2025-06-30,api_football_sidelined
56161,Marco Sala,Como,Como; Lecce,D,D,D,26,2024,10,3,338,0,0,0,0,0,0,0,0,0,6.473,6.32,9,0.9,1.0,MEDIUM,False,False,3,0,380,api_football_fixtures_2024,Sala M.,Lecce,Tutti,validated_best_candidate,0.925,True,3,2,33.208,0.326,2025-06-30,api_football_sidelined
30827,Martin Erlić,Bologna,Bologna,D,D,D,27,2024,8,5,334,0,0,1,0,0,0,0,0,0,7.226,7.23,7,0.875,1.0,LOW,False,False,0,0,380,api_football_fixtures_2024,Erlic,Bologna,Tutti,name_parts_and_team,1.0,True,6,6,114.389,0.553,2025-06-30,api_football_sidelined
289761,Giorgio Scalvini,Atalanta,Atalanta,D,D,D,22,2024,6,4,273,0,0,0,0,0,0,0,0,0,6.678,6.51,5,0.833,1.0,LOW,False,False,2,0,380,api_football_fixtures_2024,Scalvini,Atalanta,Tutti,name_parts_and_team,1.0,True,8,7,246.21,0.759,2025-06-30,api_football_sidelined
2669,Mario Hermoso,AS Roma,AS Roma,D,D,D,30,2024,8,2,255,0,0,0,0,0,0,0,0,0,6.255,6.0,8,1.0,1.0,LOW,False,False,2,1,380,api_football_fixtures_2024,Hermoso,Roma,Ceduti,name_parts_and_team,1.0,True,11,3,138.062,0.602,2025-06-30,api_football_sidelined
335101,Jonas Rouhi,Juventus,Juventus,D,D,D,21,2024,5,1,208,0,0,1,0,0,0,0,0,0,6.374,6.37,5,1.0,1.0,LOW,False,False,0,0,380,api_football_fixtures_2024,Rouhi,Juventus,Tutti,name_parts_and_team,1.0,True,2,2,28.471,0.31,2025-06-30,api_football_sidelined
15912,Victor Nelsson,AS Roma,AS Roma,D,D,D,27,2024,4,1,185,0,0,1,0,0,0,0,0,0,7.121,7.12,4,1.0,1.0,LOW,False,False,0,0,380,api_football_fixtures_2024,Nelsson,Roma,Tutti,name_parts_and_team,1.0,True,1,1,18.247,0.272,2025-06-30,api_football_sidelined
40392,Mateusz Wieteska,Cagliari,Cagliari,D,D,D,28,2024,5,1,182,0,0,1,0,0,0,0,0,0,6.723,6.62,5,1.0,1.0,LOW,False,False,1,0,380,api_football_fixtures_2024,Wieteska,Cagliari,Ceduti,name_parts_and_team,1.0,True,2,1,16.515,0.266,2025-06-30,api_football_sidelined
37,Nehuén Pérez,Udinese,Udinese,D,D,D,25,2024,2,2,180,0,0,0,0,0,0,0,0,0,6.95,6.95,2,1.0,1.0,LOW,False,False,0,0,380,api_football_fixtures_2024,Perez N.,Udinese,Ceduti,name_parts_and_team,1.0,True,2,0,0.0,0.2,2025-06-30,api_football_sidelined
387128,Sebastian Otoa,Genoa,Genoa,D,D,D,21,2024,3,3,180,0,0,0,0,0,0,0,0,0,6.25,5.75,3,1.0,1.0,LOW,False,False,1,1,380,api_football_fixtures_2024,Otoa,Genoa,Tutti,name_parts_and_team,1.0,True,2,1,15.765,0.263,2025-06-30,api_football_sidelined
127631,Valentin Gendrey,Lecce,Lecce,D,D,D,25,2024,2,2,180,0,0,0,0,0,0,0,0,0,6.5,6.5,2,1.0,1.0,LOW,False,False,0,0,380,api_football_fixtures_2024,Gendrey,Lecce,Ceduti,name_parts_and_team,1.0,True,6,5,114.009,0.552,2025-06-30,api_football_sidelined
2443,Yordan Osorio,Parma,Parma,D,D,D,31,2024,3,2,172,0,0,0,0,0,0,0,0,0,6.353,6.35,3,1.0,1.0,LOW,False,False,0,0,380,api_football_fixtures_2024,Osorio,Parma,Tutti,name_parts_and_team,1.0,True,4,4,149.636,0.623,2025-06-30,api_football_sidelined
469318,Fellipe Jack,Como,Como,D,D,D,19,2024,7,1,170,0,0,0,0,0,0,0,0,0,6.644,6.5,6,0.857,1.0,LOW,False,False,2,0,380,api_football_fixtures_2024,Jack,Como,Tutti,name_parts_and_team,1.0,False,0,0,0.0,,2025-06-30,api_football_sidelined
421807,Matias Moreno,Fiorentina,Fiorentina,D,D,D,22,2024,4,2,150,0,0,0,0,0,0,0,0,0,6.73,6.73,4,1.0,1.0,LOW,False,False,0,0,380,api_football_fixtures_2024,Moreno M.,Fiorentina,Tutti,name_parts_and_team,1.0,True,2,1,8.117,0.233,2025-06-30,api_football_sidelined
237066,Rafa Marín,Napoli,Napoli,D,D,D,23,2024,4,1,142,0,0,1,0,0,0,0,0,0,7.318,7.19,4,1.0,1.0,LOW,False,False,1,0,380,api_football_fixtures_2024,Marin R.,Napoli,Tutti,name_parts_and_team,1.0,True,1,0,0.0,0.2,2025-06-30,api_football_sidelined
64256,Andy Pelmard,Lecce,Lecce,D,D,D,25,2024,3,1,134,0,0,0,0,0,0,0,0,0,6.777,6.61,3,1.0,1.0,LOW,False,False,1,0,380,api_football_fixtures_2024,Pelmard,Lecce,Ceduti,name_parts_and_team,1.0,True,3,1,38.281,0.344,2025-06-30,api_football_sidelined
342022,Michael Kayode,Fiorentina,Fiorentina,D,D,D,21,2024,5,1,129,0,0,0,0,0,0,0,0,0,6.802,6.8,4,0.8,1.0,LOW,False,False,0,0,380,api_football_fixtures_2024,Kayode,Fiorentina,Ceduti,name_parts_and_team,1.0,True,3,3,47.803,0.375,2025-06-30,api_football_sidelined
374359,Davide Bartesaghi,AC Milan,AC Milan,D,D,D,20,2024,4,1,123,0,0,1,0,0,0,0,0,0,6.775,6.52,4,1.0,1.0,LOW,False,False,0,1,380,api_football_fixtures_2024,Bartesaghi,Milan,Tutti,name_parts_and_team,1.0,True,3,0,0.0,0.2,2025-06-30,api_football_sidelined
153408,Daniel Oyegoke,Verona,Verona,D,D,D,22,2024,5,0,110,0,0,0,0,0,0,0,0,0,6.335,6.24,5,1.0,1.0,LOW,False,False,1,0,380,api_football_fixtures_2024,Oyegoke,Verona,Tutti,name_parts_and_team,1.0,True,1,0,0.0,0.2,2025-06-30,api_football_sidelined
323369,Mathias Fjørtoft Løvik,Parma,Parma,D,D,D,22,2024,6,0,105,0,0,0,0,0,0,0,0,0,6.463,6.46,6,1.0,1.0,LOW,False,False,0,0,380,api_football_fixtures_2024,Lovik,Parma,Tutti,manual_alias,1.0,True,4,1,9.82,0.24,2025-06-30,api_football_sidelined
455316,Tiago Gabriel,Lecce,Lecce,D,D,D,21,2024,2,0,94,0,0,0,0,0,0,0,0,0,7.236,7.24,2,1.0,1.0,LOW,False,False,0,0,380,api_football_fixtures_2024,Tiago Gabriel,Lecce,Tutti,exact_name,1.0,False,0,0,0.0,,2025-06-30,api_football_sidelined
20656,Enzo Ebosse,Udinese,Udinese,D,D,D,26,2024,2,0,90,0,0,0,0,0,0,0,0,0,6.9,6.65,2,1.0,1.0,LOW,False,False,1,0,380,api_football_fixtures_2024,Ebosse,Udinese,Ceduti,name_parts_and_team,1.0,True,4,1,54.317,0.395,2025-06-30,api_football_sidelined
320335,James Abankwah,Udinese,Udinese,D,D,D,21,2024,6,0,89,0,0,0,0,0,0,0,0,0,6.643,6.56,4,0.667,1.0,LOW,False,True,1,0,380,api_football_fixtures_2024,Abankwah,Udinese,Ceduti,name_parts_and_team,1.0,True,1,1,5.991,0.225,2025-06-30,api_football_sidelined
561,Tyronne Ebuehi,Empoli,Empoli,D,D,D,30,2024,4,0,74,0,0,0,0,0,0,0,0,0,6.674,6.67,4,1.0,1.0,LOW,False,False,0,0,380,api_football_fixtures_2024,Ebuehi,Empoli,Tutti,name_parts_and_team,1.0,True,7,3,118.137,0.561,2025-06-30,api_football_sidelined
30853,Kevin Bonifazi,Lecce,Lecce,D,D,D,29,2024,3,0,67,0,0,0,0,0,0,0,0,0,6.431,6.43,3,1.0,1.0,LOW,False,False,0,0,380,api_football_fixtures_2024,Bonifazi,Lecce,Ceduti,name_parts_and_team,1.0,True,4,4,101.687,0.524,2025-06-30,api_football_sidelined
135505,Samuel Dahl,AS Roma,AS Roma,D,D,D,22,2024,2,0,41,0,0,0,0,0,0,0,0,0,6.229,6.23,2,1.0,1.0,LOW,False,False,0,0,380,api_football_fixtures_2024,Dahl,Roma,Ceduti,name_parts_and_team,1.0,True,1,0,0.0,0.2,2025-06-30,api_football_sidelined
350857,Oliver Provstgaard,Lazio,Lazio,D,D,D,22,2024,2,0,33,0,0,0,0,0,0,0,0,0,6.567,6.32,2,1.0,1.0,LOW,False,False,1,0,380,api_football_fixtures_2024,Provstgaard,Lazio,Tutti,name_parts_and_team,1.0,False,0,0,0.0,,2025-06-30,api_football_sidelined
19073,Ben Godfrey,Atalanta,Atalanta,D,D,D,27,2024,1,0,22,0,0,0,0,0,0,0,0,0,6.7,6.7,1,1.0,1.0,LOW,False,False,0,0,380,api_football_fixtures_2024,Godfrey,Atalanta,Ceduti,name_parts_and_team,1.0,True,13,5,48.827,0.378,2025-06-30,api_football_sidelined
530,Mitchel Bakker,Atalanta,Atalanta,D,D,D,25,2024,1,0,21,0,0,0,0,0,0,0,0,0,6.7,6.7,1,1.0,1.0,LOW,False,False,0,0,380,api_football_fixtures_2024,Bakker,Atalanta,Ceduti,name_parts_and_team,1.0,True,8,4,45.329,0.367,2025-06-30,api_football_sidelined
268728,Saba Sazonov,Torino,Torino,D,D,D,23,2024,1,0,11,0,0,0,0,0,0,0,0,0,6.3,6.3,1,1.0,1.0,LOW,False,False,0,0,380,api_football_fixtures_2024,Sazonov,Empoli,Tutti,validated_best_candidate,0.921,True,3,3,126.707,0.579,2025-06-30,api_football_sidelined
1315,Petar Stojanović,Empoli,Empoli,D,D,D,30,2024,1,0,9,0,0,0,0,0,0,0,0,0,6.5,6.5,1,1.0,1.0,LOW,False,False,0,0,380,api_football_fixtures_2024,Stojanovic,Empoli,Ceduti,name_parts_and_team,1.0,True,8,0,0.0,0.2,2025-06-30,api_football_sidelined
769,Alessandro Florenzi,AC Milan,AC Milan,D,D,D,34,2024,1,0,4,0,0,0,0,0,0,0,0,0,0.0,0.0,0,0.0,1.0,LOW,False,True,0,0,380,api_football_fixtures_2024,Florenzi,Milan,Tutti,name_parts_and_team,1.0,True,10,2,105.98,0.534,2025-06-30,api_football_sidelined
274299,Yllan Okou,Verona,Verona,D,D,D,23,2024,1,0,1,0,0,0,0,0,0,0,0,0,0.0,0.0,0,0.0,1.0,LOW,False,True,0,0,380,api_football_fixtures_2024,Okou,Verona,Tutti,name_parts_and_team,1.0,True,3,2,17.164,0.268,2025-06-30,api_football_sidelined
556,Mile Svilar,AS Roma,AS Roma,P,P,P,26,2024,38,38,3429,0,0,16,35,118,0,0,4,0,7.194,6.26,38,1.0,1.0,HIGH,False,False,1,0,380,api_football_fixtures_2024,Svilar,Roma,Tutti,name_parts_and_team,1.0,True,8,0,0.0,0.2,2025-06-30,api_football_sidelined
56459,Wladimiro Falcone,Lecce,Lecce,P,P,P,30,2024,38,38,3420,0,0,9,58,129,0,0,10,1,7.079,5.61,38,1.0,1.0,HIGH,False,False,2,0,380,api_football_fixtures_2024,Falcone,Lecce,Tutti,name_parts_and_team,1.0,True,1,0,0.0,0.2,2025-06-30,api_football_sidelined
31156,Vanja Milinković-Savić,Torino,Torino,P,P,P,28,2024,37,37,3330,0,0,10,42,135,0,0,7,4,7.346,6.49,37,1.0,1.0,HIGH,False,False,3,0,380,api_football_fixtures_2024,Milinkovic-Savic V.,Torino,Tutti,name_parts_and_team,1.0,True,1,1,12.068,0.249,2025-06-30,api_football_sidelined
199578,Zion Suzuki,Parma,Parma,P,P,P,23,2024,37,37,3315,0,0,7,53,100,0,0,5,0,7.012,5.53,37,1.0,1.0,HIGH,False,False,2,1,380,api_football_fixtures_2024,Suzuki,Parma,Tutti,name_parts_and_team,1.0,True,2,0,0.0,0.2,2025-06-30,api_football_sidelined
22221,Mike Maignan,AC Milan,AC Milan,P,P,P,30,2024,37,37,3295,0,0,12,41,99,0,0,2,1,7.106,6.07,37,1.0,1.0,HIGH,False,False,1,0,380,api_football_fixtures_2024,Maignan,Milan,Tutti,name_parts_and_team,1.0,True,7,5,41.637,0.355,2025-06-30,api_football_sidelined
30611,Lorenzo Montipò,Verona,Verona,P,P,P,29,2024,36,36,3240,0,0,8,64,100,0,0,4,1,6.803,5.11,36,1.0,1.0,HIGH,False,False,0,0,380,api_football_fixtures_2024,Montipo',Verona,Tutti,name_parts_and_team,1.0,True,1,1,8.373,0.234,2025-06-30,api_football_sidelined
882,David De Gea,Fiorentina,Fiorentina,P,P,P,35,2024,35,35,3150,0,1,11,38,98,0,0,3,2,7.226,6.33,35,1.0,1.0,HIGH,False,False,1,0,380,api_football_fixtures_2024,De Gea,Fiorentina,Tutti,name_parts_and_team,1.0,True,7,0,0.0,0.2,2025-06-30,api_football_sidelined
30417,Marco Carnesecchi,Atalanta,Atalanta,P,P,P,25,2024,34,34,3060,0,0,13,34,98,0,0,2,0,7.2,6.19,34,1.0,1.0,HIGH,False,False,1,0,380,api_football_fixtures_2024,Carnesecchi,Atalanta,Tutti,name_parts_and_team,1.0,True,1,1,13.564,0.254,2025-06-30,api_football_sidelined
312,Alex Meret,Napoli,Napoli,P,P,P,28,2024,34,34,3006,0,0,16,25,61,0,0,4,2,6.983,6.42,34,1.0,1.0,HIGH,False,False,0,0,380,api_football_fixtures_2024,Meret,Napoli,Tutti,name_parts_and_team,1.0,True,4,4,52.882,0.391,2025-06-30,api_football_sidelined
30670,Michele Di Gregorio,Juventus,Juventus,P,P,P,28,2024,33,33,2970,0,0,14,32,72,0,0,5,0,7.036,6.07,33,1.0,1.0,HIGH,False,False,0,0,380,api_football_fixtures_2024,Di Gregorio,Juventus,Tutti,name_parts_and_team,1.0,True,3,3,18.597,0.274,2025-06-30,api_football_sidelined
2802,Yann Sommer,Inter,Inter,P,P,P,37,2024,33,33,2970,0,0,13,32,85,0,0,4,1,7.1,6.22,33,1.0,1.0,HIGH,False,False,0,0,380,api_football_fixtures_2024,Sommer,Inter,Tutti,name_parts_and_team,1.0,True,7,3,27.253,0.305,2025-06-30,api_football_sidelined
81012,Devis Vásquez,Empoli,Empoli,P,P,P,27,2024,32,32,2880,0,0,6,45,83,0,0,3,1,6.781,5.44,32,1.0,1.0,HIGH,False,False,2,0,380,api_football_fixtures_2024,Vasquez D.,Empoli,Tutti,name_parts_and_team,1.0,False,0,0,0.0,,2025-06-30,api_football_sidelined
30519,Stefano Turati,Monza,Monza,P,P,P,24,2024,30,30,2677,0,0,2,52,95,0,0,4,2,7.071,5.52,30,1.0,1.0,HIGH,False,False,1,0,380,api_football_fixtures_2024,Turati,Monza,Tutti,name_parts_and_team,1.0,True,4,3,85.471,0.484,2025-06-30,api_football_sidelined
31037,Ivan Provedel,Lazio,Lazio,P,P,P,31,2024,29,29,2610,0,0,5,42,53,0,0,4,0,6.876,5.43,29,1.0,1.0,HIGH,False,False,0,0,380,api_football_fixtures_2024,Provedel,Lazio,Tutti,name_parts_and_team,1.0,True,2,1,23.127,0.29,2025-06-30,api_football_sidelined
31631,Nicola Leali,Genoa,Genoa,P,P,P,32,2024,29,29,2610,0,0,10,31,86,0,0,4,1,7.152,6.17,29,1.0,1.0,HIGH,False,False,1,0,380,api_football_fixtures_2024,Leali,Genoa,Tutti,name_parts_and_team,1.0,True,1,1,6.293,0.226,2025-06-30,api_football_sidelined
2998,Łukasz Skorupski,Bologna,Bologna,P,P,P,34,2024,27,27,2365,0,0,8,33,53,0,0,2,1,6.831,5.7,27,1.0,1.0,HIGH,False,False,1,0,380,api_football_fixtures_2024,Skorupski,Bologna,Tutti,name_parts_and_team,1.0,True,2,1,18.792,0.274,2025-06-30,api_football_sidelined
143648,Maduka Okoye,Udinese,Udinese,P,P,P,26,2024,25,25,2250,0,0,4,40,73,0,0,5,0,6.988,5.37,25,1.0,1.0,HIGH,False,False,1,0,380,api_football_fixtures_2024,Okoye,Udinese,Tutti,name_parts_and_team,1.0,True,2,1,65.72,0.429,2025-06-30,api_football_sidelined
30731,Elia Caprile,Cagliari,Cagliari; Napoli,P,P,P,24,2024,22,21,1953,0,0,7,23,53,0,0,1,0,7.174,6.13,22,1.0,1.0,HIGH,False,False,0,0,380,api_football_fixtures_2024,Caprile,Cagliari,Tutti,name_parts_and_team,1.0,True,1,1,46.167,0.37,2025-06-30,api_football_sidelined
8574,Jean Butez,Como,Como,P,P,P,30,2024,19,18,1665,0,0,5,20,49,0,0,2,0,7.095,6.04,19,1.0,1.0,MEDIUM,False,False,0,0,380,api_football_fixtures_2024,Butez,Como,Tutti,name_parts_and_team,1.0,True,1,1,41.644,0.355,2025-06-30,api_football_sidelined
162445,Filip Stanković,Venezia,Venezia,P,P,P,23,2024,16,16,1368,0,0,0,23,62,0,0,5,1,7.358,6.08,16,1.0,1.0,MEDIUM,False,False,1,0,380,api_football_fixtures_2024,Stankovic F.,Venezia,Tutti,name_parts_and_team,1.0,True,1,1,68.704,0.438,2025-06-30,api_football_sidelined
30765,Ionuț Radu,Venezia,Venezia,P,P,P,28,2024,15,15,1350,0,0,4,18,48,0,0,3,0,7.067,5.83,15,1.0,1.0,MEDIUM,False,False,1,0,380,api_football_fixtures_2024,Radu I.,Venezia,Tutti,name_parts_and_team,1.0,True,1,1,3.895,0.216,2025-06-30,api_football_sidelined
50054,Simone Scuffet,Cagliari,Cagliari; Napoli,P,P,P,29,2024,14,14,1260,0,0,1,24,36,0,0,5,0,6.8,5.09,14,1.0,1.0,MEDIUM,False,False,0,0,380,api_football_fixtures_2024,Scuffet,Napoli,Tutti,validated_best_candidate,0.9,True,1,0,0.0,0.2,2025-06-30,api_football_sidelined
197830,Răzvan Sava,Udinese,Udinese,P,P,P,23,2024,12,12,1080,0,0,4,16,38,0,0,3,0,7.025,5.65,12,1.0,1.0,MEDIUM,False,False,1,0,380,api_football_fixtures_2024,Sava,Udinese,Tutti,name_parts_and_team,1.0,True,1,1,39.585,0.348,2025-06-30,api_football_sidelined
31098,Federico Ravaglia,Bologna,Bologna,P,P,P,26,2024,12,11,1055,0,0,4,14,10,0,0,1,0,6.701,5.53,12,1.0,1.0,MEDIUM,False,False,0,0,380,api_football_fixtures_2024,Ravaglia F.,Bologna,Tutti,name_parts_and_team,1.0,True,2,0,0.0,0.2,2025-06-30,api_football_sidelined
1624,Pepe Reina,Como,Como,P,P,P,43,2024,12,12,1035,0,0,2,14,28,0,0,1,0,6.7,5.45,12,1.0,1.0,MEDIUM,False,False,0,1,380,api_football_fixtures_2024,Reina,Como,Tutti,name_parts_and_team,1.0,True,11,3,23.704,0.293,2025-06-30,api_football_sidelined
26644,Christos Mandas,Lazio,Lazio,P,P,P,24,2024,9,9,810,0,0,4,7,20,0,0,0,0,7.189,6.41,9,1.0,1.0,LOW,False,False,0,0,380,api_football_fixtures_2024,Mandas,Lazio,Tutti,name_parts_and_team,1.0,True,1,0,0.0,0.2,2025-06-30,api_football_sidelined
31566,Semuel Pizzignacco,Monza,Monza,P,P,P,24,2024,9,8,736,0,0,1,17,23,0,0,0,0,6.707,4.82,9,1.0,1.0,LOW,False,False,0,0,380,api_football_fixtures_2024,Pizzignacco,Monza,Tutti,name_parts_and_team,1.0,False,0,0,0.0,,2025-06-30,api_football_sidelined
30441,Emil Audero,Como,Como,P,P,P,28,2024,8,8,720,0,0,0,18,17,0,0,4,0,6.5,4.25,8,1.0,1.0,LOW,False,False,0,0,380,api_football_fixtures_2024,Audero,Como,Ceduti,name_parts_and_team,1.0,True,4,1,27.932,0.308,2025-06-30,api_football_sidelined
1282,Jesse Joronen,Venezia,Venezia,P,P,P,32,2024,8,7,702,0,0,2,15,27,0,0,3,0,6.859,4.98,8,1.0,1.0,LOW,False,False,0,0,380,api_football_fixtures_2024,Joronen,Venezia,Tutti,name_parts_and_team,1.0,True,1,1,14.515,0.258,2025-06-30,api_football_sidelined
30418,Pierluigi Gollini,Genoa,Genoa,P,P,P,30,2024,7,7,630,0,0,1,15,18,0,0,4,1,6.771,4.99,7,1.0,1.0,LOW,False,False,1,0,380,api_football_fixtures_2024,Gollini,Roma,Tutti,validated_best_candidate,0.875,True,4,4,55.826,0.4,2025-06-30,api_football_sidelined
3737,Alen Sherri,Cagliari,Cagliari,P,P,P,28,2024,7,7,622,0,0,1,11,20,0,0,0,0,6.965,5.39,7,1.0,1.0,LOW,False,False,0,0,380,api_football_fixtures_2024,Sherri,Cagliari,Tutti,name_parts_and_team,1.0,False,0,0,0.0,,2025-06-30,api_football_sidelined
46988,Josep Martínez,Inter,Inter,P,P,P,27,2024,5,5,450,0,0,3,3,12,0,0,0,0,7.36,6.76,5,1.0,1.0,LOW,False,False,0,0,380,api_football_fixtures_2024,Martinez Jo.,Inter,Tutti,validated_best_candidate,0.984,True,2,0,0.0,0.2,2025-06-30,api_football_sidelined
30915,Marco Silvestri,Empoli,Empoli,P,P,P,34,2024,5,5,450,0,0,0,11,17,0,0,0,0,6.66,4.46,5,1.0,1.0,LOW,False,False,0,0,380,api_football_fixtures_2024,Silvestri,Empoli,Tutti,name_parts_and_team,1.0,True,3,3,70.811,0.444,2025-06-30,api_football_sidelined
849,Mattia Perin,Juventus,Juventus,P,P,P,33,2024,5,5,450,0,0,3,3,13,0,0,0,0,7.14,6.54,5,1.0,1.0,LOW,False,False,0,0,380,api_football_fixtures_2024,Perin,Juventus,Tutti,name_parts_and_team,1.0,True,3,3,78.637,0.465,2025-06-30,api_football_sidelined
30394,Pietro Terracciano,Fiorentina,Fiorentina,P,P,P,35,2024,3,3,270,0,0,1,3,11,0,0,0,0,7.233,6.23,3,1.0,1.0,LOW,False,False,0,0,380,api_football_fixtures_2024,Terracciano,Fiorentina,Tutti,name_parts_and_team,1.0,True,1,0,0.0,0.2,2025-06-30,api_football_sidelined
2674,Rui Patrício,Atalanta,Atalanta,P,P,P,37,2024,3,3,270,0,0,1,3,11,0,0,0,0,7.267,6.27,3,1.0,1.0,LOW,False,False,0,0,380,api_football_fixtures_2024,Rui Patricio,Atalanta,Tutti,exact_name,1.0,True,1,0,0.0,0.2,2025-06-30,api_football_sidelined
31383,Simone Perilli,Verona,Verona,P,P,P,30,2024,2,2,180,0,0,0,2,9,0,0,0,0,7.05,6.05,2,1.0,1.0,LOW,False,False,0,0,380,api_football_fixtures_2024,Perilli,Verona,Tutti,name_parts_and_team,1.0,False,0,0,0.0,,2025-06-30,api_football_sidelined
45083,Benjamin Siegrist,Genoa,Genoa,P,P,P,33,2024,2,2,153,0,0,0,2,10,0,0,0,0,7.665,6.66,2,1.0,1.0,LOW,False,False,0,0,380,api_football_fixtures_2024,Siegrist,Genoa,Tutti,name_parts_and_team,1.0,False,0,0,0.0,,2025-06-30,api_football_sidelined
31069,Marco Sportiello,AC Milan,AC Milan,P,P,P,33,2024,2,1,125,0,0,0,2,4,0,0,0,0,6.468,5.47,2,1.0,1.0,LOW,False,False,0,0,380,api_football_fixtures_2024,Sportiello,Milan,Tutti,name_parts_and_team,1.0,True,2,2,78.135,0.464,2025-06-30,api_football_sidelined
30642,Alberto Paleari,Torino,Torino,P,P,P,33,2024,1,1,90,0,0,0,3,4,0,0,0,0,7.2,4.2,1,1.0,1.0,LOW,False,False,0,0,380,api_football_fixtures_2024,Paleari,Torino,Tutti,name_parts_and_team,1.0,False,0,0,0.0,,2025-06-30,api_football_sidelined
189,Daniele Padelli,Udinese,Udinese,P,P,P,40,2024,1,1,90,0,0,1,0,3,0,0,0,0,7.3,7.3,1,1.0,1.0,LOW,False,False,0,0,380,api_football_fixtures_2024,Padelli,Udinese,Tutti,name_parts_and_team,1.0,True,1,0,0.0,0.2,2025-06-30,api_football_sidelined
393947,Jacopo Seghetti,Empoli,Empoli,P,P,P,20,2024,1,1,90,0,0,0,3,3,0,0,0,0,6.2,3.2,1,1.0,1.0,LOW,False,False,0,0,380,api_football_fixtures_2024,Seghetti,Empoli,Tutti,name_parts_and_team,1.0,False,0,0,0.0,,2025-06-30,api_football_sidelined
2465,Juan Musso,Atalanta,Atalanta,P,P,P,31,2024,1,1,90,0,0,1,0,4,0,0,0,0,7.7,7.7,1,1.0,1.0,LOW,False,False,0,0,380,api_football_fixtures_2024,Musso,Atalanta,Ceduti,name_parts_and_team,1.0,True,1,1,9.58,0.239,2025-06-30,api_football_sidelined
47246,Leandro Chichizola,Parma,Parma,P,P,P,35,2024,1,1,90,0,0,0,3,4,0,0,0,0,6.9,3.9,1,1.0,1.0,LOW,False,False,0,0,380,api_football_fixtures_2024,Chichizola,Parma,Ceduti,name_parts_and_team,1.0,True,2,0,0.0,0.2,2025-06-30,api_football_sidelined
31445,Daniele Sommariva,Genoa,Genoa,P,P,P,28,2024,1,0,27,0,0,0,1,2,0,0,0,0,6.6,5.6,1,1.0,1.0,LOW,False,False,0,0,380,api_football_fixtures_2024,Sommariva,Genoa,Tutti,name_parts_and_team,1.0,False,0,0,0.0,,2025-06-30,api_football_sidelined
308673,Andrea Mazza,Monza,Monza,P,P,P,21,2024,1,0,10,0,0,0,0,0,0,0,0,0,6.6,6.6,1,1.0,1.0,LOW,False,False,0,0,380,api_football_fixtures_2024,Mazza,Monza,Tutti,name_parts_and_team,1.0,False,0,0,0.0,,2025-06-30,api_football_sidelined
135863,Giuseppe Ciocci,Cagliari,Cagliari,P,P,P,23,2024,1,0,8,0,0,0,0,0,0,0,0,0,6.9,6.9,1,1.0,1.0,LOW,False,False,0,0,380,api_football_fixtures_2024,Ciocci,Cagliari,Tutti,name_parts_and_team,1.0,True,2,2,55.297,0.398,2025-06-30,api_football_sidelined
