player_id,name,team,role,age,appearances_last_season,starts_last_season,minutes_last_season,goals_last_season,assists_last_season,clean_sheets_last_season,goals_conceded_last_season,saves_last_season,penalties_faced_last_season,penalties_saved_last_season,penalties_scored_last_season,penalties_missed_last_season,rating_matches,rating_coverage,average_rating_last_season,fantasy_average_last_season,injury_risk,injury_risk_available,starting_probability,set_piece_level,data_source,notes,yellow_cards_last_season,red_cards_last_season,performance_raw,performance_score,starting_score,bonus_raw,bonus_per_90,bonus_percentile,bonus_score,reliability_score,overall_score,overall_rank,role_rank
30440,Roberto Piccoli,Cagliari,A,24,37,37,3151,10,1,0,0,0,0,0,1,0,37,1.0,6.715,7.47,0.2,False,0.9736842105263158,1,api_football_fixtures_2024,,6,0,6.762842255210676,37.11,97.37,28.0,0.7997461123452873,56.03448275862068,54.69,97.37,65.61,112,24
66817,Nikola Krstović,Lecce,A,25,37,37,3068,11,5,0,0,0,0,0,2,1,37,1.0,7.173,8.12,0.2,False,0.9736842105263158,2,api_football_fixtures_2024,,6,0,7.060140500824711,78.1,97.37,32.0,0.938722294654498,70.6896551724138,66.0,97.37,82.78,11,2
907,Romelu Lukaku,Napoli,A,32,36,35,2870,14,10,0,0,0,0,0,3,1,36,1.0,7.006,8.4,0.2,False,0.9210526315789472,3,api_football_fixtures_2024,,4,0,6.95076800976801,64.41,92.11,47.0,1.4738675958188152,87.93103448275862,78.88,94.74,79.5,24,5
31094,Andrea Pinamonti,Genoa,A,26,36,33,2860,10,1,0,0,0,0,0,0,1,36,1.0,6.956,7.76,0.2,False,0.868421052631579,1,api_football_fixtures_2024,,4,0,6.918625152625153,59.87,86.84,26.0,0.8181818181818181,60.3448275862069,57.87,94.74,71.34,64,12
219,Matteo Politano,Napoli,C,32,37,34,2828,3,4,0,0,0,0,0,0,0,37,1.0,7.057,7.37,0.2,False,0.8947368421052632,0,api_football_fixtures_2024,,3,0,6.991787693872363,68.8,89.47,11.5,0.365983026874116,67.14975845410628,63.01,97.37,76.81,37,15
877,Moise Kean,Fiorentina,A,25,32,31,2710,19,3,0,0,0,0,0,1,1,32,1.0,7.026,8.81,0.2,False,0.8157894736842105,2,api_football_fixtures_2024,,6,0,6.958827087442472,65.52,81.58,54.0,1.793357933579336,93.96551724137932,83.0,84.21,76.71,38,8
19524,Che Adams,Torino,A,29,36,30,2656,9,3,0,0,0,0,0,0,1,36,1.0,6.91,7.7,0.2,False,0.7894736842105263,1,api_football_fixtures_2024,,3,0,6.889053724053724,55.57,78.95,25.5,0.8640813253012047,64.65517241379311,60.95,94.74,68.63,88,20
217,Lautaro Martínez,Inter,A,28,31,31,2577,12,3,0,0,0,0,0,0,0,31,1.0,7.204,8.45,0.2,False,0.8157894736842105,0,api_football_fixtures_2024,,1,0,7.065706049941344,78.71,81.58,38.5,1.3445867287543656,85.34482758620689,76.2,81.58,79.23,26,6
275651,Ange-Yoan Bonny,Parma,A,22,37,30,2545,6,4,0,0,0,0,0,2,1,37,1.0,6.929,7.5,0.2,False,0.7894736842105263,2,api_football_fixtures_2024,,2,0,6.90175453591243,57.43,78.95,18.0,0.6365422396856582,44.827586206896555,46.18,97.37,65.99,106,23
15811,Artem Dovbyk,AS Roma,A,28,32,27,2430,12,2,0,0,0,0,0,2,0,32,1.0,6.962,8.15,0.2,False,0.7105263157894737,2,api_football_fixtures_2024,,0,0,6.919442472057856,59.99,71.05,38.0,1.4074074074074074,86.20689655172413,76.42,84.21,70.5,71,14
6420,Mateo Retegui,Atalanta,A,26,36,32,2402,25,8,0,0,0,0,0,4,1,36,1.0,7.443,9.71,0.2,False,0.8421052631578947,3,api_football_fixtures_2024,,3,0,7.231696581196581,92.12,84.21,78.5,2.941298917568693,100.0,86.37,94.74,89.1,2,1
50856,Valentín Castellanos,Lazio,A,27,29,28,2395,10,3,0,0,0,0,0,2,1,29,1.0,7.216,8.16,0.2,False,0.7368421052631579,2,api_football_fixtures_2024,,9,1,7.067163439734868,78.87,73.68,24.5,0.9206680584551148,68.96551724137932,63.79,76.32,73.42,56,11
199089,Lorenzo Lucca,Udinese,A,25,33,27,2361,12,1,0,0,0,0,0,1,0,33,1.0,6.97,7.94,0.2,False,0.7105263157894737,1,api_football_fixtures_2024,,10,0,6.925226576358652,60.81,71.05,32.0,1.2198221092757306,80.17241379310344,71.85,86.84,70.04,78,16
215,Sebastiano Esposito,Empoli,A,23,33,27,2341,8,0,0,0,0,0,0,1,1,33,1.0,7.133,7.84,0.2,False,0.7105263157894737,2,api_football_fixtures_2024,,1,0,7.026717142396388,74.27,71.05,20.5,0.7881247330200769,54.310344827586206,53.11,86.84,70.06,77,15
161859,Gaetano Oristanio,Venezia,C,23,37,29,2333,3,3,0,0,0,0,0,0,0,37,1.0,6.736,7.02,0.2,False,0.7631578947368421,0,api_football_fixtures_2024,,3,0,6.783419272819731,36.07,76.32,10.5,0.4050578654093442,69.56521739130434,64.12,97.37,62.34,142,43
311067,Santiago Castro,Bologna,A,21,36,27,2305,8,4,0,0,0,0,0,0,1,36,1.0,6.978,7.66,0.2,False,0.7105263157894737,1,api_football_fixtures_2024,,7,0,6.93276800976801,61.89,71.05,21.5,0.8394793926247288,62.06896551724138,58.68,94.74,68.3,92,22
21509,Marcus Thuram,Inter,A,28,32,27,2298,14,4,0,0,0,0,0,0,0,32,1.0,7.356,8.78,0.2,False,0.7105263157894737,0,api_football_fixtures_2024,,1,0,7.161904010519395,87.57,71.05,45.5,1.7819843342036552,93.10344827586206,80.97,84.21,81.29,18,4
18767,Ademola Lookman,Atalanta,A,28,31,28,2263,15,5,0,0,0,0,0,1,0,31,1.0,7.383,8.93,0.2,False,0.7368421052631579,1,api_football_fixtures_2024,,4,0,7.174509971509972,88.51,73.68,48.0,1.9089703932832525,95.6896551724138,82.69,81.58,82.31,14,3
263481,Lorenzo Colombo,Empoli,A,23,37,26,2249,6,2,0,0,0,0,0,1,0,37,1.0,6.847,7.29,0.2,False,0.6842105263157895,1,api_football_fixtures_2024,,5,1,6.848526465736993,49.58,68.42,16.5,0.6602934637616719,45.689655172413794,46.92,97.37,60.79,150,30
6931,Liberato Cacace,Empoli,D,25,33,24,2234,2,4,0,0,0,0,0,0,0,32,0.97,6.707,6.92,0.2,False,0.631578947368421,0,api_football_fixtures_2024,,6,0,6.769835848362164,33.14,63.16,7.0,0.2820053715308863,89.04761904761904,77.83,84.21,59.48,167,69
30603,Dany Mota,Monza,A,27,31,24,2111,5,2,0,0,0,0,0,0,0,31,1.0,6.946,7.45,0.2,False,0.631578947368421,0,api_football_fixtures_2024,,3,0,6.908882520529579,58.46,63.16,15.5,0.6608242539081004,46.55172413793103,47.58,81.58,60.38,157,32
194837,Tomáš Suslov,Verona,C,23,31,27,2097,0,1,0,0,0,0,0,0,0,31,1.0,6.899,6.79,0.2,False,0.7105263157894737,0,api_football_fixtures_2024,,7,1,6.888076442171071,52.74,71.05,-3.5,-0.15021459227467812,10.628019323671497,22.45,81.58,54.07,224,79
147859,Charles De Ketelaere,Atalanta,A,24,36,25,2080,7,7,0,0,0,0,0,0,0,36,1.0,7.224,7.99,0.2,False,0.6578947368421053,0,api_football_fixtures_2024,,1,0,7.090910866910867,81.33,65.79,27.5,1.189903846153846,78.44827586206897,69.86,94.74,76.59,40,9
1649,Patrick Cutrone,Como,A,27,33,23,2053,7,4,0,0,0,0,0,0,1,33,1.0,7.066,7.81,0.2,False,0.6052631578947368,1,api_football_fixtures_2024,,1,0,6.985000161264312,69.03,60.53,21.5,0.9425231368728689,71.55172413793103,64.98,86.84,68.56,89,21
1922,Florian Thauvin,Udinese,A,32,25,24,1971,8,3,0,0,0,0,0,1,2,25,1.0,7.259,8.34,0.2,False,0.631578947368421,2,api_football_fixtures_2024,,0,0,7.077822412155745,79.99,63.16,21.0,0.958904109589041,72.41379310344827,65.39,65.79,70.0,79,17
6662,Santiago Pierotti,Lecce,A,24,36,22,1947,4,2,0,0,0,0,0,0,0,36,1.0,6.778,7.06,0.2,False,0.5789473684210527,0,api_football_fixtures_2024,,6,1,6.804196581196581,43.05,57.89,10.0,0.4622496147919877,32.758620689655174,38.21,94.74,53.3,227,43
236955,Amin Sarr,Verona,A,24,32,25,1918,4,1,0,0,0,0,0,0,0,31,0.969,6.795,7.19,0.2,False,0.6578947368421053,0,api_football_fixtures_2024,,1,0,6.817098206804089,44.94,65.79,12.5,0.586548488008342,41.37931034482759,44.13,81.58,55.45,204,40
323936,Matías Soulé,AS Roma,A,22,27,22,1799,5,5,0,0,0,0,0,0,0,27,1.0,7.343,8.03,0.2,False,0.5789473684210527,0,api_football_fixtures_2024,,3,0,7.133787415893798,85.3,57.89,18.5,0.9255141745414119,69.82758620689656,63.22,71.05,70.79,68,13
30415,Dušan Vlahović,Juventus,A,25,29,21,1798,10,4,0,0,0,0,0,4,0,29,1.0,6.946,8.07,0.2,False,0.5526315789473685,3,api_football_fixtures_2024,,3,0,6.907367521367521,58.24,55.26,32.5,1.6268075639599557,91.37931034482759,77.58,76.32,65.04,120,25
30460,Gianluca Caprari,Monza,A,32,34,18,1662,3,2,0,0,0,0,0,2,0,33,0.971,6.988,7.27,0.2,False,0.4736842105263157,2,api_football_fixtures_2024,,3,0,6.936434123528463,62.4,47.37,9.5,0.5144404332129964,37.06896551724138,41.61,86.84,57.11,189,36
986,Joel Pohjanpalo,Venezia,A,31,20,19,1615,6,0,0,0,0,0,0,3,1,20,1.0,7.001,7.88,0.2,False,0.5,3,api_football_fixtures_2024,,1,0,6.926175213675213,60.95,50.0,14.5,0.8080495356037151,56.896551724137936,54.43,52.63,55.33,207,41
140831,Zito Luvumbo,Cagliari,A,23,26,19,1614,2,2,0,0,0,0,0,0,0,26,1.0,6.759,7.03,0.2,False,0.5,0,api_football_fixtures_2024,,2,0,6.799152359717577,42.31,50.0,7.0,0.39033457249070636,30.17241379310345,37.27,68.42,46.89,292,53
134926,Daniel Maldini,Monza,C,24,30,18,1571,6,0,0,0,0,0,0,0,0,30,1.0,6.89,7.41,0.2,False,0.4736842105263157,0,api_football_fixtures_2024,,5,0,6.882457971014492,51.83,47.37,15.5,0.8879694462126034,88.88888888888889,74.72,78.95,60.51,153,47
31692,Milan Đurić,Monza,A,35,27,16,1554,5,1,0,0,0,0,0,0,0,26,0.963,6.995,7.51,0.2,False,0.4210526315789473,0,api_football_fixtures_2024,,4,0,6.9325436640654035,61.85,42.11,14.0,0.8108108108108109,58.620689655172406,55.46,68.42,56.3,195,37
162703,Casper Tengstedt,Verona,A,25,25,20,1531,6,1,0,0,0,0,0,1,0,25,1.0,6.821,7.54,0.2,False,0.5263157894736842,1,api_football_fixtures_2024,,2,0,6.834489078822412,47.5,52.63,18.0,1.0581319399085565,74.13793103448276,65.2,65.79,55.95,200,38
286474,Matteo Cancellieri,Parma,A,23,27,19,1440,3,0,0,0,0,0,0,0,0,27,1.0,6.784,7.04,0.2,False,0.5,0,api_football_fixtures_2024,,2,1,6.812659756319331,44.28,50.0,7.0,0.4375,31.896551724137932,38.86,71.05,48.37,279,51
875,Paulo Dybala,AS Roma,A,32,24,16,1420,6,3,0,0,0,0,0,3,0,23,0.958,7.598,8.43,0.2,False,0.4210526315789473,2,api_football_fixtures_2024,,2,0,7.2507211290001985,93.11,42.11,20.0,1.267605633802817,82.75862068965517,70.05,60.53,69.71,81,18
340700,Jacopo Fazzini,Empoli,C,22,20,16,1393,4,1,0,0,0,0,0,0,0,20,1.0,7.089,7.64,0.2,False,0.4210526315789473,0,api_football_fixtures_2024,,2,1,6.980072463768116,67.1,42.11,11.0,0.7106963388370423,84.05797101449275,70.69,52.63,59.58,165,54
59421,Daniel Mosquera,Verona,A,26,35,12,1371,5,1,0,0,0,0,0,0,0,35,1.0,6.856,7.26,0.2,False,0.3157894736842105,0,api_football_fixtures_2024,,4,0,6.8543092463092465,50.44,31.58,14.0,0.9190371991247266,68.10344827586206,60.93,92.11,54.6,218,42
281408,Vitinha,Genoa,A,25,25,16,1338,2,3,0,0,0,0,0,0,0,24,0.96,6.772,7.09,0.2,False,0.4210526315789473,0,api_football_fixtures_2024,,2,0,6.808068376068376,43.61,42.11,8.0,0.5381165919282511,38.793103448275865,43.3,63.16,46.09,305,56
2522,Antonio Sanabria,Torino,A,29,26,16,1331,2,1,0,0,0,0,0,0,1,24,0.923,6.714,6.95,0.2,False,0.4210526315789473,1,api_football_fixtures_2024,,2,0,6.7764320124320125,39.04,42.11,3.0,0.20285499624342598,28.448275862068968,37.14,63.16,42.95,337,64
552,David Neres,Napoli,C,28,28,13,1294,2,4,0,0,0,0,0,0,0,28,1.0,7.056,7.39,0.2,False,0.3421052631578947,0,api_football_fixtures_2024,,1,0,6.978977053140096,66.94,34.21,9.5,0.6607418856259659,82.6086956521739,69.23,73.68,60.34,158,49
2799,Albert Guðmundsson,Fiorentina,A,28,24,16,1285,6,1,0,0,0,0,0,2,0,24,1.0,6.98,7.73,0.2,False,0.4210526315789473,2,api_football_fixtures_2024,,2,0,6.9215229215229215,60.28,42.11,18.0,1.2607003891050583,81.89655172413794,68.76,63.16,58.29,176,33
30629,Nicolas Viola,Cagliari,C,36,27,18,1280,3,1,0,0,0,0,0,0,0,26,0.963,6.878,7.21,0.2,False,0.4736842105263157,0,api_football_fixtures_2024,,2,0,6.875019533711405,50.63,47.37,9.0,0.6328125,82.1256038647343,68.86,68.42,57.04,191,66
25414,John Yeboah,Venezia,C,25,33,11,1231,1,1,0,0,0,0,0,0,0,33,1.0,6.753,6.78,0.2,False,0.2894736842105263,0,api_football_fixtures_2024,,6,0,6.7975829915231065,38.25,28.95,1.0,0.07311129163281885,42.51207729468599,45.67,86.84,45.07,312,114
483,Khvicha Kvaratskhelia,Napoli,A,24,17,15,1187,5,3,0,0,0,0,0,1,0,17,1.0,7.384,8.41,0.2,False,0.3947368421052631,1,api_football_fixtures_2024,,1,0,7.096081312081312,81.84,39.47,17.5,1.3268744734625104,84.48275862068965,69.61,44.74,62.63,140,28
19194,Tammy Abraham,AC Milan,A,28,29,12,1183,3,4,0,0,0,0,0,1,1,27,0.931,6.704,7.13,0.2,False,0.3157894736842105,2,api_football_fixtures_2024,,1,0,6.76670230951082,37.66,31.58,9.5,0.7227387996618766,52.58620689655172,51.47,71.05,44.6,318,58
21104,Randal Kolo Muani,Juventus,A,27,16,13,1164,8,1,0,0,0,0,0,1,0,16,1.0,7.13,8.69,0.2,False,0.3421052631578947,1,api_football_fixtures_2024,,0,0,6.975194681861348,67.73,34.21,25.0,1.9329896907216495,96.55172413793103,76.25,42.11,57.64,186,35
93016,Thijs Dallinga,Bologna,A,25,31,11,1163,3,2,0,0,0,0,0,0,0,28,0.903,6.811,7.15,0.2,False,0.2894736842105263,0,api_football_fixtures_2024,,1,0,6.827812678062678,46.52,28.95,10.5,0.8125537403267412,59.48275862068966,55.35,73.68,48.41,277,50
30789,Christian Kouamé,Fiorentina,A,28,26,10,1127,1,1,0,0,0,0,0,0,0,25,0.962,6.948,7.08,0.2,False,0.2631578947368421,0,api_football_fixtures_2024,,1,0,6.905044634377968,57.91,26.32,3.5,0.2795031055900621,29.310344827586203,38.5,65.79,46.34,301,54
48193,Pontus Almqvist,Parma,A,26,29,10,1120,1,1,0,0,0,0,0,0,0,28,0.966,6.699,6.75,0.2,False,0.2631578947368421,0,api_football_fixtures_2024,,5,0,6.7624793447293445,37.06,26.32,1.5,0.12053571428571429,25.862068965517242,36.62,73.68,39.76,366,72
30543,Giacomo Raspadori,Napoli,A,25,26,11,1119,6,1,0,0,0,0,0,0,0,25,0.962,7.294,8.01,0.2,False,0.2894736842105263,0,api_football_fixtures_2024,,1,0,7.097266856600189,81.96,28.95,18.5,1.487935656836461,88.79310344827587,71.5,65.79,63.66,126,26
791,Stephan El Shaarawy,AS Roma,C,33,31,12,1119,3,4,0,0,0,0,0,0,0,29,0.935,7.081,7.47,0.2,False,0.3157894736842105,0,api_football_fixtures_2024,,2,0,6.995344868382135,69.31,31.58,12.0,0.9651474530831099,90.82125603864735,72.62,76.32,61.76,144,44
53535,Eldor Shomurodov,AS Roma,A,30,27,11,1117,4,4,0,0,0,0,0,0,0,26,0.963,6.878,7.45,0.2,False,0.2894736842105263,0,api_football_fixtures_2024,,1,0,6.866413229282794,52.23,28.95,15.5,1.2488809310653537,81.03448275862068,67.19,68.42,52.58,236,45
31532,Patrick Ciurria,Monza,C,30,21,12,1117,1,1,0,0,0,0,0,0,0,21,1.0,6.902,7.07,0.2,False,0.3157894736842105,0,api_football_fixtures_2024,,1,0,6.886948745139626,52.56,31.58,3.5,0.2820053715308863,60.86956521739131,56.02,55.26,48.59,275,101
59,Álvaro Morata,AC Milan,A,33,16,13,1105,5,0,0,0,0,0,0,0,0,16,1.0,6.985,7.77,0.2,False,0.3421052631578947,0,api_football_fixtures_2024,,5,0,6.910750237416904,58.73,34.21,12.5,1.0180995475113122,73.27586206896551,62.83,42.11,51.13,248,47
2299,Pedro,Lazio,A,38,30,6,1093,10,1,0,0,0,0,0,2,0,29,0.967,7.14,8.14,0.2,False,0.1578947368421052,2,api_football_fixtures_2024,,2,0,7.022183847898133,73.72,15.79,30.0,2.4702653247941444,99.13793103448276,76.95,76.32,60.43,155,31
19185,Keinan Davis,Udinese,A,27,23,10,1071,2,1,0,0,0,0,0,0,0,22,0.957,6.986,7.25,0.2,False,0.2631578947368421,0,api_football_fixtures_2024,,2,0,6.921881155881156,60.34,26.32,6.0,0.5042016806722689,36.206896551724135,42.51,57.89,47.01,289,52
1278,Yann Karamoh,Torino,A,27,29,10,1058,0,1,0,0,0,0,0,0,0,28,0.966,6.555,6.56,0.2,False,0.2631578947368421,0,api_football_fixtures_2024,,2,0,6.678479344729345,26.03,26.32,0.0,0.0,14.224137931034484,30.67,73.68,34.41,421,84
343287,Dailon Rocha Livramento,Verona,A,24,29,8,953,1,1,0,0,0,0,0,0,0,28,0.966,6.566,6.64,0.2,False,0.2105263157894736,0,api_football_fixtures_2024,,2,1,6.684896011396011,26.81,21.05,2.0,0.1888772298006296,27.586206896551722,38.47,73.68,35.32,409,81
133729,Tijjani Noslin,Lazio,A,26,30,8,894,2,2,0,0,0,0,0,0,0,27,0.9,6.779,7.01,0.2,False,0.2105263157894736,0,api_football_fixtures_2024,,2,0,6.8097874158937985,43.86,21.05,7.0,0.7046979865771812,50.0,50.0,71.05,43.77,330,62
42315,Mehdi Taremi,Inter,A,33,26,7,816,1,2,0,0,0,0,0,1,0,24,0.923,6.907,7.08,0.2,False,0.1842105263157894,1,api_football_fixtures_2024,,1,0,6.881704739704739,54.49,18.42,4.5,0.4963235294117647,35.3448275862069,43.03,63.16,43.91,328,60
1831,Ante Rebić,Lecce,A,32,27,7,799,1,0,0,0,0,0,0,0,0,25,0.926,6.745,6.76,0.2,False,0.1842105263157894,0,api_football_fixtures_2024,,3,1,6.79226685660019,41.31,18.42,0.5,0.056320400500625784,24.137931034482758,37.84,65.79,38.39,381,75
451504,Jeff Ekhator,Genoa,A,19,24,6,787,1,1,0,0,0,0,0,0,0,24,1.0,6.666,6.81,0.2,False,0.1578947368421052,0,api_football_fixtures_2024,,1,0,6.750250194250194,35.36,15.79,3.5,0.40025412960609913,31.03448275862069,41.15,63.16,36.09,404,79
2738,Christian Gytkjær,Venezia,A,35,29,6,769,2,1,0,0,0,0,0,1,0,26,0.897,6.619,6.86,0.2,False,0.1578947368421052,1,api_football_fixtures_2024,,0,0,6.720021924934969,31.28,15.79,7.0,0.8192457737321196,61.206896551724135,55.16,68.42,38.95,376,74
39271,Ola Solbakken,Empoli,A,27,21,8,764,0,0,0,0,0,0,0,0,0,21,1.0,6.55,6.5,0.2,False,0.2105263157894736,0,api_football_fixtures_2024,,2,0,6.697000208463622,28.32,21.05,-1.0,-0.11780104712041886,4.310344827586207,29.02,55.26,30.72,474,93
292172,Mateo Pellegrino,Parma,A,24,13,8,745,3,1,0,0,0,0,0,0,0,13,1.0,6.766,7.46,0.2,False,0.2105263157894736,0,api_football_fixtures_2024,,2,0,6.817727531727532,45.03,21.05,9.0,1.087248322147651,75.0,61.32,34.21,41.49,350,68
1854,Joaquín Correa,Inter,A,31,19,6,735,2,2,0,0,0,0,0,0,0,19,1.0,7.261,7.6,0.2,False,0.1578947368421052,0,api_football_fixtures_2024,,3,0,7.050923296077142,77.08,15.79,6.5,0.7959183673469389,55.172413793103445,52.33,50.0,51.51,244,46
786,Nicolò Zaniolo,Fiorentina,C,26,23,4,700,2,2,0,0,0,0,0,0,0,22,0.957,6.658,6.83,0.2,False,0.1052631578947368,0,api_football_fixtures_2024,,6,1,6.759497584541063,32.5,10.53,4.0,0.5142857142857142,74.8792270531401,60.88,57.89,37.91,389,144
330599,Iker Bravo,Udinese,A,20,29,4,688,2,1,0,0,0,0,0,0,0,29,1.0,6.683,6.87,0.2,False,0.1052631578947368,0,api_football_fixtures_2024,,3,0,6.751714460143031,35.56,10.53,5.5,0.7194767441860466,51.724137931034484,50.75,76.32,39.21,371,73
94562,Santiago Giménez,AC Milan,A,24,14,7,676,5,2,0,0,0,0,0,0,1,14,1.0,6.787,7.82,0.2,False,0.1842105263157894,1,api_football_fixtures_2024,,3,1,6.8248531925590745,46.08,18.42,11.5,1.5310650887573964,90.51724137931035,67.38,36.84,43.1,335,63
161621,Loum Tchaouna,Lazio,C,22,24,6,653,1,0,0,0,0,0,0,0,0,23,0.958,6.455,6.46,0.2,False,0.1578947368421052,0,api_football_fixtures_2024,,4,1,6.64855578024941,18.29,15.79,0.0,0.0,31.642512077294686,42.28,60.53,30.0,493,175
213,Keita Baldé,Monza,A,30,11,8,641,2,0,0,0,0,0,0,0,0,11,1.0,6.765,7.22,0.2,False,0.2105263157894736,0,api_football_fixtures_2024,,2,0,6.820709953129308,45.47,21.05,5.0,0.702028081123245,49.137931034482754,49.64,28.95,37.93,388,77
30438,Nicolò Cambiaghi,Bologna,A,25,18,4,614,1,3,0,0,0,0,0,0,0,18,1.0,7.049,7.38,0.2,False,0.1052631578947368,0,api_football_fixtures_2024,,0,0,6.944973909131804,63.6,10.53,6.0,0.8794788273615635,66.37931034482759,56.64,47.37,46.16,303,55
30509,Andrea Belotti,Como,A,32,18,7,611,2,0,0,0,0,0,0,0,0,17,0.944,6.829,7.13,0.2,False,0.1842105263157894,0,api_football_fixtures_2024,,1,0,6.841081312081312,48.48,18.42,5.5,0.8101472995090017,57.758620689655174,53.14,44.74,41.57,348,67
2495,Duván Zapata,Torino,A,34,7,7,589,3,0,0,0,0,0,0,0,0,7,1.0,7.092,8.31,0.2,False,0.1842105263157894,0,api_football_fixtures_2024,,1,0,6.913741057296613,59.17,18.42,8.5,1.298811544991511,83.62068965517241,63.3,18.42,43.9,329,61
26845,Anastasios Douvikas,Como,A,26,13,6,578,2,2,0,0,0,0,0,0,0,12,0.923,6.93,7.51,0.2,False,0.1578947368421052,0,api_football_fixtures_2024,,1,0,6.880844017094017,54.36,15.79,7.5,1.1678200692041523,77.58620689655173,60.79,31.58,42.91,338,65
1828,Luka Jović,AC Milan,A,28,15,6,568,2,0,0,0,0,0,0,0,0,15,1.0,6.807,7.17,0.2,False,0.1578947368421052,0,api_football_fixtures_2024,,1,0,6.832343101343102,47.19,15.79,5.5,0.8714788732394365,65.51724137931035,56.0,39.47,40.38,359,71
18830,Marko Arnautović,Inter,A,36,18,5,562,4,2,0,0,0,0,0,0,0,17,0.944,7.028,7.78,0.2,False,0.131578947368421,0,api_football_fixtures_2024,,1,0,6.932513744513744,61.85,13.16,13.5,2.1619217081850532,97.41379310344827,68.23,44.74,48.7,272,49
3430,Caleb Ekuban,Genoa,A,31,18,3,543,1,3,0,0,0,0,0,0,0,18,1.0,6.723,7.03,0.2,False,0.0789473684210526,0,api_football_fixtures_2024,,1,0,6.790552856500224,41.06,7.89,5.5,0.9116022099447514,67.24137931034483,56.49,47.37,37.57,395,78
290536,Daniel Fila,Venezia,A,23,10,6,500,2,0,0,0,0,0,0,0,0,10,1.0,6.694,7.04,0.2,False,0.1578947368421052,0,api_football_fixtures_2024,,3,1,6.798900284900284,42.27,15.79,3.5,0.63,43.96551724137931,47.84,26.32,34.65,416,83
9072,Mirko Marić,Venezia,A,30,18,5,476,0,0,0,0,0,0,0,0,0,17,0.944,6.549,6.55,0.2,False,0.131578947368421,0,api_football_fixtures_2024,,0,0,6.712432663432663,30.29,13.16,0.0,0.0,14.224137931034484,37.62,44.74,30.01,491,98
48389,Noah Okafor,AC Milan,A,25,15,5,469,1,0,0,0,0,0,0,0,0,15,1.0,6.547,6.75,0.2,False,0.131578947368421,0,api_football_fixtures_2024,,0,0,6.72091452991453,31.4,13.16,3.0,0.5756929637526652,39.6551724137931,46.46,39.47,31.81,458,87
312985,Samuele Vignato,Monza,C,21,17,3,467,0,0,0,0,0,0,0,0,0,15,0.882,6.549,6.55,0.2,False,0.0789473684210526,0,api_football_fixtures_2024,,0,0,6.73308281573499,28.74,7.89,0.0,0.0,31.642512077294686,43.73,39.47,28.89,534,192
30573,Leonardo Pavoletti,Cagliari,A,37,26,1,461,2,0,0,0,0,0,0,0,0,25,0.962,6.855,6.99,0.2,False,0.0263157894736842,0,api_football_fixtures_2024,,5,0,6.853377967711301,50.3,2.63,3.5,0.6832971800433839,47.41379310344828,49.12,65.79,40.41,358,70
432057,Anas Haj Mohamed,Parma,A,20,15,3,455,1,2,0,0,0,0,0,0,0,15,1.0,6.796,7.0,0.2,False,0.0789473684210526,0,api_football_fixtures_2024,,4,0,6.827628815628816,46.49,7.89,3.0,0.5934065934065934,42.241379310344826,47.39,39.47,36.01,405,80
30414,Giovanni Simeone,Napoli,A,30,30,1,440,1,1,0,0,0,0,0,0,0,27,0.9,6.592,6.71,0.2,False,0.0263157894736842,0,api_football_fixtures_2024,,1,0,6.702361883978905,28.99,2.63,3.5,0.7159090909090908,50.86206896551724,50.28,71.05,34.03,430,85
910,Alexis Sánchez,Udinese,A,37,13,6,439,0,0,0,0,0,0,0,0,0,13,1.0,6.666,6.67,0.2,False,0.1578947368421052,0,api_football_fixtures_2024,,0,0,6.778333592333592,39.31,15.79,0.0,0.0,14.224137931034484,38.27,34.21,32.4,446,86
123,Pietro Pellegri,Empoli,A,24,11,5,413,3,0,0,0,0,0,0,0,0,10,0.909,6.943,7.63,0.2,False,0.131578947368421,0,api_football_fixtures_2024,,3,0,6.881900284900285,54.52,13.16,7.5,1.6343825665859564,92.24137931034483,63.29,26.32,42.14,343,66
9975,Brenner,Udinese,A,25,9,5,390,1,2,0,0,0,0,0,0,0,8,0.889,6.84,7.4,0.2,False,0.131578947368421,0,api_football_fixtures_2024,,0,0,6.848107448107448,49.52,13.16,5.0,1.1538461538461537,76.72413793103449,58.08,21.05,38.3,384,76
383006,Alieu Njie,Torino,A,20,16,0,385,1,0,0,0,0,0,0,0,0,14,0.875,6.668,6.82,0.2,False,0.0,0,api_football_fixtures_2024,,1,0,6.775853192559075,38.95,0.0,2.5,0.5844155844155845,40.51724137931034,47.16,36.84,30.95,470,91
30879,Andrea Petagna,Monza,A,30,13,2,333,0,0,0,0,0,0,0,0,0,11,0.846,6.612,6.57,0.2,False,0.0526315789473684,0,api_football_fixtures_2024,,1,0,6.766419630548663,37.62,5.26,-0.5,-0.13513513513513514,3.4482758620689653,37.43,28.95,28.18,551,109
25079,Silvère Ganvoula,Monza,A,29,7,4,325,0,0,0,0,0,0,0,0,0,7,1.0,6.49,6.49,0.2,False,0.1052631578947368,0,api_football_fixtures_2024,,0,0,6.7576669832225384,36.39,10.53,0.0,0.0,14.224137931034484,40.51,18.42,28.26,548,108
8643,Konan N'Dri,Lecce,A,25,11,2,313,0,0,0,0,0,0,0,0,0,10,0.909,6.634,6.63,0.2,False,0.0526315789473684,0,api_football_fixtures_2024,,0,0,6.778900284900285,39.39,5.26,0.0,0.0,14.224137931034484,40.77,26.32,29.24,522,102
30790,Gianluca Lapadula,Cagliari,A,35,12,1,306,0,0,0,0,0,0,0,0,0,12,1.0,6.621,6.58,0.2,False,0.0263157894736842,0,api_football_fixtures_2024,,1,0,6.7649690170940175,37.41,2.63,-0.5,-0.14705882352941177,2.586206896551724,37.97,31.58,27.98,557,113
72388,Gabriel Charpentier,Parma,A,26,10,0,266,1,2,0,0,0,0,0,0,0,10,1.0,7.105,7.55,0.2,False,0.0,0,api_football_fixtures_2024,,1,0,6.935900284900285,62.33,0.0,4.5,1.5225563909774436,89.65517241379311,59.05,26.32,40.52,357,69
43033,Florinel Coman,Cagliari,A,27,9,2,258,1,0,0,0,0,0,0,0,0,9,1.0,6.66,6.88,0.2,False,0.0526315789473684,0,api_football_fixtures_2024,,2,0,6.791965811965812,41.27,5.26,2.0,0.6976744186046512,48.275862068965516,49.62,23.68,31.72,461,89
665,Maxwel Cornet,Genoa,C,29,7,2,242,2,1,0,0,0,0,0,0,0,7,1.0,6.908,7.91,0.2,False,0.0526315789473684,0,api_football_fixtures_2024,,0,0,6.880699946323135,51.55,5.26,7.0,2.603305785123967,99.03381642512076,60.39,18.42,37.22,397,148
85,Cyril Ngonge,Napoli,A,25,18,1,238,0,0,0,0,0,0,0,0,0,16,0.889,6.698,6.64,0.2,False,0.0263157894736842,0,api_football_fixtures_2024,,2,0,6.783194681861349,40.0,2.63,-1.0,-0.37815126050420167,0.8620689655172413,39.72,42.11,30.91,471,92
284242,Omari Forson,Monza,C,21,9,1,222,0,0,0,0,0,0,0,0,0,9,1.0,6.716,6.72,0.2,False,0.0263157894736842,0,api_football_fixtures_2024,,0,0,6.822996501749126,42.24,2.63,0.0,0.0,31.642512077294686,46.37,23.68,30.59,475,168
436260,Francesco Camarda,AC Milan,A,17,10,1,214,0,0,0,0,0,0,0,0,0,9,0.9,6.72,6.72,0.2,False,0.0263157894736842,0,api_football_fixtures_2024,,0,0,6.810586501620985,43.98,2.63,0.0,0.0,14.224137931034484,43.13,23.68,30.39,480,94
40592,Adrian Benedyczak,Parma,A,25,9,2,213,0,0,0,0,0,0,0,0,0,9,1.0,6.531,6.53,0.2,False,0.0526315789473684,0,api_football_fixtures_2024,,0,0,6.751931329207191,35.59,5.26,0.0,0.0,14.224137931034484,43.15,23.68,28.11,554,110
443141,Kevin Martins,Monza,C,20,9,1,197,0,1,0,0,0,0,0,0,0,8,0.889,6.706,6.76,0.2,False,0.0263157894736842,0,api_football_fixtures_2024,,1,0,6.82396066252588,42.4,2.63,0.5,0.22842639593908629,55.072463768115945,50.91,21.05,31.38,464,164
287374,Emmanuel Ekong,Empoli,A,23,15,0,188,0,0,0,0,0,0,0,0,0,13,0.867,6.513,6.48,0.2,False,0.0,0,api_football_fixtures_2024,,1,0,6.718060865060865,31.02,0.0,-0.5,-0.23936170212765956,1.7241379310344827,41.66,34.21,26.4,573,115
106257,Alessandro Gabrielloni,Como,A,31,15,0,173,1,1,0,0,0,0,0,0,0,13,0.867,6.592,6.83,0.2,False,0.0,0,api_football_fixtures_2024,,1,0,6.749182077182077,35.21,0.0,3.5,1.8208092485549132,94.82758620689656,57.23,34.21,31.76,459,88
452033,Lorenzo Venturino,Genoa,C,19,6,1,163,2,0,0,0,0,0,0,0,0,6,1.0,7.265,8.27,0.2,False,0.0263157894736842,0,api_football_fixtures_2024,,0,0,6.962034559643255,64.41,2.63,6.0,3.3128834355828225,100.0,57.67,15.79,39.99,363,130
408540,Kingstone Mutandwa,Cagliari,A,22,6,0,136,0,0,0,0,0,0,0,0,0,6,1.0,6.444,6.44,0.2,False,0.0,0,api_football_fixtures_2024,,0,0,6.757346482577252,36.34,0.0,0.0,0.0,14.224137931034484,45.3,15.79,26.41,572,114
162173,Samuel Iling Junior,Bologna,C,22,7,0,131,1,0,0,0,0,0,0,0,0,7,1.0,6.865,7.29,0.2,False,0.0,0,api_football_fixtures_2024,,0,0,6.869551798174987,49.74,0.0,3.0,2.0610687022900764,98.06763285024155,56.11,18.42,34.2,425,152
314254,Antonio Raimondo,Venezia,A,21,9,0,116,0,0,0,0,0,0,0,0,0,8,0.889,6.344,6.34,0.2,False,0.0,0,api_football_fixtures_2024,,0,0,6.706393162393162,29.51,0.0,0.0,0.0,14.224137931034484,45.92,21.05,24.96,580,117
395761,Mathis Lambourde,Verona,A,19,7,0,104,1,0,0,0,0,0,0,0,0,7,1.0,6.554,6.91,0.2,False,0.0,0,api_football_fixtures_2024,,1,0,6.774259575815131,38.73,0.0,2.5,2.1634615384615388,98.27586206896551,55.0,18.42,30.07,489,97
30570,Alberto Cerri,Como,A,29,5,0,86,0,0,0,0,0,0,0,0,0,4,0.8,6.194,6.19,0.2,False,0.0,0,api_football_fixtures_2024,,0,0,6.741792022792023,34.2,0.0,0.0,0.0,14.224137931034484,46.88,10.53,25.27,578,116
30849,Nicholas Pierini,Venezia,A,27,2,0,82,0,0,0,0,0,0,0,0,0,2,1.0,6.59,6.59,0.2,False,0.0,0,api_football_fixtures_2024,,0,0,6.827591297591297,46.48,0.0,0.0,0.0,14.224137931034484,47.01,5.26,28.81,537,105
30490,Nicola Sansone,Lecce,A,34,5,0,71,0,0,0,0,0,0,0,0,0,4,0.8,6.746,6.75,0.2,False,0.0,0,api_football_fixtures_2024,,0,0,6.833792022792022,47.4,0.0,0.0,0.0,14.224137931034484,47.38,10.53,30.01,491,98
177745,Faride Alidou,Verona,C,24,3,0,68,0,0,0,0,0,0,0,0,0,3,1.0,6.635,6.64,0.2,False,0.0,0,api_football_fixtures_2024,,0,0,6.840343415248897,45.02,0.0,0.0,0.0,31.642512077294686,48.71,7.89,29.12,527,188
1917,Mario Balotelli,Genoa,A,35,6,0,67,0,0,0,0,0,0,0,0,0,5,0.833,6.583,6.42,0.2,False,0.0,0,api_football_fixtures_2024,,2,0,6.7976803418803415,42.1,0.0,-1.0,-1.3432835820895521,0.0,46.54,13.16,28.34,544,107
290807,Vanja Vlahović,Atalanta,A,21,3,0,57,0,0,0,0,0,0,0,0,0,3,1.0,6.8,6.8,0.2,False,0.0,0,api_football_fixtures_2024,,0,0,6.84465254552211,49.01,0.0,0.0,0.0,14.224137931034484,47.87,7.89,30.3,483,96
30803,Antonín Barák,Fiorentina,C,31,1,1,55,0,0,0,0,0,0,0,0,0,1,1.0,7.3,7.3,0.2,False,0.0263157894736842,0,api_football_fixtures_2024,,0,0,6.891566597653554,53.31,2.63,0.0,0.0,31.642512077294686,48.94,2.63,31.95,454,159
310109,David Ankeye,Genoa,A,23,4,0,47,0,0,0,0,0,0,0,0,0,4,1.0,6.496,6.5,0.2,False,0.0,0,api_football_fixtures_2024,,0,0,6.792125356125356,41.29,0.0,0.0,0.0,14.224137931034484,48.22,10.53,28.09,555,111
327763,Rareș Cătălin Burnete,Lecce,A,21,4,0,35,0,0,0,0,0,0,0,0,0,3,0.75,6.429,6.43,0.2,False,0.0,0,api_football_fixtures_2024,,0,0,6.796261241174284,41.89,0.0,0.0,0.0,14.224137931034484,48.66,7.89,28.01,556,112
471040,Alessio Cacciamani,Torino,C,18,2,0,29,0,0,0,0,0,0,0,0,0,2,1.0,6.769,6.77,0.2,False,0.0,0,api_football_fixtures_2024,,0,0,6.861859025032938,48.49,0.0,0.0,0.0,31.642512077294686,49.43,5.26,30.12,488,174
344165,Damián Pizarro,Udinese,A,20,2,0,24,0,0,0,0,0,0,0,0,0,2,1.0,6.4,6.4,0.2,False,0.0,0,api_football_fixtures_2024,,0,0,6.81031857031857,43.94,0.0,0.0,0.0,14.224137931034484,49.07,5.26,28.44,543,106
30544,Gianluca Scamacca,Atalanta,A,26,1,0,13,0,0,0,0,0,0,0,0,0,1,1.0,6.9,6.9,0.2,False,0.0,0,api_football_fixtures_2024,,0,0,6.853667073667073,50.34,0.0,0.0,0.0,14.224137931034484,49.49,2.63,30.39,480,94
359100,Alphadjo Cissè,Verona,C,19,2,0,12,0,0,0,0,0,0,0,0,0,1,0.5,6.9,6.9,0.2,False,0.0,0,api_football_fixtures_2024,,0,0,6.872518978605935,50.22,0.0,0.0,0.0,31.642512077294686,49.76,2.63,30.41,479,170
128478,Walid Cheddira,Napoli,A,27,1,0,11,0,0,0,0,0,0,0,0,0,1,1.0,6.7,6.7,0.2,False,0.0,0,api_football_fixtures_2024,,0,0,6.844143264143264,48.93,0.0,0.0,0.0,14.224137931034484,49.57,2.63,29.91,498,100
31060,Francesco Caputo,Empoli,A,37,1,0,10,0,0,0,0,0,0,0,0,0,1,1.0,6.3,6.3,0.2,False,0.0,0,api_football_fixtures_2024,,0,0,6.825095645095645,46.11,0.0,0.0,0.0,14.224137931034484,49.61,2.63,28.94,532,104
336555,Estanis Pedrola,Bologna,A,22,1,0,8,0,0,0,0,0,0,0,0,0,1,1.0,7.2,7.2,0.2,False,0.0,0,api_football_fixtures_2024,,0,0,6.867952787952787,52.46,0.0,0.0,0.0,14.224137931034484,49.68,2.63,31.18,467,90
1454,Mattéo Guendouzi,Lazio,C,26,37,37,3274,1,3,0,0,0,0,0,0,0,37,1.0,7.081,7.15,0.2,False,0.9736842105263158,0,api_football_fixtures_2024,,7,0,7.007366641240783,71.01,97.37,2.5,0.06872327428222358,42.028985507246375,43.75,97.37,74.74,50,18
30845,Emmanuel Gyasi,Empoli,C,31,37,37,3224,2,1,0,0,0,0,0,0,0,37,1.0,6.702,6.82,0.2,False,0.9736842105263158,0,api_football_fixtures_2024,,5,0,6.761349097381134,32.77,97.37,4.5,0.12562034739454095,49.275362318840585,49.43,97.37,62.78,138,42
2807,Remo Freuler,Bologna,C,33,37,37,3214,1,2,0,0,0,0,0,0,0,37,1.0,6.989,7.04,0.2,False,0.9736842105263158,0,api_football_fixtures_2024,,6,0,6.947647342995169,62.21,97.37,2.0,0.056004978220286245,41.54589371980676,43.4,97.37,71.57,62,19
48047,Jesper Karlström,Udinese,C,30,37,36,3189,0,3,0,0,0,0,0,0,0,37,1.0,6.761,6.72,0.2,False,0.9473684210526316,0,api_football_fixtures_2024,,9,0,6.799647342995169,38.57,94.74,-1.5,-0.04233301975540922,20.28985507246377,26.83,97.37,58.5,173,58
227,Angeliño,AS Roma,D,29,38,36,3188,2,1,5,0,0,0,0,0,0,38,1.0,7.11,7.28,0.2,False,0.9473684210526316,0,api_football_fixtures_2024,,1,0,7.027370070945389,75.21,94.74,6.5,0.18350062735257214,80.95238095238095,74.14,100.0,83.54,10,4
296560,Jackson Tchatchoua,Verona,D,24,36,36,3169,2,3,0,0,0,0,0,0,0,36,1.0,6.686,6.81,0.2,False,0.9473684210526316,0,api_football_fixtures_2024,,7,1,6.751847573479152,30.36,94.74,4.5,0.12780056800252446,74.28571428571429,68.91,94.74,65.75,110,44
36902,Tijjani Reijnders,AC Milan,C,27,37,36,3132,10,4,0,0,0,0,0,0,0,37,1.0,7.319,8.18,0.2,False,0.9473684210526316,0,api_football_fixtures_2024,,2,1,7.161857869310959,88.13,94.74,32.0,0.9195402298850576,89.85507246376811,80.96,97.37,89.37,1,1
15881,Morten Frendrup,Genoa,C,24,35,35,3107,2,0,0,0,0,0,0,0,0,35,1.0,6.992,7.09,0.2,False,0.9210526315789472,0,api_football_fixtures_2024,,5,0,6.948052700922267,62.27,92.11,3.5,0.1013839716768587,46.3768115942029,47.19,92.11,70.43,72,22
30432,Marten de Roon,Atalanta,C,34,36,34,3058,4,4,2,0,0,0,0,0,0,36,1.0,7.16,7.53,0.2,False,0.8947368421052632,0,api_football_fixtures_2024,,5,0,7.0568374741200826,77.48,89.47,13.5,0.3973185088293002,68.59903381642512,64.37,94.74,79.79,22,8
1014,Simon Sohm,Parma,C,24,37,36,2999,4,0,0,0,0,0,0,0,0,37,1.0,6.89,7.13,0.2,False,0.9473684210526316,0,api_football_fixtures_2024,,6,0,6.883384185100432,51.98,94.74,9.0,0.2700900300100033,59.90338164251207,57.62,97.37,70.89,67,21
903,Scott McTominay,Napoli,C,29,34,33,2941,12,4,0,0,0,0,0,0,0,34,1.0,7.267,8.4,0.2,False,0.868421052631579,0,api_football_fixtures_2024,,3,0,7.120387010198605,84.44,86.84,38.5,1.1781706902414144,95.16908212560386,84.59,89.47,85.83,6,3
10097,Éderson,Atalanta,C,26,37,32,2888,4,1,0,0,0,0,0,0,0,37,1.0,7.208,7.46,0.2,False,0.8421052631578947,0,api_football_fixtures_2024,,5,1,7.089805237732011,81.29,84.21,9.5,0.29605263157894735,61.35265700483091,58.66,97.37,78.77,29,12
30775,Giuseppe Pezzella,Empoli,D,28,35,34,2887,0,3,0,0,0,0,0,0,0,35,1.0,6.81,6.8,0.2,False,0.8947368421052632,0,api_football_fixtures_2024,,7,0,6.831953892996955,43.38,89.47,-0.5,-0.015587114651887774,36.666666666666664,39.84,92.11,61.33,146,62
881,Hans Nicolussi Caviglia,Venezia,C,25,35,33,2870,4,2,0,0,0,0,0,0,0,35,1.0,6.935,7.21,0.2,False,0.868421052631579,0,api_football_fixtures_2024,,7,1,6.911779973649539,56.56,86.84,9.5,0.2979094076655052,61.83574879227053,59.01,92.11,70.07,76,24
3406,Frank Anguissa,Napoli,C,30,35,32,2857,6,4,0,0,0,0,0,0,0,35,1.0,7.109,7.67,0.2,False,0.8421052631578947,0,api_football_fixtures_2024,,5,0,7.0225072463768115,73.07,84.21,19.5,0.6142807140357018,81.64251207729468,74.06,92.11,78.96,27,10
26828,Georgios Kyriakopoulos,Monza,D,29,34,33,2851,2,4,0,0,0,0,0,0,0,34,1.0,6.921,7.14,0.2,False,0.868421052631579,0,api_football_fixtures_2024,,5,0,6.902249335459862,55.5,86.84,7.5,0.23675903191862505,86.19047619047619,77.51,89.47,73.93,53,19
30533,Manuel Locatelli,Juventus,C,27,36,34,2840,2,2,0,0,0,0,0,1,0,36,1.0,7.364,7.46,0.2,False,0.8947368421052632,1,api_football_fixtures_2024,,9,0,7.18798033126294,90.1,89.47,3.5,0.11091549295774648,47.34299516908212,47.98,94.74,80.11,20,7
31056,Samuele Ricci,Torino,C,24,34,34,2836,1,1,0,0,0,0,0,0,0,34,1.0,6.861,6.83,0.2,False,0.8947368421052632,0,api_football_fixtures_2024,,8,1,6.8647573805689746,48.96,89.47,-1.0,-0.03173483779971791,22.22222222222222,28.91,89.47,60.16,161,51
128461,Nadir Zortea,Cagliari,D,26,35,33,2736,6,2,0,0,0,0,0,0,0,35,1.0,6.682,7.22,0.2,False,0.868421052631579,0,api_football_fixtures_2024,,2,0,6.7504993475424095,30.15,86.84,19.0,0.625,98.09523809523809,86.19,92.11,67.63,98,38
30784,Nicolò Rovella,Lazio,C,24,33,31,2728,0,3,0,0,0,0,0,0,0,33,1.0,7.137,7.03,0.2,False,0.8157894736842105,0,api_football_fixtures_2024,,13,0,7.036677331145747,74.94,81.58,-3.5,-0.11546920821114369,14.492753623188406,23.3,86.84,65.48,113,33
30822,Tommaso Augello,Cagliari,D,31,38,30,2723,0,7,1,0,0,0,0,0,0,38,1.0,6.948,7.09,0.2,False,0.7894736842105263,0,api_football_fixtures_2024,,3,0,6.921232139910906,58.73,78.95,5.5,0.18178479618068308,80.47619047619048,72.91,100.0,73.52,55,21
30937,Mattia Zaccagni,Lazio,C,30,34,33,2706,8,6,0,0,0,0,0,2,0,34,1.0,7.406,8.14,0.2,False,0.868421052631579,2,api_football_fixtures_2024,,10,0,7.207905528717123,91.44,86.84,25.0,0.8314855875831486,87.43961352657004,78.1,89.47,86.66,5,2
350037,Nico Paz,Como,C,21,35,30,2699,6,8,0,0,0,0,0,0,1,35,1.0,7.272,7.93,0.2,False,0.7894736842105263,1,api_football_fixtures_2024,,6,0,7.126234519104084,85.0,78.95,20.0,0.6669136717302705,83.57487922705315,75.18,92.11,82.1,15,6
30768,Pedro Pereira,Monza,D,28,35,32,2691,1,3,0,0,0,0,0,0,0,35,1.0,6.628,6.66,0.2,False,0.8421052631578947,0,api_football_fixtures_2024,,10,0,6.716135711178773,25.17,84.21,1.0,0.033444816053511704,60.476190476190474,57.85,92.11,58.14,180,75
1748,Lassana Coulibaly,Lecce,C,29,38,30,2678,1,0,0,0,0,0,0,0,0,38,1.0,6.741,6.78,0.2,False,0.7894736842105263,0,api_football_fixtures_2024,,3,0,6.78587756121939,36.45,78.95,1.5,0.05041075429424944,40.57971014492754,42.95,100.0,58.23,177,59
47439,Stanislav Lobotka,Napoli,C,31,32,31,2647,0,1,0,0,0,0,0,0,0,32,1.0,7.084,7.07,0.2,False,0.8157894736842105,0,api_football_fixtures_2024,,3,0,7.002132664437012,70.27,81.58,-0.5,-0.017000377786173027,23.18840579710145,29.99,84.21,65.12,118,36
31624,Gabriel Strefezza,Como,C,28,37,32,2632,6,4,0,0,0,0,0,0,0,37,1.0,7.207,7.73,0.2,False,0.8421052631578947,0,api_football_fixtures_2024,,5,0,7.089156114924994,81.22,84.21,19.5,0.6667933130699089,83.09178743961353,74.66,97.37,82.75,12,5
162266,Lucas Da Cunha,Como,C,24,36,30,2625,3,2,0,0,0,0,0,0,0,36,1.0,7.259,7.51,0.2,False,0.7894736842105263,0,api_football_fixtures_2024,,4,0,7.12048033126294,84.45,78.95,9.0,0.30857142857142855,64.25120772946859,60.61,94.74,78.66,30,13
302432,Alessandro Bianco,Monza,C,23,35,29,2622,1,0,0,0,0,0,0,0,0,35,1.0,6.816,6.77,0.2,False,0.7631578947368421,0,api_football_fixtures_2024,,9,0,6.8360527009222665,44.33,76.32,-1.5,-0.05148741418764302,19.806763285024154,27.52,92.11,55.29,208,70
22147,Manu Koné,AS Roma,C,24,34,31,2582,2,1,0,0,0,0,0,0,0,34,1.0,6.952,7.07,0.2,False,0.8157894736842105,0,api_football_fixtures_2024,,6,0,6.922053676865271,58.19,81.58,4.0,0.139426800929512,49.75845410628019,49.82,89.47,66.64,100,30
51266,Gianluca Busio,Venezia,C,23,33,28,2531,2,0,0,0,0,0,0,0,0,33,1.0,6.834,6.96,0.2,False,0.7368421052631579,0,api_football_fixtures_2024,,4,0,6.8480169537872575,46.26,73.68,4.0,0.14223627024891347,50.24154589371981,50.18,86.84,60.18,160,50
36916,Kingsley Ehizibue,Udinese,D,30,33,30,2510,0,1,3,0,0,0,0,0,0,33,1.0,6.808,6.76,0.2,False,0.7894736842105263,0,api_football_fixtures_2024,,5,0,6.831537058770425,43.31,78.95,-1.5,-0.05378486055776892,28.809523809523807,34.4,86.84,56.52,194,78
22254,Youssouf Fofana,AC Milan,C,26,35,29,2509,1,6,0,0,0,0,0,0,0,35,1.0,6.941,7.13,0.2,False,0.7631578947368421,0,api_football_fixtures_2024,,5,0,6.915598155467721,57.17,76.32,6.5,0.23316062176165803,56.038647342995176,54.44,92.11,66.51,102,31
91422,Raoul Bellanova,Atalanta,D,25,35,28,2495,0,9,1,0,0,0,0,0,0,35,1.0,7.028,7.24,0.2,False,0.7368421052631579,0,api_football_fixtures_2024,,3,0,6.970681165724227,66.83,73.68,7.5,0.27054108216432865,88.57142857142857,78.35,92.11,75.21,45,15
17,Christian Pulišić,AC Milan,C,27,34,29,2489,11,9,0,0,0,0,0,3,1,34,1.0,7.324,8.54,0.2,False,0.7631578947368421,3,api_football_fixtures_2024,,1,0,7.156275899087493,87.67,76.32,38.5,1.392125351546806,96.61835748792271,84.24,89.47,84.24,7,4
89520,Mikael Ellertsson,Venezia,C,23,36,29,2480,2,2,0,0,0,0,0,0,0,36,1.0,6.86,7.05,0.2,False,0.7631578947368421,0,api_football_fixtures_2024,,2,0,6.86398033126294,48.84,76.32,7.0,0.2540322580645161,58.454106280193244,56.2,94.74,64.43,123,38
30558,Nicolò Barella,Inter,C,28,33,29,2462,3,6,0,0,0,0,0,0,0,32,0.97,7.308,7.7,0.2,False,0.7631578947368421,0,api_football_fixtures_2024,,4,0,7.139978818283166,86.27,76.32,13.0,0.4752233956133225,73.91304347826086,67.51,84.21,78.78,28,11
30505,Michel Ndary Adopo,Cagliari,C,25,35,27,2417,1,1,0,0,0,0,0,0,0,35,1.0,6.796,6.81,0.2,False,0.7105263157894737,0,api_football_fixtures_2024,,5,1,6.823325428194994,42.3,71.05,0.5,0.018618121638394703,40.09661835748793,42.78,92.11,57.08,190,65
1457,Henrikh Mkhitaryan,Inter,C,36,32,30,2410,1,4,0,0,0,0,0,0,0,32,1.0,7.094,7.25,0.2,False,0.7894736842105263,0,api_football_fixtures_2024,,4,0,7.0082865105908585,71.13,78.95,5.0,0.18672199170124482,52.65700483091788,51.93,84.21,70.25,75,23
339883,Kenan Yıldız,Juventus,A,20,35,28,2408,7,4,0,0,0,0,0,0,0,35,1.0,7.377,8.03,0.2,False,0.7368421052631579,0,api_football_fixtures_2024,,2,1,7.1858547008547005,89.3,73.68,23.0,0.8596345514950167,63.793103448275865,60.04,92.11,78.5,31,7
25349,Ondrej Duda,Verona,C,31,28,27,2403,1,3,0,0,0,0,0,0,0,28,1.0,7.025,6.99,0.2,False,0.7105263157894737,0,api_football_fixtures_2024,,12,1,6.960893719806764,64.23,71.05,-1.0,-0.03745318352059925,21.73913043478261,29.44,73.68,58.66,168,56
30932,Liam Henderson,Empoli,C,29,36,27,2345,0,4,0,0,0,0,0,0,0,36,1.0,6.813,6.78,0.2,False,0.7105263157894737,0,api_football_fixtures_2024,,10,0,6.833766045548654,43.96,71.05,-1.0,-0.038379530916844345,21.256038647342994,29.23,94.74,54.67,216,74
116,Khéphren Thuram,Juventus,C,24,35,26,2337,4,5,0,0,0,0,0,0,0,35,1.0,7.144,7.56,0.2,False,0.6842105263157895,0,api_football_fixtures_2024,,5,0,7.044779973649539,75.98,68.42,14.5,0.558408215661104,77.29468599033817,69.71,92.11,74.94,47,17
22236,Rafael Leão,AC Milan,A,26,34,25,2330,8,8,0,0,0,0,0,0,0,34,1.0,7.242,8.11,0.2,False,0.6578947368421053,0,api_football_fixtures_2024,,5,0,7.097314973092751,81.96,65.79,29.5,1.1394849785407726,75.86206896551724,68.66,89.47,75.72,44,10
7591,Sandi Lovrić,Udinese,C,27,36,31,2326,2,3,0,0,0,0,0,0,0,35,0.972,6.943,7.12,0.2,False,0.8157894736842105,0,api_football_fixtures_2024,,5,0,6.916870882740448,57.37,81.58,6.5,0.2515047291487532,57.971014492753625,55.75,92.11,68.23,93,27
25353,Valentino Lazaro,Torino,D,29,33,26,2322,0,6,0,0,0,0,0,0,0,33,1.0,6.773,6.86,0.2,False,0.6842105263157895,0,api_football_fixtures_2024,,6,0,6.809744605940236,39.63,68.42,3.0,0.11627906976744186,70.0,64.41,86.84,60.1,162,68
415,Weston McKennie,Juventus,C,27,32,27,2320,2,4,1,0,0,0,0,0,0,32,1.0,7.017,7.28,0.2,False,0.7105263157894737,0,api_football_fixtures_2024,,3,0,6.960901895206243,64.23,71.05,8.5,0.3297413793103448,65.70048309178745,61.31,84.21,68.2,94,28
135519,Gustav Isaksen,Lazio,A,24,37,29,2226,4,2,0,0,0,0,0,0,0,37,1.0,6.926,7.24,0.2,False,0.7631578947368421,0,api_football_fixtures_2024,,5,0,6.899807167491378,57.14,76.32,11.5,0.46495956873315364,33.62068965517241,38.34,97.37,63.27,133,27
31021,Alberto Grassi,Empoli,C,30,28,27,2215,1,0,0,0,0,0,0,0,0,28,1.0,6.804,6.77,0.2,False,0.7105263157894737,0,api_football_fixtures_2024,,8,0,6.831977053140097,43.68,71.05,-1.0,-0.040632054176072234,20.77294685990338,29.22,73.68,51.41,246,86
22015,Boulaye Dia,Lazio,A,29,35,27,2192,9,3,0,0,0,0,0,0,0,35,1.0,6.933,7.76,0.2,False,0.7105263157894737,0,api_football_fixtures_2024,,2,0,6.903309246309246,57.65,71.05,29.0,1.1906934306569343,79.3103448275862,70.78,92.11,69.45,82,19
290046,Antoine Makoumbou,Cagliari,C,27,33,27,2173,0,3,0,0,0,0,0,0,0,33,1.0,6.695,6.69,0.2,False,0.7105263157894737,0,api_football_fixtures_2024,,4,1,6.761469783975937,32.79,71.05,0.0,0.0,31.642512077294686,37.02,86.84,51.52,243,85
31010,Federico Dimarco,Inter,D,28,33,29,2165,4,7,0,0,0,0,0,0,0,32,0.97,7.335,7.87,0.2,False,0.7631578947368421,0,api_football_fixtures_2024,,3,0,7.156297386823702,89.26,76.32,17.5,0.7274826789838338,99.52380952380952,84.98,84.21,84.2,8,3
48648,Dan Ndoye,Bologna,C,25,30,26,2151,8,4,0,0,0,0,0,2,0,30,1.0,7.222,8.09,0.2,False,0.6842105263157895,2,api_football_fixtures_2024,,4,0,7.081657971014493,80.38,68.42,26.0,1.0878661087866108,93.23671497584542,80.48,78.95,77.2,34,14
842,Nikola Vlašić,Torino,C,28,30,23,2128,5,4,0,0,0,0,0,2,0,30,1.0,6.962,7.6,0.2,False,0.6052631578947368,2,api_football_fixtures_2024,,0,0,6.925657971014493,58.77,60.53,19.0,0.8035714285714285,86.47342995169082,75.63,78.95,66.45,103,32
2286,Davide Zappacosta,Atalanta,D,33,30,26,2075,4,2,0,0,0,0,0,0,0,30,1.0,6.97,7.39,0.2,False,0.6842105263157895,0,api_football_fixtures_2024,,3,0,6.93014928229665,60.23,68.42,12.5,0.5421686746987953,96.19047619047619,82.22,78.95,70.58,70,28
778,Bryan Cristante,AS Roma,C,30,30,23,2056,4,2,0,0,0,0,0,0,0,30,1.0,7.135,7.47,0.2,False,0.6052631578947368,0,api_football_fixtures_2024,,8,0,7.029457971014493,74.0,60.53,10.0,0.4377431906614786,71.01449275362319,64.62,78.95,69.03,84,26
47182,Tete Morente,Lecce,C,29,31,23,2029,3,2,0,0,0,0,0,0,0,31,1.0,6.938,7.21,0.2,False,0.6052631578947368,0,api_football_fixtures_2024,,5,0,6.911782324524013,56.56,60.53,8.5,0.37703302119270576,68.11594202898551,62.55,81.58,62.8,137,41
22007,Hassane Kamara,Udinese,D,31,30,25,2006,1,4,4,0,0,0,0,0,0,30,1.0,6.987,7.05,0.2,False,0.6578947368421053,0,api_football_fixtures_2024,,8,1,6.94034928229665,61.93,65.79,2.0,0.08973080757726819,67.14285714285714,61.83,78.95,65.42,116,47
43036,Dennis Man,Parma,C,27,33,23,2005,4,4,0,0,0,0,0,0,0,33,1.0,6.833,7.32,0.2,False,0.6052631578947368,0,api_football_fixtures_2024,,0,0,6.847394312277824,46.16,60.53,16.0,0.7182044887780548,85.02415458937197,74.17,86.84,62.86,136,40
36899,Teun Koopmeiners,Juventus,C,27,28,23,1997,3,3,0,0,0,0,0,0,0,28,1.0,7.031,7.41,0.2,False,0.6052631578947368,0,api_football_fixtures_2024,,3,0,6.964393719806763,64.76,60.53,10.5,0.4732098147220831,72.94685990338165,65.82,73.68,65.31,117,35
30542,Jens Odgaard,Bologna,A,26,29,24,1975,6,1,0,0,0,0,0,0,0,29,1.0,6.909,7.55,0.2,False,0.631578947368421,0,api_football_fixtures_2024,,1,0,6.8854695621838475,55.04,63.16,18.5,0.8430379746835444,62.93103448275862,58.88,76.32,61.22,147,29
2763,Mario Pašalić,Atalanta,C,30,34,23,1969,3,4,0,0,0,0,0,0,1,34,1.0,7.012,7.38,0.2,False,0.6052631578947368,1,api_football_fixtures_2024,,1,0,6.959831454643049,64.07,60.53,9.5,0.4342305738953784,70.53140096618358,64.09,89.47,67.0,99,29
1640,Hakan Çalhanoğlu,Inter,C,31,29,26,1961,5,6,0,0,0,0,0,3,1,29,1.0,7.482,8.12,0.2,False,0.6842105263157895,3,api_football_fixtures_2024,,5,0,7.2326713989943805,92.91,68.42,15.5,0.7113717491075982,84.54106280193237,73.68,76.32,79.49,25,9
6010,Lucas Beltrán,Fiorentina,A,24,33,21,1958,5,4,0,0,0,0,0,2,1,33,1.0,6.851,7.34,0.2,False,0.5526315789473685,2,api_football_fixtures_2024,,6,0,6.85113223673601,49.97,55.26,13.0,0.5975485188968335,43.103448275862064,45.28,86.84,55.65,202,39
226,Denzel Dumfries,Inter,D,29,29,20,1951,7,2,0,0,0,0,0,0,0,29,1.0,7.147,7.87,0.2,False,0.5263157894736842,0,api_football_fixtures_2024,,4,0,7.034091104384338,76.12,52.63,21.0,0.9687339825730394,100.0,84.22,76.32,72.3,59,23
14327,Domagoj Bradarić,Verona,D,26,28,24,1948,1,0,0,0,0,0,0,0,0,28,1.0,6.828,6.83,0.2,False,0.631578947368421,0,api_football_fixtures_2024,,6,0,6.845655502392344,45.73,63.16,0.0,0.0,46.42857142857143,47.56,73.68,54.74,213,84
30810,Rolando Mandragora,Fiorentina,C,28,29,22,1941,4,3,0,0,0,0,0,1,0,29,1.0,7.243,7.64,0.2,False,0.5789473684210527,1,api_football_fixtures_2024,,7,0,7.091222419402544,81.44,57.89,11.5,0.5332302936630603,76.32850241545893,67.99,76.32,71.42,63,20
541,Jürgen Ekkelenkamp,Udinese,C,25,34,20,1902,3,2,0,0,0,0,0,0,0,34,1.0,6.883,7.18,0.2,False,0.5263157894736842,0,api_football_fixtures_2024,,2,0,6.878609232420827,51.21,52.63,10.0,0.47318611987381703,72.46376811594203,65.25,89.47,60.81,149,46
36980,Morten Thorsby,Genoa,C,29,30,22,1902,0,1,0,0,0,0,0,0,0,30,1.0,6.763,6.7,0.2,False,0.5789473684210527,0,api_football_fixtures_2024,,6,0,6.806257971014492,39.6,57.89,-2.0,-0.0946372239747634,17.874396135265698,28.19,78.95,47.22,288,106
30488,Riccardo Orsolini,Bologna,C,28,30,23,1885,15,4,0,0,0,0,0,3,0,29,0.967,7.259,8.86,0.2,False,0.6052631578947368,2,api_football_fixtures_2024,,2,0,7.100691807157646,82.45,60.53,48.0,2.291777188328912,98.55072463768117,82.86,76.32,76.15,42,16
288699,Máximo Perrone,Como,C,22,26,20,1859,0,3,0,0,0,0,0,0,0,26,1.0,6.949,6.95,0.2,False,0.5263157894736842,0,api_football_fixtures_2024,,6,0,6.915149968494013,57.1,52.63,0.0,0.0,31.642512077294686,37.63,68.42,52.81,234,82
333116,Reda Belahyane,Verona,C,21,28,18,1848,0,2,0,0,0,0,0,0,0,28,1.0,6.809,6.7,0.2,False,0.4736842105263157,0,api_football_fixtures_2024,,6,2,6.834893719806764,44.14,47.37,-3.0,-0.14610389610389612,11.83574879227053,24.33,73.68,44.43,321,117
382452,Patrick Dorgu,Lecce,D,21,21,21,1843,3,1,0,0,0,0,0,0,0,21,1.0,6.909,7.29,0.2,False,0.5526315789473685,0,api_football_fixtures_2024,,2,1,6.890157661337379,53.42,55.26,8.0,0.3906673901247965,92.38095238095238,78.48,55.26,60.42,156,66
308836,Mandela Keita,Parma,C,23,30,24,1827,0,2,0,0,0,0,0,0,0,29,0.967,6.781,6.71,0.2,False,0.631578947368421,0,api_football_fixtures_2024,,6,1,6.817793847973972,41.42,63.16,-2.0,-0.09852216748768473,17.391304347826086,28.15,76.32,48.77,269,98
15673,Ylber Ramadani,Lecce,C,29,29,21,1819,1,1,0,0,0,0,0,0,0,29,1.0,6.796,6.88,0.2,False,0.5526315789473685,0,api_football_fixtures_2024,,3,0,6.826671398994381,42.83,55.26,2.5,0.12369433754810336,48.792270531400966,49.19,76.32,52.55,237,83
887,Matteo Darmian,Inter,D,36,29,20,1793,3,2,2,0,0,0,0,0,0,29,1.0,6.918,7.25,0.2,False,0.5263157894736842,0,api_football_fixtures_2024,,3,0,6.898560492139439,54.87,52.63,9.5,0.4768544339096486,94.76190476190476,79.8,76.32,63.76,125,51
266813,Warren Bondo,Monza,C,22,24,22,1785,0,0,0,0,0,0,0,0,0,24,1.0,6.726,6.56,0.2,False,0.5789473684210527,0,api_football_fixtures_2024,,6,1,6.791974967061924,37.38,57.89,-4.0,-0.20168067226890754,7.246376811594203,21.58,63.16,42.43,341,124
26315,Nicolás González,Juventus,A,27,26,23,1776,3,2,0,0,0,0,0,0,0,26,1.0,7.028,7.39,0.2,False,0.6052631578947368,0,api_football_fixtures_2024,,3,0,6.951195837978446,64.47,60.53,9.5,0.4814189189189189,34.48275862068966,39.7,68.42,57.88,182,34
162012,Matteo Ruggeri,Atalanta,D,23,30,19,1760,0,3,0,0,0,0,0,0,0,29,0.967,7.054,7.12,0.2,False,0.5,0,api_football_fixtures_2024,,2,0,6.979050288057807,68.13,50.0,2.0,0.10227272727272727,69.04761904761905,62.6,76.32,63.44,130,55
190958,Balthazar Pierret,Lecce,C,25,30,21,1726,0,0,0,0,0,0,0,0,0,30,1.0,6.743,6.71,0.2,False,0.5526315789473685,0,api_football_fixtures_2024,,2,0,6.794257971014493,37.74,55.26,-1.0,-0.05214368482039397,19.32367149758454,29.84,78.95,46.32,302,113
1852,Danilo Cataldi,Fiorentina,C,31,25,23,1724,3,0,0,0,0,0,0,0,0,24,0.96,7.034,7.37,0.2,False,0.6052631578947368,0,api_football_fixtures_2024,,1,0,6.959974967061924,64.09,60.53,8.5,0.44373549883990715,71.49758454106279,64.12,63.16,63.07,135,39
162907,Alessandro Zanoli,Genoa,D,25,31,19,1714,1,0,0,0,0,0,0,0,0,31,1.0,6.744,6.79,0.2,False,0.5,0,api_football_fixtures_2024,,3,0,6.793558119898677,36.95,50.0,1.5,0.07876312718786464,66.19047619047619,60.62,81.58,52.82,233,90
181808,Fabio Miretti,Genoa,C,22,25,22,1694,3,3,0,0,0,0,0,0,0,25,1.0,6.887,7.33,0.2,False,0.5789473684210527,0,api_football_fixtures_2024,,2,0,6.879953301127214,51.43,57.89,11.0,0.5844155844155845,80.67632850241546,70.03,65.79,59.85,163,52
263699,Alieu Fadera,Como,C,24,28,20,1667,1,3,0,0,0,0,0,0,0,28,1.0,7.045,7.19,0.2,False,0.5263157894736842,0,api_football_fixtures_2024,,2,1,6.97256038647343,65.99,52.63,4.0,0.21595680863827232,54.106280193236714,52.67,73.68,60.47,154,48
31079,Francesco Zampano,Venezia,D,32,24,17,1648,1,2,0,0,0,0,0,0,0,24,1.0,6.609,6.71,0.2,False,0.4473684210526316,0,api_football_fixtures_2024,,5,0,6.72780600260983,26.81,44.74,2.5,0.13652912621359223,76.19047619047619,66.94,63.16,46.78,296,112
1138,Timothy Weah,Juventus,C,25,30,18,1644,5,2,3,0,0,0,0,0,0,30,1.0,6.929,7.43,0.2,False,0.4736842105263157,0,api_football_fixtures_2024,,4,0,6.905857971014493,55.61,47.37,15.0,0.8211678832116788,86.95652173913044,73.88,78.95,61.62,145,45
782,Lorenzo Pellegrini,AS Roma,C,29,25,20,1632,2,1,0,0,0,0,0,1,0,25,1.0,6.963,7.16,0.2,False,0.5263157894736842,1,api_football_fixtures_2024,,4,0,6.922175523349437,58.21,52.63,5.0,0.2757352941176471,60.38647342995169,56.69,65.79,57.57,188,64
162106,Yunus Musah,AC Milan,C,23,29,19,1581,0,2,0,0,0,0,0,0,0,29,1.0,6.775,6.76,0.2,False,0.5,0,api_football_fixtures_2024,,5,0,6.814242827565809,40.86,50.0,-0.5,-0.028462998102466795,22.705314009661837,32.61,76.32,46.4,299,112
3009,Karol Linetty,Torino,C,31,28,18,1559,1,0,0,0,0,0,0,0,0,26,0.929,6.707,6.71,0.2,False,0.4736842105263157,0,api_football_fixtures_2024,,6,0,6.778367359798362,35.31,47.37,0.0,0.0,31.642512077294686,38.36,68.42,44.05,327,118
281096,Patrizio Masini,Genoa,C,24,26,16,1544,1,0,0,0,0,0,0,0,0,25,0.962,6.851,6.91,0.2,False,0.4210526315789473,0,api_football_fixtures_2024,,3,0,6.859953301127214,48.19,42.11,1.5,0.08743523316062177,44.927536231884055,46.8,65.79,48.96,267,96
876,Nicolò Fagioli,Fiorentina,C,24,32,15,1541,1,2,0,0,0,0,0,0,0,30,0.938,7.049,7.14,0.2,False,0.3947368421052631,0,api_football_fixtures_2024,,4,0,6.977857971014493,66.77,39.47,3.0,0.17521090201168074,51.20772946859904,50.76,78.95,57.77,185,62
31219,Alessio Zerbin,Venezia,C,26,20,17,1522,1,1,0,0,0,0,0,0,0,18,0.9,6.845,6.94,0.2,False,0.4473684210526316,0,api_football_fixtures_2024,,4,0,6.858760488176964,47.99,44.74,2.0,0.11826544021024968,47.82608695652174,48.63,47.37,47.25,287,105
56560,Youssef Maleh,Empoli,C,27,22,17,1514,0,1,0,0,0,0,0,0,0,22,1.0,6.749,6.63,0.2,False,0.4473684210526316,0,api_football_fixtures_2024,,5,1,6.8071642512077295,39.74,44.74,-2.5,-0.14861294583883752,11.11111111111111,25.61,57.89,40.18,360,128
1417,Alexis Saelemaekers,AS Roma,C,26,23,18,1504,7,3,0,0,0,0,0,0,0,23,1.0,7.319,8.25,0.2,False,0.4736842105263157,0,api_football_fixtures_2024,,5,0,7.110695315133131,83.48,47.37,21.5,1.2865691489361701,96.1352657004831,78.86,60.53,69.86,80,25
1850,Milan Badelj,Genoa,C,36,23,21,1486,1,0,0,0,0,0,0,0,0,23,1.0,6.95,7.04,0.2,False,0.5526315789473685,0,api_football_fixtures_2024,,2,0,6.9133232221098755,56.8,55.26,2.0,0.12113055181695828,48.309178743961354,48.95,60.53,55.01,210,72
30708,Samuele Birindelli,Monza,D,26,21,18,1475,3,0,0,0,0,0,0,0,0,20,0.952,6.917,7.3,0.2,False,0.4736842105263157,0,api_football_fixtures_2024,,2,0,6.8936866028708135,54.03,47.37,8.0,0.488135593220339,95.23809523809523,78.1,52.63,58.17,179,74
2822,Darko Lazović,Verona,C,35,27,17,1468,2,3,0,0,0,0,0,1,0,27,1.0,6.846,7.18,0.2,False,0.4473684210526316,1,api_football_fixtures_2024,,0,0,6.856699969164354,47.66,44.74,9.0,0.5517711171662125,76.81159420289855,66.62,71.05,55.18,209,71
628,Adrián Bernabé,Parma,C,24,21,18,1461,1,1,0,0,0,0,0,0,0,20,0.952,7.227,7.39,0.2,False,0.4736842105263157,0,api_football_fixtures_2024,,1,0,7.049072463768116,76.52,47.37,3.5,0.21560574948665295,53.62318840579711,52.24,52.63,59.58,165,54
30561,Alessandro Deiola,Cagliari,C,30,29,16,1446,2,1,0,0,0,0,0,0,0,29,1.0,6.738,6.88,0.2,False,0.4210526315789473,0,api_football_fixtures_2024,,6,0,6.792344868382136,37.44,42.11,4.0,0.24896265560165975,57.48792270531401,54.62,76.32,48.73,270,99
30431,Andrea Colpani,Fiorentina,C,26,25,18,1445,2,1,0,0,0,0,0,0,0,24,0.96,6.834,7.09,0.2,False,0.4736842105263157,0,api_football_fixtures_2024,,1,0,6.850884057971014,46.72,47.37,6.5,0.4048442906574395,69.08212560386472,61.76,63.16,53.11,230,81
343189,Gvidas Gineitis,Torino,C,21,30,15,1423,3,1,0,0,0,0,0,0,0,30,1.0,6.859,7.11,0.2,False,0.3947368421052631,0,api_football_fixtures_2024,,5,0,6.863857971014493,48.82,39.47,7.5,0.4743499648629656,73.42995169082126,64.35,78.95,54.89,211,73
2118,Răzvan Marin,Cagliari,C,29,33,13,1416,3,2,0,0,0,0,0,2,0,33,1.0,6.856,7.13,0.2,False,0.3421052631578947,2,api_football_fixtures_2024,,4,0,6.861715066994805,48.47,34.21,9.0,0.5720338983050848,78.74396135265701,67.57,86.84,55.44,205,69
19824,Jordan Zemura,Udinese,D,26,23,13,1415,1,2,0,0,0,0,0,0,0,23,1.0,6.759,6.93,0.2,False,0.3421052631578947,0,api_football_fixtures_2024,,2,0,6.810801491042617,39.8,34.21,4.0,0.254416961130742,87.61904761904762,72.99,60.53,49.81,256,98
6383,Martín Payero,Udinese,C,27,25,16,1383,1,1,0,0,0,0,0,0,0,25,1.0,6.901,6.96,0.2,False,0.4210526315789473,0,api_football_fixtures_2024,,5,0,6.8877310789049915,52.69,42.11,1.5,0.09761388286334056,45.410628019323674,47.22,65.79,50.64,251,88
271,Leandro Paredes,AS Roma,C,31,22,15,1379,3,1,0,0,0,0,0,2,0,22,1.0,7.407,7.77,0.2,False,0.3947368421052631,2,api_football_fixtures_2024,,4,0,7.151830917874396,87.3,39.47,8.0,0.5221174764321973,75.36231884057972,65.35,57.89,65.44,115,34
418,Suat Serdar,Verona,C,28,22,16,1378,2,1,0,0,0,0,0,0,0,22,1.0,6.831,7.01,0.2,False,0.4210526315789473,0,api_football_fixtures_2024,,4,1,6.850116632160111,46.6,42.11,4.0,0.2612481857764877,59.42028985507246,55.7,57.89,49.44,261,93
39362,Marcus Pedersen,Torino,D,25,29,15,1377,0,0,2,0,0,0,0,0,0,28,0.966,6.517,6.47,0.2,False,0.3947368421052631,0,api_football_fixtures_2024,,3,0,6.664238835725678,18.56,39.47,-1.5,-0.09803921568627452,20.476190476190474,32.15,73.68,35.45,408,149
37144,Ridgeciano Haps,Venezia,D,32,25,14,1376,1,1,0,0,0,0,0,0,0,23,0.92,6.763,6.86,0.2,False,0.3684210526315789,0,api_football_fixtures_2024,,3,0,6.812941025926338,40.16,36.84,2.5,0.1635174418604651,78.0952380952381,66.99,60.53,49.09,265,103
161585,Francisco Conceição,Juventus,C,23,26,12,1341,3,3,0,0,0,0,0,0,0,26,1.0,7.047,7.37,0.2,False,0.3157894736842105,0,api_football_fixtures_2024,,5,1,6.97054127284184,65.69,31.58,8.5,0.5704697986577181,78.26086956521739,66.91,68.42,57.88,182,61
1208,Hernani,Parma,C,31,25,15,1329,3,3,0,0,0,0,0,3,0,25,1.0,7.054,7.39,0.2,False,0.3947368421052631,2,api_football_fixtures_2024,,7,0,6.972731078904992,66.01,39.47,8.5,0.5756207674943566,80.19323671497585,68.0,65.79,59.84,164,53
347265,Benjamín Domínguez,Bologna,A,22,24,16,1310,3,2,0,0,0,0,0,0,0,24,1.0,6.797,7.26,0.2,False,0.4210526315789473,0,api_football_fixtures_2024,,0,0,6.82170473970474,45.61,42.11,11.0,0.7557251908396947,53.44827586206896,52.04,63.16,48.98,266,48
43056,Valentin Mihăilă,Parma,A,26,21,16,1300,0,3,0,0,0,0,0,0,0,21,1.0,6.869,6.96,0.2,False,0.4210526315789473,0,api_football_fixtures_2024,,2,0,6.860390452366062,51.34,42.11,2.0,0.13846153846153847,26.72413793103448,36.25,55.26,45.85,307,57
400948,Assane Diao,Como,C,20,15,14,1257,8,1,0,0,0,0,0,0,0,15,1.0,7.125,8.73,0.2,False,0.3684210526315789,0,api_football_fixtures_2024,,2,0,6.979939958592133,67.08,36.84,24.0,1.7183770883054894,97.10144927536231,77.45,39.47,57.97,181,60
1265,Yacine Adli,Fiorentina,C,25,26,15,1248,4,6,0,0,0,0,0,0,0,24,0.923,7.201,7.8,0.2,False,0.3947368421052631,0,api_football_fixtures_2024,,3,1,7.051065876152832,76.76,39.47,15.5,1.1177884615384615,93.71980676328504,75.4,63.16,65.06,119,37
347644,Arthur Atta,Udinese,C,22,27,12,1246,0,1,0,0,0,0,0,0,0,26,0.963,6.752,6.7,0.2,False,0.3157894736842105,0,api_football_fixtures_2024,,5,0,6.803802142407057,39.22,31.58,-1.5,-0.10834670947030497,15.458937198067632,29.94,68.42,39.37,368,133
356888,Niccolò Pisilli,AS Roma,C,21,28,11,1234,2,1,0,0,0,0,0,0,0,27,0.964,6.813,6.94,0.2,False,0.2894736842105263,0,api_football_fixtures_2024,,7,0,6.8377425223558435,44.6,28.95,3.5,0.2552674230145867,58.93719806763285,55.17,71.05,47.3,285,104
1322,Nikola Moro,Bologna,C,27,22,15,1229,0,2,0,0,0,0,0,0,0,22,1.0,7.138,7.21,0.2,False,0.3947368421052631,0,api_football_fixtures_2024,,1,0,7.010926155969634,71.5,39.47,1.5,0.10984540276647681,46.85990338164252,48.19,57.89,55.62,203,68
31173,Davide Frattesi,Inter,C,26,28,9,1223,5,1,0,0,0,0,0,0,0,27,0.964,7.048,7.6,0.2,False,0.2368421052631578,0,api_football_fixtures_2024,,1,0,6.972742522355843,66.01,23.68,15.5,1.1406377759607522,94.68599033816425,75.74,71.05,58.62,170,57
275394,Antoine Hainaut,Parma,C,23,25,10,1207,2,0,0,0,0,0,0,0,0,23,0.92,6.855,7.01,0.2,False,0.2631578947368421,0,api_football_fixtures_2024,,4,0,6.862509268621504,48.6,26.32,4.0,0.29826014913007454,62.31884057971014,57.06,60.53,46.93,291,107
26303,Borna Sosa,Torino,D,27,19,14,1185,0,0,1,0,0,0,0,0,0,19,1.0,6.896,6.9,0.2,False,0.3684210526315789,0,api_football_fixtures_2024,,0,0,6.882858054226475,52.16,36.84,0.0,0.0,46.42857142857143,47.97,50.0,46.96,290,111
178709,Yannik Engelhardt,Como,C,24,26,11,1185,1,1,0,0,0,0,0,0,0,25,0.962,6.976,7.05,0.2,False,0.2894736842105263,0,api_football_fixtures_2024,,4,0,6.929397745571658,59.36,28.95,2.0,0.1518987341772152,50.72463768115942,50.41,65.79,50.48,252,89
130423,Billy Gilmour,Napoli,C,24,26,13,1178,0,1,0,0,0,0,0,0,0,20,0.769,7.064,7.1,0.2,False,0.3421052631578947,0,api_football_fixtures_2024,,0,0,6.967572463768116,65.24,34.21,1.0,0.07640067911714771,43.47826086956522,46.3,52.63,50.86,249,87
31273,Tommaso Pobega,Bologna,C,26,21,13,1178,2,2,0,0,0,0,0,0,0,21,1.0,6.936,7.08,0.2,False,0.3421052631578947,0,api_football_fixtures_2024,,6,2,6.904363379285967,55.37,34.21,3.0,0.22920203735144315,55.55555555555556,53.15,55.26,49.51,259,92
28744,Þórir Jóhann Helgason,Lecce,C,25,21,13,1157,0,4,0,0,0,0,0,0,0,21,1.0,6.848,7.04,0.2,False,0.3421052631578947,0,api_football_fixtures_2024,,0,0,6.85929020855426,48.08,34.21,4.0,0.3111495246326707,64.73429951690821,58.29,55.26,48.24,280,103
178749,Lazar Samardžić,Atalanta,C,23,31,7,1149,2,1,0,0,0,0,0,0,0,31,1.0,7.012,7.19,0.2,False,0.1842105263157894,0,api_football_fixtures_2024,,3,0,6.956762716680875,63.6,18.42,5.5,0.4308093994778068,70.04830917874396,61.24,81.58,54.41,220,76
136087,Fabiano Parisi,Fiorentina,D,25,26,11,1140,2,0,1,0,0,0,0,0,0,25,0.962,6.857,7.03,0.2,False,0.2894736842105263,0,api_football_fixtures_2024,,3,0,6.862943646996278,48.71,28.95,4.5,0.35526315789473684,91.42857142857143,73.15,65.79,52.44,238,92
107153,Kike Pérez,Venezia,C,28,16,13,1121,1,0,0,0,0,0,0,0,0,16,1.0,6.984,7.05,0.2,False,0.3421052631578947,0,api_football_fixtures_2024,,4,0,6.921302737520129,58.08,34.21,1.0,0.08028545941123996,43.96135265700483,46.65,42.11,46.86,293,108
138777,Faustino Anjorin,Empoli,C,24,22,14,1117,2,3,0,0,0,0,0,0,0,22,1.0,6.953,7.29,0.2,False,0.3684210526315789,0,api_football_fixtures_2024,,3,0,6.914021394064872,56.92,36.84,7.5,0.604297224709042,81.15942028985508,67.26,57.89,54.63,217,75
314231,Amir Richardson,Fiorentina,C,23,27,10,1106,1,1,0,0,0,0,0,0,0,27,1.0,6.769,6.81,0.2,False,0.2631578947368421,0,api_football_fixtures_2024,,6,0,6.8124659266111625,40.58,26.32,1.0,0.081374321880651,44.44444444444444,46.94,71.05,43.17,334,121
659,Maxence Caqueret,Como,C,25,18,15,1097,2,3,0,0,0,0,0,0,0,18,1.0,6.985,7.37,0.2,False,0.3947368421052631,0,api_football_fixtures_2024,,4,0,6.925076277650649,58.67,39.47,7.0,0.5742935278030994,79.71014492753623,66.32,47.37,54.09,223,78
136016,Hamza Rafia,Lecce,C,26,18,14,1064,0,0,0,0,0,0,0,0,0,18,1.0,6.939,6.83,0.2,False,0.3684210526315789,0,api_football_fixtures_2024,,4,0,6.903286803966438,55.2,36.84,-2.0,-0.16917293233082706,9.178743961352657,27.89,47.37,42.61,340,123
2292,Ruben Loftus-Cheek,AC Milan,C,29,19,10,1031,0,0,0,0,0,0,0,0,0,19,1.0,6.87,6.79,0.2,False,0.2631578947368421,0,api_football_fixtures_2024,,3,0,6.870587142326273,49.91,26.32,-1.5,-0.1309408341416101,13.526570048309178,30.53,50.0,39.18,372,135
1358,Eljif Elmas,Torino,C,26,13,12,1025,4,0,0,0,0,0,0,0,0,13,1.0,6.869,7.79,0.2,False,0.3157894736842105,0,api_football_fixtures_2024,,0,0,6.870299956082564,49.86,31.58,12.0,1.053658536585366,92.7536231884058,72.76,34.21,48.67,273,100
270507,Cesare Casadei,Torino,C,22,15,13,1023,1,1,0,0,0,0,0,0,0,15,1.0,6.996,7.23,0.2,False,0.3421052631578947,0,api_football_fixtures_2024,,1,0,6.924654244306418,58.61,34.21,3.5,0.30791788856304986,63.76811594202898,57.32,39.47,49.32,264,95
322630,Giovanni Fabbian,Bologna,C,22,30,9,1023,3,1,0,0,0,0,0,0,0,30,1.0,6.699,7.0,0.2,False,0.2368421052631578,0,api_football_fixtures_2024,,2,0,6.767857971014493,33.73,23.68,9.0,0.7917888563049854,85.99033816425121,69.15,78.95,46.86,293,108
275776,Kristjan Asllani,Inter,C,23,22,10,1014,2,2,0,0,0,0,0,2,0,22,1.0,7.195,7.47,0.2,False,0.2631578947368421,2,api_football_fixtures_2024,,4,0,7.040783298826777,75.47,26.32,6.0,0.5325443786982248,75.84541062801932,63.69,57.89,57.6,187,63
1639,Marco Brescianini,Atalanta,C,25,29,9,1010,4,2,0,0,0,0,0,0,0,28,0.966,6.831,7.3,0.2,False,0.2368421052631578,0,api_football_fixtures_2024,,1,0,6.847727053140097,46.21,23.68,13.5,1.202970297029703,95.65217391304348,74.14,73.68,51.68,242,84
325,Gianluca Gaetano,Cagliari,C,25,28,8,1003,2,4,0,0,0,0,0,0,0,28,1.0,6.72,7.08,0.2,False,0.2105263157894736,0,api_football_fixtures_2024,,0,0,6.782977053140097,36.01,21.05,10.0,0.897308075772682,89.3719806763285,70.75,73.68,46.61,298,111
44814,Lewis Ferguson,Bologna,C,26,16,10,985,1,1,0,0,0,0,0,1,0,16,1.0,7.069,7.32,0.2,False,0.2631578947368421,1,api_football_fixtures_2024,,0,0,6.959080515297907,63.96,26.32,4.0,0.3654822335025381,66.66666666666666,58.71,42.11,49.96,255,91
329,Piotr Zieliński,Inter,C,31,26,8,984,2,2,0,0,0,0,0,2,0,25,0.962,7.011,7.32,0.2,False,0.2105263157894736,2,api_football_fixtures_2024,,0,0,6.948842190016103,62.39,21.05,8.0,0.7317073170731708,85.5072463768116,68.55,65.79,54.1,222,77
203474,Nicola Zalewski,AS Roma,C,23,23,8,981,1,1,0,0,0,0,0,0,0,23,1.0,6.881,6.97,0.2,False,0.2105263157894736,0,api_football_fixtures_2024,,4,0,6.876416245365689,50.85,21.05,2.0,0.1834862385321101,52.17391304347826,51.13,60.53,44.92,315,115
31678,Jean-Daniel Akpa Akpro,Monza,C,33,14,12,970,0,0,0,0,0,0,0,0,0,14,1.0,6.585,6.44,0.2,False,0.3157894736842105,0,api_football_fixtures_2024,,4,0,6.753320545609548,31.6,31.58,-2.0,-0.18556701030927836,8.212560386473431,28.32,36.84,31.56,462,163
30532,Alfred Duncan,Venezia,C,32,16,12,959,0,0,0,0,0,0,0,0,0,15,0.938,6.851,6.79,0.2,False,0.3157894736842105,0,api_football_fixtures_2024,,2,0,6.862511387163561,48.6,31.58,-1.0,-0.09384775808133472,18.357487922705314,33.68,39.47,39.25,370,134
144740,Fisayo Dele-Bashiru,Lazio,C,24,20,12,953,3,1,0,0,0,0,0,0,0,20,1.0,6.848,7.35,0.2,False,0.3157894736842105,0,api_football_fixtures_2024,,0,0,6.8595724637681155,48.12,31.58,10.0,0.9443861490031479,90.33816425120773,70.75,52.63,50.32,253,90
31507,Riccardo Sottil,Fiorentina,C,26,24,9,952,1,1,0,0,0,0,0,0,0,24,1.0,6.918,7.06,0.2,False,0.2368421052631578,0,api_football_fixtures_2024,,1,0,6.896702239789197,54.14,23.68,3.5,0.33088235294117646,66.18357487922705,58.32,63.16,48.92,268,97
1696,Samuel Chukwueze,AC Milan,C,26,26,9,947,3,2,0,0,0,0,0,0,0,24,0.923,7.047,7.47,0.2,False,0.2368421052631578,0,api_football_fixtures_2024,,0,0,6.967065876152833,65.17,23.68,11.0,1.0454065469904963,92.27053140096618,71.67,63.16,56.12,199,67
331046,Issa Doumbia,Venezia,C,22,24,10,943,0,0,0,0,0,0,0,0,0,24,1.0,6.613,6.61,0.2,False,0.2631578947368421,0,api_football_fixtures_2024,,0,0,6.73033860342556,28.36,26.32,0.0,0.0,31.642512077294686,40.61,63.16,36.13,403,149
31734,Mattia Felici,Cagliari,C,24,20,9,923,0,3,0,0,0,0,0,0,0,20,1.0,6.665,6.79,0.2,False,0.2368421052631578,0,api_football_fixtures_2024,,1,0,6.7680724637681156,33.77,23.68,2.5,0.2437703141928494,57.00483091787439,53.55,52.63,39.02,373,136
46170,Ivan Ilić,Torino,C,24,19,9,921,1,0,0,0,0,0,0,0,0,19,1.0,6.937,6.99,0.2,False,0.2368421052631578,0,api_football_fixtures_2024,,4,0,6.903228167967298,55.19,23.68,1.0,0.09771986970684039,45.893719806763286,47.92,50.0,44.72,317,116
182560,Oier Zarraga,Udinese,C,26,22,9,896,1,0,0,0,0,0,0,0,0,20,0.909,6.723,6.86,0.2,False,0.2368421052631578,0,api_football_fixtures_2024,,0,0,6.7970724637681155,38.17,23.68,3.0,0.3013392857142857,63.28502415458937,56.63,52.63,41.33,351,126
211,Matías Vecino,Lazio,C,34,20,7,875,2,3,0,0,0,0,0,0,0,20,1.0,6.904,7.18,0.2,False,0.1842105263157894,0,api_football_fixtures_2024,,7,0,6.887572463768116,52.66,18.42,5.5,0.5657142857142857,77.77777777777779,63.69,52.63,46.85,295,110
867,Grīgorīs Kastanos,Verona,C,27,27,8,866,1,1,0,0,0,0,0,0,0,27,1.0,6.791,6.87,0.2,False,0.2105263157894736,0,api_football_fixtures_2024,,4,0,6.825104224483503,42.58,21.05,2.0,0.20785219399538105,53.14009661835749,51.54,71.05,43.71,331,119
22229,Jonathan Ikoné,Como,C,27,27,6,864,2,0,0,0,0,0,0,0,0,27,1.0,6.731,6.93,0.2,False,0.1578947368421052,0,api_football_fixtures_2024,,1,0,6.79063613937712,37.18,15.79,5.5,0.5729166666666666,79.22705314009661,64.32,71.05,43.7,332,120
286475,Edoardo Bove,Fiorentina,C,23,12,11,856,1,2,0,0,0,0,0,0,0,12,1.0,7.125,7.42,0.2,False,0.2894736842105263,0,api_football_fixtures_2024,,3,0,6.966340579710145,65.06,28.95,3.5,0.36799065420560745,67.6328502415459,58.6,31.58,49.39,262,94
30436,Matteo Pessina,Monza,C,28,11,10,856,0,0,0,0,0,0,0,0,0,11,1.0,6.774,6.68,0.2,False,0.2631578947368421,0,api_football_fixtures_2024,,2,0,6.836674146797569,44.43,26.32,-1.0,-0.10514018691588785,16.425120772946862,33.63,28.95,34.88,414,151
56396,Junior Messias,Genoa,C,34,17,8,851,1,1,0,0,0,0,0,0,1,17,1.0,6.797,7.0,0.2,False,0.2105263157894736,1,api_football_fixtures_2024,,1,0,6.837078339208774,44.49,21.05,0.5,0.052878965922444184,41.06280193236715,45.66,44.74,38.96,375,138
288769,Tommaso Baldanzi,AS Roma,C,22,31,5,848,1,1,0,0,0,0,0,0,0,30,0.968,6.659,6.76,0.2,False,0.131578947368421,0,api_football_fixtures_2024,,2,0,6.743857971014493,30.25,13.16,3.0,0.31839622641509435,65.21739130434783,57.38,78.95,40.06,362,129
866,Juan Cuadrado,Atalanta,D,37,23,7,825,0,2,0,0,0,0,0,0,0,22,0.957,7.06,7.08,0.2,False,0.1842105263157894,0,api_football_fixtures_2024,,3,0,6.9697015265436315,66.67,18.42,0.5,0.05454545454545454,63.8095238095238,56.6,57.89,50.78,250,96
48079,Jesper Karlsson,Lecce,C,27,20,9,800,2,0,0,0,0,0,0,1,0,20,1.0,6.615,6.84,0.2,False,0.2368421052631578,1,api_football_fixtures_2024,,3,0,6.743072463768116,30.14,23.68,4.5,0.50625,74.39613526570048,61.48,52.63,39.73,367,132
583,João Félix,AC Milan,A,26,15,8,767,2,0,0,0,0,0,0,0,0,15,1.0,7.071,7.37,0.2,False,0.2105263157894736,0,api_football_fixtures_2024,,3,0,6.945485958485958,63.67,21.05,4.5,0.5280312907431551,37.93103448275862,44.45,39.47,44.58,319,59
31615,Gaetano Castrovilli,Monza,C,28,21,8,759,0,0,0,0,0,0,0,0,0,20,0.952,6.617,6.62,0.2,False,0.2105263157894736,0,api_football_fixtures_2024,,0,0,6.744072463768116,30.28,21.05,0.0,0.0,31.642512077294686,41.6,52.63,34.16,426,153
22239,Cheikh Niasse,Verona,C,25,11,8,757,0,0,0,0,0,0,0,0,0,11,1.0,6.77,6.59,0.2,False,0.2105263157894736,0,api_football_fixtures_2024,,4,0,6.835254791958859,44.2,21.05,-2.0,-0.23778071334214002,6.280193236714976,30.03,28.95,32.58,445,156
182280,Kacper Urbański,Monza,C,21,15,7,755,1,0,0,0,0,0,0,0,0,15,1.0,6.801,6.9,0.2,False,0.1842105263157894,0,api_football_fixtures_2024,,3,0,6.84108281573499,45.14,18.42,1.5,0.17880794701986755,51.690821256038646,50.77,39.47,39.02,373,136
31390,Pasquale Mazzocchi,Napoli,D,30,20,7,735,0,0,1,0,0,0,0,0,0,20,1.0,6.667,6.62,0.2,False,0.1842105263157894,0,api_football_fixtures_2024,,2,0,6.7686866028708135,32.96,18.42,-1.0,-0.12244897959183673,18.095238095238095,35.66,52.63,32.95,442,169
951,Michel Aebischer,Bologna,C,28,14,9,728,0,0,0,0,0,0,0,0,0,14,1.0,6.931,6.86,0.2,False,0.2368421052631578,0,api_football_fixtures_2024,,2,0,6.895791133844843,53.99,23.68,-1.0,-0.12362637362637363,14.009661835748794,33.91,36.84,38.82,377,139
335071,Medon Berisha,Lecce,C,22,17,7,722,0,1,0,0,0,0,0,0,0,17,1.0,6.919,6.83,0.2,False,0.1842105263157894,0,api_football_fixtures_2024,,5,0,6.893132393262828,53.56,18.42,-1.5,-0.18698060941828257,7.729468599033816,31.18,44.74,37.86,391,146
284570,Brooke Norton-Cuffy,Genoa,D,21,14,8,721,0,0,0,0,0,0,0,0,0,13,0.929,6.531,6.53,0.2,False,0.2105263157894736,0,api_football_fixtures_2024,,0,0,6.736680730752501,28.1,21.05,0.0,0.0,46.42857142857143,48.41,34.21,32.33,448,172
346866,Samuel Mbangula,Juventus,A,21,23,7,710,3,3,0,0,0,0,0,0,0,19,0.826,7.144,7.64,0.2,False,0.1842105263157894,0,api_football_fixtures_2024,,1,0,6.993923296077142,70.18,18.42,11.5,1.4577464788732393,87.06896551724138,66.35,50.0,53.26,228,44
137,Sergi Roberto,Como,D,33,13,8,696,0,1,0,0,0,0,0,0,0,13,1.0,6.748,6.67,0.2,False,0.2105263157894736,0,api_football_fixtures_2024,,4,0,6.82216557923735,41.72,21.05,-1.0,-0.12931034482758622,17.142857142857142,35.67,34.21,33.91,433,163
15905,Magnus Kofod Andersen,Venezia,C,26,14,7,692,1,1,0,0,0,0,0,0,0,14,1.0,6.895,7.14,0.2,False,0.1842105263157894,0,api_football_fixtures_2024,,1,0,6.880967604433078,51.59,18.42,3.5,0.4552023121387283,71.98067632850241,59.55,36.84,43.08,336,122
56851,Michael Folorunsho,Fiorentina,C,27,20,6,685,0,0,0,0,0,0,0,0,0,16,0.8,6.991,6.87,0.2,False,0.1578947368421052,0,api_football_fixtures_2024,,5,0,6.924413848631239,58.57,15.79,-2.5,-0.3284671532846715,4.3478260869565215,30.27,42.11,38.33,382,141
6409,Nahuel Estévez,Parma,C,30,14,7,664,0,0,0,0,0,0,0,0,0,14,1.0,6.757,6.69,0.2,False,0.1842105263157894,0,api_football_fixtures_2024,,2,0,6.824144075021313,42.43,18.42,-1.0,-0.13554216867469882,13.043478260869565,34.31,36.84,33.56,438,155
22174,Adrien Tameze,Torino,C,31,20,9,659,0,0,0,0,0,0,0,0,0,17,0.85,6.627,6.55,0.2,False,0.2368421052631578,0,api_football_fixtures_2024,,3,0,6.758970231100665,32.43,23.68,-1.5,-0.20485584218512898,6.763285024154589,31.72,44.74,31.91,455,160
142442,Rui Modesto,Udinese,C,26,20,4,612,0,1,0,0,0,0,0,0,0,17,0.85,6.869,6.89,0.2,False,0.1052631578947368,0,api_football_fixtures_2024,,1,0,6.870159420289855,49.84,10.53,0.5,0.07352941176470588,42.99516908212561,47.16,44.74,38.58,380,140
118956,Lameck Banda,Lecce,A,24,15,6,609,0,1,0,0,0,0,0,0,0,15,1.0,6.757,6.79,0.2,False,0.1578947368421052,0,api_football_fixtures_2024,,1,0,6.8109145299145295,44.03,15.79,0.5,0.07389162561576354,25.0,39.91,39.47,35.26,411,82
1090,Antoine Bernede,Verona,C,26,14,7,598,1,0,0,0,0,0,0,0,0,14,1.0,6.724,6.87,0.2,False,0.1842105263157894,0,api_football_fixtures_2024,,2,0,6.810555839727195,40.28,18.42,2.0,0.3010033444816054,62.80193236714976,55.11,36.84,38.01,387,143
309388,Matteo Prati,Cagliari,C,22,12,8,579,0,0,0,0,0,0,0,0,0,11,0.917,6.496,6.45,0.2,False,0.2105263157894736,0,api_football_fixtures_2024,,1,0,6.738028985507246,29.43,21.05,-0.5,-0.07772020725388601,18.84057971014493,37.8,28.95,29.36,517,182
47522,Douglas Luiz,Juventus,C,27,19,3,522,0,0,0,0,0,0,0,0,0,18,0.947,7.044,6.99,0.2,False,0.0789473684210526,0,api_football_fixtures_2024,,2,0,6.953023646071701,63.03,7.89,-1.0,-0.17241379310344826,8.695652173913043,34.84,47.37,39.85,365,131
37437,Abdou Harroui,Verona,C,27,10,5,462,1,2,0,0,0,0,0,0,0,10,1.0,6.722,7.17,0.2,False,0.131578947368421,0,api_football_fixtures_2024,,1,0,6.8214299516908214,41.99,13.16,4.5,0.8766233766233766,87.92270531400966,62.86,26.32,37.65,394,147
197779,Mohamed Kaba,Lecce,C,24,15,2,452,0,0,0,0,0,0,0,0,0,15,1.0,6.658,6.62,0.2,False,0.0526315789473684,0,api_football_fixtures_2024,,1,0,6.779797101449276,35.52,5.26,-0.5,-0.09955752212389381,16.908212560386474,38.94,39.47,29.4,515,181
91424,Drissa Camara,Parma,C,23,21,1,444,0,0,0,0,0,0,0,0,0,18,0.857,6.762,6.69,0.2,False,0.0263157894736842,0,api_football_fixtures_2024,,3,0,6.81944469870328,41.68,2.63,-1.5,-0.30405405405405406,4.830917874396135,35.08,47.37,31.12,468,165
191979,Jacob Ondrejka,Parma,C,23,12,3,428,5,0,0,0,0,0,0,0,0,12,1.0,7.586,8.84,0.2,False,0.0789473684210526,0,api_football_fixtures_2024,,0,0,7.139215579710145,86.2,7.89,15.0,3.1542056074766354,99.51690821256038,65.96,31.58,53.37,226,80
56207,Paulo Azzi,Cagliari,D,31,6,5,427,0,0,0,0,0,0,0,0,0,6,1.0,7.011,6.84,0.2,False,0.131578947368421,0,api_football_fixtures_2024,,2,0,6.902825542878174,55.6,13.16,-1.0,-0.2107728337236534,9.523809523809524,36.98,15.79,34.36,422,155
42007,Daniel Silva,Verona,C,25,11,4,425,0,0,0,0,0,0,0,0,0,11,1.0,6.614,6.57,0.2,False,0.1052631578947368,0,api_football_fixtures_2024,,1,0,6.779899953249182,35.54,10.53,-0.5,-0.10588235294117646,15.942028985507244,39.08,28.95,29.18,523,186
311083,Cher Ndour,Fiorentina,C,21,9,4,407,0,0,0,0,0,0,0,0,0,8,0.889,6.811,6.76,0.2,False,0.1052631578947368,0,api_football_fixtures_2024,,1,0,6.85396066252588,47.22,10.53,-0.5,-0.11056511056511056,14.975845410628018,39.09,21.05,32.09,450,157
382945,Kevin Zeroli,Monza,C,20,9,4,405,0,1,0,0,0,0,0,0,0,9,1.0,6.6,6.71,0.2,False,0.1052631578947368,0,api_football_fixtures_2024,,0,0,6.786996501749125,36.62,10.53,1.0,0.2222222222222222,54.589371980676326,51.42,23.68,31.86,457,161
1938,Ruslan Malinovskyi,Genoa,C,32,9,4,383,0,2,0,0,0,0,0,0,0,9,1.0,7.127,7.24,0.2,False,0.1052631578947368,0,api_football_fixtures_2024,,2,0,6.950548225887056,62.65,10.53,1.0,0.2349869451697128,56.52173913043478,51.95,23.68,41.1,353,127
30780,Luca Mazzitelli,Como,C,30,11,3,358,1,1,0,0,0,0,0,0,0,11,1.0,6.999,7.32,0.2,False,0.0789473684210526,0,api_football_fixtures_2024,,1,0,6.916512856474988,57.31,7.89,3.5,0.8798882681564246,88.40579710144928,60.93,28.95,41.61,347,125
20638,Enzo Le Fée,AS Roma,C,25,6,4,319,0,0,0,0,0,0,0,0,0,6,1.0,6.836,6.75,0.2,False,0.1052631578947368,0,api_football_fixtures_2024,,1,0,6.863034559643255,48.69,10.53,-0.5,-0.14106583072100312,12.560386473429952,40.2,15.79,32.09,450,157
22016,Rémi Oudin,Lecce,C,29,11,3,308,0,0,0,0,0,0,0,0,0,11,1.0,6.687,6.64,0.2,False,0.0789473684210526,0,api_football_fixtures_2024,,1,0,6.8058031790556335,39.53,7.89,-0.5,-0.14610389610389612,11.83574879227053,40.27,28.95,30.22,485,172
3173,Ismaël Bennacer,AC Milan,C,28,6,4,302,0,0,0,0,0,0,0,0,0,6,1.0,6.988,6.82,0.2,False,0.1052631578947368,0,api_football_fixtures_2024,,2,0,6.898111482720179,54.36,10.53,-1.0,-0.2980132450331126,5.314009661835748,38.77,15.79,33.72,435,154
41748,Jean Onana,Genoa,C,26,9,2,298,0,0,0,0,0,0,0,0,0,8,0.889,6.451,6.4,0.2,False,0.0526315789473684,0,api_football_fixtures_2024,,1,0,6.751103519668737,31.28,5.26,-0.5,-0.15100671140939598,10.144927536231885,40.09,21.05,25.44,577,207
31555,Nicolas Haas,Empoli,C,29,10,2,291,0,0,0,0,0,0,0,0,0,9,0.9,6.763,6.71,0.2,False,0.0526315789473684,0,api_football_fixtures_2024,,1,0,6.8375827086456775,44.58,5.26,-0.5,-0.15463917525773196,9.66183574879227,40.14,23.68,30.51,476,169
353609,Ibrahim Sulemana,Atalanta,C,22,9,3,282,2,0,0,0,0,0,0,0,0,7,0.778,6.894,7.5,0.2,False,0.0789473684210526,0,api_football_fixtures_2024,,1,0,6.877070316693505,50.96,7.89,5.5,1.7553191489361701,97.58454106280193,61.35,18.42,37.91,389,144
128353,Matthias Braunöder,Como,C,23,8,3,279,0,0,0,0,0,0,0,0,0,7,0.875,6.243,5.93,0.2,False,0.0789473684210526,0,api_football_fixtures_2024,,3,1,6.708292538915727,25.41,7.89,-2.5,-0.8064516129032258,1.4492753623188406,38.51,18.42,23.26,582,208
30535,Stefano Sensi,Monza,C,30,12,2,272,1,0,0,0,0,0,0,1,0,12,1.0,6.865,7.12,0.2,False,0.0526315789473684,1,api_football_fixtures_2024,,0,0,6.868840579710145,49.63,5.26,3.0,0.9926470588235294,91.30434782608695,59.59,31.58,38.32,383,142
453906,Honest Ahanor,Genoa,D,17,6,3,270,0,0,0,0,0,0,0,0,0,6,1.0,6.867,6.87,0.2,False,0.0789473684210526,0,api_football_fixtures_2024,,0,0,6.869594773647405,49.87,7.89,0.0,0.0,46.42857142857143,49.18,15.79,34.09,429,160
30922,Davide Faraoni,Verona,D,34,8,3,263,0,0,0,0,0,0,0,0,0,7,0.875,6.835,6.84,0.2,False,0.0789473684210526,0,api_football_fixtures_2024,,0,0,6.861202374623427,48.41,7.89,0.0,0.0,46.42857142857143,49.19,18.42,33.98,431,161
381354,Lior Kasa,Genoa,C,20,8,2,235,0,0,0,0,0,0,0,0,0,8,1.0,6.698,6.57,0.2,False,0.0526315789473684,0,api_football_fixtures_2024,,2,0,6.821674948240166,42.03,5.26,-1.0,-0.3829787234042553,3.3816425120772946,40.35,21.05,29.27,520,184
286473,Franco Carboni,Venezia,D,22,8,3,228,0,0,0,0,0,0,0,0,0,6,0.75,6.646,6.52,0.2,False,0.0789473684210526,0,api_football_fixtures_2024,,2,0,6.818594773647405,41.11,7.89,-1.0,-0.39473684210526316,4.285714285714286,40.76,15.79,28.92,533,195
179843,Lucas Gourna-Douath,AS Roma,C,22,6,2,226,0,0,0,0,0,0,0,0,0,6,1.0,6.698,6.53,0.2,False,0.0526315789473684,0,api_football_fixtures_2024,,2,0,6.831188405797102,43.55,5.26,-1.0,-0.39823008849557523,2.898550724637681,40.55,15.79,29.06,529,190
383018,Marco Palestra,Atalanta,D,20,9,2,218,0,0,0,0,0,0,0,0,0,8,0.889,6.882,6.88,0.2,False,0.0526315789473684,0,api_football_fixtures_2024,,0,0,6.873695146958305,50.57,5.26,0.0,0.0,46.42857142857143,49.3,21.05,34.5,419,153
44594,Saud Abdulhamid,AS Roma,D,26,4,2,205,0,1,0,0,0,0,0,0,0,4,1.0,6.795,7.04,0.2,False,0.0526315789473684,0,api_football_fixtures_2024,,0,0,6.857811004784688,47.83,5.26,1.0,0.43902439024390244,93.33333333333333,58.04,10.53,34.14,427,158
2734,Philip Billing,Napoli,C,29,10,1,201,1,0,0,0,0,0,0,0,0,10,1.0,6.802,7.05,0.2,False,0.0263157894736842,0,api_football_fixtures_2024,,1,0,6.848096618357488,46.27,2.63,2.5,1.119402985074627,94.20289855072464,58.07,26.32,35.32,409,150
74,Sofyan Amrabat,Fiorentina,C,29,2,2,180,0,0,0,0,0,0,0,0,0,2,1.0,6.95,6.95,0.2,False,0.0526315789473684,0,api_football_fixtures_2024,,0,0,6.878313570487483,51.16,5.26,0.0,0.0,31.642512077294686,46.94,5.26,31.75,460,162
203,Roberto Gagliardini,Monza,C,31,8,0,176,0,0,0,0,0,0,0,0,0,8,1.0,6.55,6.49,0.2,False,0.0,0,api_football_fixtures_2024,,1,0,6.7793892339544515,35.46,0.0,-0.5,-0.2556818181818182,5.797101449275362,42.77,21.05,26.26,576,206
28700,Bjarki Steinn Bjarkason,Venezia,C,25,9,1,171,0,0,0,0,0,0,0,0,0,7,0.778,6.639,6.53,0.2,False,0.0263157894736842,0,api_football_fixtures_2024,,2,0,6.810959205582394,40.34,2.63,-1.0,-0.5263157894736842,2.4154589371980677,42.4,18.42,28.14,552,198
199309,Cheick Oumar Conde,Venezia,C,25,9,1,166,0,0,0,0,0,0,0,0,0,7,0.778,6.625,6.51,0.2,False,0.0263157894736842,0,api_football_fixtures_2024,,2,0,6.807329575952765,39.77,2.63,-1.0,-0.5421686746987953,1.932367149758454,42.51,18.42,27.97,559,200
39286,Emil Bohinen,Genoa,C,26,3,1,165,0,0,0,0,0,0,0,0,0,3,1.0,6.436,6.44,0.2,False,0.0263157894736842,0,api_football_fixtures_2024,,0,0,6.814386893509767,40.88,2.63,0.0,0.0,31.642512077294686,47.16,7.89,27.94,560,201
162451,Anass Salah-Eddine,AS Roma,D,24,3,2,153,0,1,0,0,0,0,0,0,0,3,1.0,6.589,6.92,0.2,False,0.0526315789473684,0,api_football_fixtures_2024,,0,0,6.833672352818805,43.68,5.26,1.0,0.5882352941176471,97.14285714285714,56.85,7.89,32.0,453,173
452430,Sergiu Perciun,Torino,C,19,5,0,148,0,0,0,0,0,0,0,0,0,5,1.0,6.653,6.65,0.2,False,0.0,0,api_football_fixtures_2024,,0,0,6.8275159420289855,42.96,0.0,0.0,0.0,31.642512077294686,47.41,13.16,28.86,535,193
375321,Richie Sagrado,Venezia,D,21,3,3,143,0,0,0,0,0,0,0,0,0,3,1.0,6.626,6.46,0.2,False,0.0789473684210526,0,api_football_fixtures_2024,,1,0,6.838498439775327,44.5,7.89,-0.5,-0.3146853146853147,6.190476190476191,43.99,7.89,29.73,507,187
48406,Domen Črnigoj,Venezia,C,30,8,1,142,0,0,0,0,0,0,0,0,0,8,1.0,6.564,6.56,0.2,False,0.0263157894736842,0,api_football_fixtures_2024,,0,0,6.783389233954451,36.07,2.63,0.0,0.0,31.642512077294686,47.5,21.05,28.31,546,196
334,Simone Verdi,Como,C,33,9,0,125,0,0,0,0,0,0,0,0,0,8,0.889,6.654,6.6,0.2,False,0.0,0,api_football_fixtures_2024,,1,0,6.809103519668737,40.05,0.0,-0.5,-0.36,3.864734299516908,44.37,21.05,28.27,547,197
367577,Simone Pafundi,Udinese,C,19,9,0,113,0,0,0,0,0,0,0,0,0,9,1.0,6.643,6.64,0.2,False,0.0,0,api_football_fixtures_2024,,0,0,6.800341329335333,38.68,0.0,0.0,0.0,31.642512077294686,47.95,23.68,29.08,528,189
3014,Szymon Żurkowski,Empoli,C,28,5,0,105,0,0,0,0,0,0,0,0,0,5,1.0,6.55,6.55,0.2,False,0.0,0,api_football_fixtures_2024,,0,0,6.8069159420289855,39.7,0.0,0.0,0.0,31.642512077294686,48.08,13.16,27.89,561,202
51016,Tajon Buchanan,Inter,C,26,6,0,94,0,0,0,0,0,0,0,0,0,6,1.0,6.578,6.58,0.2,False,0.0,0,api_football_fixtures_2024,,0,0,6.803496098104794,39.17,0.0,0.0,0.0,31.642512077294686,48.26,15.79,28.14,552,198
31493,Filippo Melegoni,Genoa,C,26,3,1,87,0,1,0,0,0,0,0,0,0,3,1.0,6.379,6.71,0.2,False,0.0263157894736842,0,api_football_fixtures_2024,,0,0,6.806952110901071,39.71,2.63,1.0,1.0344827586206897,91.78743961352657,53.68,7.89,29.16,524,187
690,Viktor Kovalenko,Empoli,C,29,6,0,78,0,0,0,0,0,0,0,0,0,6,1.0,6.662,6.66,0.2,False,0.0,0,api_football_fixtures_2024,,0,0,6.822880713489409,42.23,0.0,0.0,0.0,31.642512077294686,48.54,15.79,29.28,519,183
410396,Mattia Liberali,AC Milan,C,18,1,1,62,0,0,0,0,0,0,0,0,0,1,1.0,6.9,6.9,0.2,False,0.0263157894736842,0,api_football_fixtures_2024,,0,0,6.872518978605935,50.22,2.63,0.0,0.0,31.642512077294686,48.82,2.63,30.83,473,167
368138,Mateusz Kowalski,Parma,A,20,1,1,57,0,0,0,0,0,0,0,0,0,1,1.0,6.3,6.3,0.2,False,0.0263157894736842,0,api_football_fixtures_2024,,0,0,6.825095645095645,46.11,2.63,0.0,0.0,14.224137931034484,47.87,2.63,29.16,524,103
30513,Ben Lhassine Kone,Como,C,25,4,0,53,0,0,0,0,0,0,0,0,0,4,1.0,6.636,6.51,0.2,False,0.0,0,api_football_fixtures_2024,,1,0,6.831954106280193,43.67,0.0,-0.5,-0.8490566037735848,0.966183574879227,47.27,10.53,28.68,539,194
339872,Vasilije Adžić,Juventus,C,19,6,0,50,0,0,0,0,0,0,0,0,0,4,0.667,6.65,6.65,0.2,False,0.0,0,api_football_fixtures_2024,,0,0,6.834287439613527,44.05,0.0,0.0,0.0,31.642512077294686,49.03,10.53,29.25,521,185
30875,Mattia Valoti,Monza,C,32,5,0,48,0,0,0,0,0,0,0,0,0,4,0.8,6.457,6.36,0.2,False,0.0,0,api_football_fixtures_2024,,1,0,6.80212077294686,38.96,0.0,-0.5,-0.9375,0.4830917874396135,47.49,10.53,27.09,568,204
471649,Saad El Haddad,Venezia,C,20,3,0,33,0,0,0,0,0,0,0,0,0,3,1.0,6.373,6.37,0.2,False,0.0,0,api_football_fixtures_2024,,0,0,6.806169502205419,39.59,0.0,0.0,0.0,31.642512077294686,49.35,7.89,27.38,564,203
237,Gastón Pereiro,Genoa,C,30,2,0,29,0,0,0,0,0,0,0,0,0,2,1.0,6.7,6.7,0.2,False,0.0,0,api_football_fixtures_2024,,0,0,6.855586297760211,47.48,0.0,0.0,0.0,31.642512077294686,49.43,5.26,29.76,506,179
22169,Wylan Cyprien,Parma,C,30,2,0,26,0,0,0,0,0,0,0,0,0,2,1.0,6.546,6.55,0.2,False,0.0,0,api_football_fixtures_2024,,0,0,6.841586297760211,45.22,0.0,0.0,0.0,31.642512077294686,49.48,5.26,28.99,531,191
30506,Daniele Baselli,Como,C,33,2,1,23,0,0,0,0,0,0,0,0,0,1,0.5,6.6,6.6,0.2,False,0.0263157894736842,0,api_football_fixtures_2024,,0,0,6.858233264320221,47.91,2.63,0.0,0.0,31.642512077294686,49.54,2.63,30.21,486,173
443501,Federico Cassa,Atalanta,C,19,2,0,23,0,0,0,0,0,0,0,0,0,2,1.0,6.909,6.91,0.2,False,0.0,0,api_football_fixtures_2024,,0,0,6.874586297760211,50.56,0.0,0.0,0.0,31.642512077294686,49.54,5.26,30.87,472,166
319919,Oussama El Azzouzi,Bologna,C,24,2,0,21,0,0,0,0,0,0,0,0,0,2,1.0,6.805,6.8,0.2,False,0.0,0,api_football_fixtures_2024,,0,0,6.865131752305666,49.03,0.0,0.0,0.0,31.642512077294686,49.58,5.26,30.34,482,171
419423,Alberto Manzoni,Atalanta,C,20,1,0,14,0,0,0,0,0,0,0,0,0,1,1.0,6.6,6.6,0.2,False,0.0,0,api_football_fixtures_2024,,0,0,6.858233264320221,47.91,0.0,0.0,0.0,31.642512077294686,49.72,2.63,29.59,511,180
40563,Filip Marchwiński,Lecce,C,23,1,0,14,0,0,0,0,0,0,0,0,0,1,1.0,6.7,6.7,0.2,False,0.0,0,api_football_fixtures_2024,,0,0,6.862995169082126,48.68,0.0,0.0,0.0,31.642512077294686,49.72,2.63,29.86,503,178
327897,Arijon Ibrahimović,Lazio,C,20,1,0,11,0,0,0,0,0,0,0,0,0,1,1.0,6.2,6.2,0.2,False,0.0,0,api_football_fixtures_2024,,0,0,6.839185645272602,44.83,0.0,0.0,0.0,31.642512077294686,49.78,2.63,28.53,542,195
172,Dele Alli,Como,C,29,1,0,10,0,0,0,0,0,0,0,0,0,1,1.0,5.6,4.6,0.2,False,0.0,0,api_football_fixtures_2024,,0,1,6.810614216701174,40.29,0.0,-1.0,-9.0,0.0,49.45,2.63,26.86,569,205
409411,Ali Jasim Elaibi,Como,A,21,2,0,9,0,0,0,0,0,0,0,0,0,1,0.5,6.5,6.5,0.2,False,0.0,0,api_football_fixtures_2024,,0,0,6.834619454619454,47.52,0.0,0.0,0.0,14.224137931034484,49.65,2.63,29.44,514,101
30551,Nunzio Lella,Venezia,C,25,1,0,8,0,0,0,0,0,0,0,0,0,1,1.0,6.7,6.7,0.2,False,0.0,0,api_football_fixtures_2024,,0,0,6.862995169082126,48.68,0.0,0.0,0.0,31.642512077294686,49.84,2.63,29.89,499,177
15719,Oliver Abildgaard,Como,C,29,1,0,7,0,0,0,0,0,0,0,0,0,0,0.0,0.0,0.0,0.2,False,0.0,0,api_football_fixtures_2024,,0,0,6.871144927536232,50.0,0.0,0.0,0.0,31.642512077294686,49.86,0.0,29.96,496,176
1807,Evan Ndicka,AS Roma,D,26,38,38,3429,0,1,16,0,0,0,0,0,0,38,1.0,7.087,7.09,0.2,False,1.0,0,api_football_fixtures_2024,,2,0,7.012301105428147,73.09,100.0,0.0,0.0,46.42857142857143,47.17,100.0,77.38,33,10
127035,Federico Baschirotto,Lecce,D,29,38,38,3420,2,0,9,0,0,0,0,0,0,38,1.0,6.932,7.05,0.2,False,1.0,0,api_football_fixtures_2024,,3,0,6.910749381290216,56.95,100.0,4.5,0.11842105263157894,72.38095238095238,67.72,100.0,76.86,36,12
1314,Amir Rrahmani,Napoli,D,31,38,38,3407,1,3,19,0,0,0,0,0,0,38,1.0,7.295,7.43,0.2,False,1.0,0,api_football_fixtures_2024,,2,0,7.148576967497112,88.62,100.0,5.0,0.13208100968594072,74.76190476190476,69.59,100.0,88.42,3,1
31042,Giovanni Di Lorenzo,Napoli,D,32,37,37,3330,3,2,18,0,0,0,0,0,0,37,1.0,7.205,7.42,0.2,False,0.9736842105263158,0,api_football_fixtures_2024,,6,0,7.087587089733904,82.7,97.37,8.0,0.2162162162162162,84.76190476190476,77.37,97.37,87.23,4,2
319,Sebastiano Luperto,Cagliari,D,29,36,36,3249,1,3,7,0,0,0,0,0,0,36,1.0,6.845,6.96,0.2,False,0.9473684210526316,0,api_football_fixtures_2024,,4,0,6.854061859193438,47.18,94.74,4.0,0.11080332409972299,69.52380952380952,65.29,94.74,70.73,69,27
30425,Gianluca Mancini,AS Roma,D,29,37,36,3153,2,0,14,0,0,0,0,0,0,37,1.0,7.012,7.07,0.2,False,0.9473684210526316,0,api_football_fixtures_2024,,8,0,6.962306387979518,65.5,94.74,2.0,0.05708848715509039,64.28571428571429,61.11,97.37,76.49,41,14
37651,Jay Idzes,Venezia,D,25,35,35,3128,1,0,6,0,0,0,0,0,0,35,1.0,6.809,6.82,0.2,False,0.9210526315789472,0,api_football_fixtures_2024,,5,0,6.831317529360591,43.27,92.11,0.5,0.014386189258312022,56.19047619047619,54.81,92.11,65.69,111,45
41144,Dodô,Fiorentina,D,27,35,35,3119,0,5,7,0,0,0,0,0,0,35,1.0,7.006,7.04,0.2,False,0.9210526315789472,0,api_football_fixtures_2024,,8,0,6.956681165724228,64.59,92.11,1.0,0.02885540237255531,59.04761904761905,57.02,92.11,73.71,54,20
25914,Aarón Martín,Genoa,D,28,36,35,3088,0,8,7,0,0,0,0,0,0,36,1.0,7.072,7.22,0.2,False,0.9210526315789472,0,api_football_fixtures_2024,,5,0,6.9999904306220095,71.3,92.11,5.5,0.1602979274611399,77.61904761904762,71.39,94.74,80.04,21,8
31642,Luca Ranieri,Fiorentina,D,26,36,35,3077,1,3,12,0,0,0,0,0,0,36,1.0,6.991,7.06,0.2,False,0.9210526315789472,0,api_football_fixtures_2024,,7,0,6.947919002050581,63.17,92.11,2.5,0.07312317192070197,65.71428571428571,62.16,94.74,74.89,48,17
200,Gabriele Zappa,Cagliari,D,26,37,35,3062,2,0,5,0,0,0,0,0,0,36,0.973,6.821,6.93,0.2,False,0.9210526315789472,0,api_football_fixtures_2024,,4,0,6.838633287764866,44.52,92.11,4.0,0.11757021554539517,70.95238095238095,66.19,94.74,69.37,83,30
35544,Johan Vásquez,Genoa,D,27,36,34,3041,3,0,10,0,0,0,0,0,0,36,1.0,7.146,7.27,0.2,False,0.8947368421052632,0,api_football_fixtures_2024,,9,0,7.047561859193438,77.89,89.47,4.5,0.1331798750411049,75.23809523809524,69.47,94.74,81.21,19,7
37604,Sam Beukema,Bologna,D,27,35,33,3016,0,1,11,0,0,0,0,0,0,35,1.0,7.008,7.02,0.2,False,0.868421052631579,0,api_football_fixtures_2024,,1,0,6.957953892996955,64.8,86.84,0.5,0.014920424403183023,56.666666666666664,55.13,92.11,71.99,61,25
833,Jaka Bijol,Udinese,D,26,34,34,2964,1,0,8,0,0,0,0,0,0,34,1.0,6.957,6.82,0.2,False,0.8947368421052632,0,api_football_fixtures_2024,,13,1,6.924916002126528,59.35,89.47,-4.5,-0.13663967611336034,16.19047619047619,24.07,89.47,62.58,141,60
30420,Enrico Del Prato,Parma,D,26,34,32,2946,4,0,4,0,0,0,0,0,0,34,1.0,7.01,7.25,0.2,False,0.8421052631578947,0,api_football_fixtures_2024,,8,0,6.958286372496898,64.85,84.21,8.0,0.24439918533604887,86.66666666666667,78.09,89.47,76.69,39,13
342063,Diego Coppola,Verona,D,22,34,33,2926,2,0,8,0,0,0,0,0,0,33,0.971,6.932,6.96,0.2,False,0.868421052631579,0,api_football_fixtures_2024,,10,0,6.908744605940236,56.61,86.84,1.0,0.030758714969241287,59.523809523809526,57.28,86.84,68.87,85,31
91358,Emanuele Valeri,Parma,D,27,35,34,2878,2,6,4,0,0,0,0,1,0,35,1.0,6.874,7.2,0.2,False,0.8947368421052632,1,api_football_fixtures_2024,,1,0,6.872681165724227,50.4,89.47,11.5,0.3596247394023627,91.9047619047619,81.92,92.11,74.3,51,18
122468,Saul Coco,Torino,D,26,32,32,2847,2,0,9,0,0,0,0,0,0,32,1.0,6.999,7.03,0.2,False,0.8421052631578947,0,api_football_fixtures_2024,,10,0,6.9495281560544715,63.43,84.21,1.0,0.03161222339304531,60.0,57.6,84.21,70.29,74,29
162952,Mario Gila Fuentes,Lazio,D,25,32,31,2742,1,0,8,0,0,0,0,0,0,32,1.0,7.033,7.0,0.2,False,0.8157894736842105,0,api_football_fixtures_2024,,8,0,6.970451232977549,66.79,81.58,-1.0,-0.03282275711159737,34.285714285714285,38.17,84.21,65.95,107,41
46792,Pablo Marí,Monza,D,32,32,31,2727,0,0,6,0,0,0,0,0,0,32,1.0,7.063,6.94,0.2,False,0.8157894736842105,0,api_football_fixtures_2024,,6,1,6.988912771439087,69.64,81.58,-4.0,-0.132013201320132,16.666666666666664,24.94,84.21,63.64,127,52
47300,Theo Hernández,AC Milan,D,28,33,30,2696,4,3,7,0,0,0,0,0,1,33,1.0,7.251,7.61,0.2,False,0.7894736842105263,1,api_football_fixtures_2024,,4,1,7.1073672474496705,84.8,78.95,9.0,0.30044510385756673,90.47619047619048,80.35,86.84,82.53,13,5
1632,Alessio Romagnoli,Lazio,D,30,32,31,2674,2,0,5,0,0,0,0,0,0,32,1.0,7.043,7.11,0.2,False,0.8157894736842105,0,api_football_fixtures_2024,,4,2,6.976605079131395,67.75,81.58,2.0,0.06731488406881077,64.76190476190476,61.04,84.21,72.0,60,24
30421,Berat Djimsiti,Atalanta,D,32,34,32,2652,1,2,9,0,0,0,0,0,0,34,1.0,7.154,7.21,0.2,False,0.8421052631578947,0,api_football_fixtures_2024,,6,0,7.048953039163565,78.07,84.21,2.0,0.06787330316742082,65.23809523809524,61.38,89.47,77.14,35,11
26301,Marc-Oliver Kempf,Como,D,30,31,30,2617,0,0,6,0,0,0,0,0,0,31,1.0,7.058,6.93,0.2,False,0.7894736842105263,0,api_football_fixtures_2024,,6,1,6.984420864996716,68.96,78.95,-4.0,-0.13756209400076425,15.714285714285714,24.49,81.58,62.23,143,61
31543,Antonino Gallo,Lecce,D,25,31,31,2615,0,2,9,0,0,0,0,0,0,31,1.0,6.961,6.94,0.2,False,0.8157894736842105,0,api_football_fixtures_2024,,3,1,6.925460080682991,59.44,81.58,-0.5,-0.017208413001912046,36.19047619047619,39.73,81.58,63.37,132,57
1929,Jhon Lucumí,Bologna,D,27,32,29,2613,0,1,10,0,0,0,0,0,0,32,1.0,6.951,6.83,0.2,False,0.7631578947368421,0,api_football_fixtures_2024,,8,1,6.91998969451601,58.52,76.32,-4.0,-0.13777267508610794,15.238095238095239,24.14,84.21,58.23,177,73
2484,Yerry Mina,Cagliari,D,31,31,31,2585,1,0,5,0,0,0,0,0,0,31,1.0,7.124,7.09,0.2,False,0.8157894736842105,0,api_football_fixtures_2024,,6,1,7.024538512055539,74.82,81.58,-1.0,-0.03481624758220503,33.80952380952381,37.99,81.58,68.32,91,34
180510,Mattia Viti,Empoli,D,23,30,30,2576,1,0,6,0,0,0,0,0,0,30,1.0,6.851,6.9,0.2,False,0.7894736842105263,0,api_football_fixtures_2024,,3,0,6.8587492822966505,47.99,78.95,1.5,0.05240683229813665,62.857142857142854,59.53,78.95,63.26,134,58
318053,Saba Goglichidze,Empoli,D,21,33,29,2546,0,1,4,0,0,0,0,0,0,33,1.0,6.695,6.65,0.2,False,0.7631578947368421,0,api_football_fixtures_2024,,3,1,6.761178568204388,31.79,76.32,-1.5,-0.05302435192458759,29.523809523809526,34.87,86.84,51.95,239,93
31073,Edoardo Goldaniga,Como,D,32,32,28,2543,1,0,7,0,0,0,0,0,0,32,1.0,6.738,6.61,0.2,False,0.7368421052631579,0,api_football_fixtures_2024,,12,1,6.788912771439088,36.19,73.68,-4.0,-0.1415650806134487,14.761904761904763,23.97,84.21,49.71,257,99
30422,Robin Gosens,Fiorentina,D,31,32,29,2527,5,5,7,0,0,0,0,0,0,32,1.0,7.139,7.67,0.2,False,0.7631578947368421,0,api_football_fixtures_2024,,6,0,7.0356820022083175,76.33,76.32,17.0,0.6054610209734863,97.61904761904762,85.11,84.21,79.71,23,9
14329,Ardian Ismajli,Empoli,D,29,29,29,2510,0,0,5,0,0,0,0,0,0,29,1.0,7.072,7.02,0.2,False,0.7631578947368421,0,api_football_fixtures_2024,,3,0,6.989703349282297,69.76,76.32,-1.5,-0.05378486055776892,28.809523809523807,34.4,76.32,63.54,128,53
21636,Frédéric Guilbert,Lecce,D,31,31,31,2451,0,1,9,0,0,0,0,0,0,31,1.0,6.901,6.82,0.2,False,0.8157894736842105,0,api_football_fixtures_2024,,3,2,6.888989492447696,53.22,81.58,-2.5,-0.09179926560587516,21.904761904761905,29.45,81.58,58.62,170,70
30501,Armando Izzo,Monza,D,33,30,28,2444,1,1,3,0,0,0,0,0,0,30,1.0,6.882,6.82,0.2,False,0.7368421052631579,0,api_football_fixtures_2024,,12,0,6.877349282296651,51.21,73.68,-2.0,-0.07364975450081833,25.238095238095237,31.9,78.95,56.16,198,80
31009,Alessandro Bastoni,Inter,D,26,33,31,2420,1,5,14,0,0,0,0,0,0,33,1.0,7.292,7.41,0.2,False,0.8157894736842105,0,api_football_fixtures_2024,,6,1,7.132895549336463,87.26,81.58,4.0,0.1487603305785124,77.14285714285715,69.78,86.84,81.41,17,6
47254,Mathías Olivera,Napoli,D,28,32,26,2371,0,2,14,0,0,0,0,0,0,32,1.0,7.132,7.13,0.2,False,0.6842105263157895,0,api_football_fixtures_2024,,4,0,7.031374309900626,75.75,68.42,0.0,0.0,46.42857142857143,47.41,84.21,68.1,96,36
1844,Adam Marušić,Lazio,D,33,35,26,2341,4,0,4,0,0,0,0,0,0,34,0.971,6.802,7.13,0.2,False,0.6842105263157895,0,api_football_fixtures_2024,,1,0,6.8273234095339355,42.59,68.42,11.5,0.4421187526697992,93.80952380952381,81.64,89.47,65.84,108,42
2553,Guillermo Maripán,Torino,D,31,28,27,2341,1,1,6,0,0,0,0,0,0,28,1.0,7.014,7.05,0.2,False,0.7105263157894737,0,api_football_fixtures_2024,,4,1,6.954155502392345,64.19,71.05,1.0,0.03844510892780863,61.42857142857143,58.25,73.68,65.84,108,42
162188,Pierre Kalulu,Juventus,D,25,29,25,2335,1,0,10,0,0,0,0,0,0,29,1.0,7.003,7.04,0.2,False,0.6578947368421053,0,api_football_fixtures_2024,,2,1,6.948866614588419,63.33,65.79,1.0,0.03854389721627409,61.904761904761905,58.59,76.32,64.71,121,48
137976,Isak Hien,Atalanta,D,26,30,27,2325,0,0,11,0,0,0,0,0,0,30,1.0,6.945,6.78,0.2,False,0.7105263157894737,0,api_football_fixtures_2024,,10,0,6.9151492822966505,57.7,71.05,-5.0,-0.1935483870967742,11.428571428571429,22.19,78.95,55.35,206,82
134,Juan Miranda,Bologna,D,25,31,25,2291,0,6,8,0,0,0,0,0,0,31,1.0,7.197,7.29,0.2,False,0.6578947368421053,0,api_football_fixtures_2024,,4,1,7.0689110610751476,80.54,65.79,3.0,0.1178524661719773,71.9047619047619,65.73,81.58,73.31,57,22
22222,Zeki Çelik,AS Roma,D,28,31,27,2261,0,2,8,0,0,0,0,0,0,31,1.0,7.041,7.02,0.2,False,0.7105263157894737,0,api_football_fixtures_2024,,5,0,6.9740875316633835,67.36,71.05,-0.5,-0.019902697921273773,35.714285714285715,39.78,81.58,63.52,129,54
127011,Andrea Cambiaso,Juventus,D,25,33,25,2222,2,3,10,0,0,0,0,0,0,33,1.0,7.11,7.32,0.2,False,0.6578947368421053,0,api_football_fixtures_2024,,4,0,7.019574794619482,74.13,65.79,7.0,0.28352835283528355,89.52380952380953,78.13,86.84,74.95,46,16
268341,Federico Gatti,Juventus,D,27,30,26,2213,1,0,12,0,0,0,0,0,0,30,1.0,7.07,7.14,0.2,False,0.6842105263157895,0,api_football_fixtures_2024,,2,0,6.990149282296651,69.83,68.42,2.0,0.08133755083596927,66.66666666666666,61.85,78.95,68.85,86,32
396637,Pietro Comuzzo,Fiorentina,D,20,33,24,2202,1,0,7,0,0,0,0,0,0,33,1.0,6.939,6.95,0.2,False,0.631578947368421,0,api_football_fixtures_2024,,5,0,6.9131030965062745,57.35,63.16,0.5,0.020435967302452316,57.14285714285714,55.07,86.84,62.66,139,59
193270,Andrea Carboni,Monza,D,24,26,25,2196,0,1,2,0,0,0,0,0,0,26,1.0,6.831,6.77,0.2,False,0.6578947368421053,0,api_football_fixtures_2024,,5,0,6.848118785105055,46.15,65.79,-1.5,-0.06147540983606557,27.142857142857142,33.79,68.42,51.31,247,95
56473,Matteo Gabbia,AC Milan,D,26,26,24,2161,2,0,10,0,0,0,0,0,0,26,1.0,7.071,7.22,0.2,False,0.631578947368421,0,api_football_fixtures_2024,,4,0,6.9837709590180985,68.86,63.16,4.0,0.16658954187875985,78.57142857142857,70.17,68.42,67.7,97,37
291589,Kialonda Gaspar,Lecce,D,28,24,24,2143,0,1,6,0,0,0,0,0,0,24,1.0,7.135,7.11,0.2,False,0.631578947368421,0,api_football_fixtures_2024,,3,0,7.014715093518921,73.44,63.16,-0.5,-0.020998600093327113,35.23809523809524,39.6,63.16,60.87,148,63
162141,Koni De Winter,Genoa,D,23,25,23,2133,3,0,7,0,0,0,0,0,0,25,1.0,6.831,7.07,0.2,False,0.6052631578947368,0,api_football_fixtures_2024,,6,0,6.848499202551834,46.22,60.53,6.0,0.25316455696202533,87.14285714285714,76.12,65.79,60.21,159,67
31137,Stefano Sabelli,Genoa,D,32,34,23,2069,0,2,5,0,0,0,0,0,0,33,0.971,6.783,6.8,0.2,False,0.6052631578947368,0,api_football_fixtures_2024,,3,0,6.815971021034576,40.67,60.53,0.5,0.021749637506041565,57.61904761904761,55.31,86.84,56.22,197,79
180763,Botond Balogh,Parma,D,23,29,23,2053,0,1,4,0,0,0,0,0,0,29,1.0,6.916,6.86,0.2,False,0.6052631578947368,0,api_football_fixtures_2024,,5,0,6.897376818670052,54.66,60.53,-1.5,-0.06575742815392109,26.666666666666668,33.78,76.32,54.16,221,86
342019,Daniele Ghilardi,Verona,D,22,24,21,2031,0,0,5,0,0,0,0,0,0,24,1.0,6.9,6.71,0.2,False,0.5526315789473685,0,api_football_fixtures_2024,,7,1,6.886533275337103,52.79,55.26,-4.5,-0.19940915805022158,10.476190476190476,22.61,63.16,47.42,283,108
31226,Alessandro Buongiorno,Napoli,D,26,22,22,1926,1,0,11,0,0,0,0,0,0,22,1.0,7.19,7.28,0.2,False,0.5789473684210527,0,api_football_fixtures_2024,,2,0,7.03779676463887,76.62,57.89,2.0,0.09345794392523364,67.61904761904762,62.01,57.89,65.48,113,46
18799,Adam Masina,Torino,D,31,28,20,1925,1,2,6,0,0,0,0,0,0,27,0.964,6.964,7.05,0.2,False,0.5263157894736842,0,api_football_fixtures_2024,,5,0,6.924158810953884,59.22,52.63,2.5,0.11688311688311688,70.47619047619048,63.95,71.05,60.53,151,64
1442,Sead Kolašinac,Atalanta,D,32,23,23,1910,0,2,8,0,0,0,0,0,0,23,1.0,7.01,6.94,0.2,False,0.6052631578947368,0,api_football_fixtures_2024,,7,0,6.945057304996105,62.7,60.53,-1.5,-0.07068062827225131,25.71428571428571,33.49,60.53,54.53,219,85
45826,Strahinja Pavlović,AC Milan,D,24,24,21,1869,2,1,7,0,0,0,0,0,0,23,0.958,7.183,7.37,0.2,False,0.5526315789473685,0,api_football_fixtures_2024,,3,1,7.037592188717035,76.59,55.26,4.5,0.21669341894060995,85.23809523809524,73.78,60.53,68.15,95,35
30921,Paweł Dawidowicz,Verona,D,30,26,24,1852,0,0,5,0,0,0,0,0,0,26,1.0,6.655,6.48,0.2,False,0.631578947368421,0,api_football_fixtures_2024,,7,1,6.74864052423549,29.87,63.16,-4.5,-0.21868250539956804,9.047619047619047,22.44,68.42,42.12,344,130
40582,Sebastian Walukiewicz,Torino,D,25,31,22,1848,0,0,5,0,0,0,0,0,0,29,0.935,6.757,6.66,0.2,False,0.5789473684210527,0,api_football_fixtures_2024,,6,0,6.803274777853725,38.55,57.89,-3.0,-0.14610389610389612,13.333333333333334,25.34,76.32,45.75,309,117
32034,Alberto Dossena,Como,D,27,23,20,1829,0,2,1,0,0,0,0,0,0,23,1.0,6.84,6.86,0.2,False,0.5263157894736842,0,api_football_fixtures_2024,,1,1,6.854127072437966,47.19,52.63,0.5,0.024603608529250955,58.0952380952381,55.43,60.53,52.61,235,91
8586,Mërgim Vojvoda,Torino,D,30,28,20,1826,1,2,6,0,0,0,0,0,0,27,0.964,6.864,6.94,0.2,False,0.5263157894736842,0,api_football_fixtures_2024,,6,0,6.866712002443245,49.37,52.63,2.0,0.09857612267250822,68.0952380952381,62.12,71.05,56.62,193,77
163189,Malick Thiaw,AC Milan,D,24,22,19,1803,0,0,7,0,0,0,0,0,0,22,1.0,7.001,6.96,0.2,False,0.5,0,api_football_fixtures_2024,,2,0,6.9387967646388695,61.67,50.0,-1.0,-0.04991680532445924,30.0,36.66,57.89,51.93,240,94
281495,Thomas Kristensen,Udinese,D,23,24,19,1770,1,0,4,0,0,0,0,0,0,24,1.0,6.747,6.77,0.2,False,0.5,0,api_football_fixtures_2024,,5,0,6.803078729882557,38.52,50.0,0.5,0.025423728813559324,58.57142857142858,55.68,63.16,49.38,263,102
288,Alberto Moreno,Como,D,33,24,21,1741,0,0,3,0,0,0,0,0,0,24,1.0,6.747,6.66,0.2,False,0.5526315789473685,0,api_football_fixtures_2024,,4,0,6.803078729882557,38.52,55.26,-2.0,-0.10338885697874785,19.523809523809526,29.91,63.16,44.25,323,125
181806,Nicolò Savona,Juventus,D,22,28,19,1726,2,1,6,0,0,0,0,0,0,27,0.964,6.856,7.02,0.2,False,0.5,0,api_football_fixtures_2024,,5,0,6.862116257762394,48.57,50.0,4.5,0.23464658169177288,85.71428571428571,73.47,71.05,58.53,172,71
194,Stefan de Vrij,Inter,D,33,26,18,1719,3,0,10,0,0,0,0,0,0,25,0.962,7.197,7.5,0.2,False,0.4736842105263157,0,api_football_fixtures_2024,,2,0,7.0518325358851675,78.44,47.37,8.0,0.418848167539267,92.85714285714286,78.13,65.79,68.7,87,33
1836,Francesco Acerbi,Inter,D,37,23,20,1714,0,1,4,0,0,0,0,0,0,23,1.0,7.198,7.24,0.2,False,0.5263157894736842,0,api_football_fixtures_2024,,0,0,7.0456154445309895,77.64,52.63,1.0,0.052508751458576426,63.33333333333333,58.74,60.53,64.1,124,50
41577,Nuno Tavares,Lazio,D,25,23,22,1699,0,8,4,0,0,0,0,0,0,23,1.0,7.088,7.31,0.2,False,0.5789473684210527,0,api_football_fixtures_2024,,4,1,6.986778235228663,69.32,57.89,5.0,0.26486168334314303,88.09523809523809,74.9,60.53,66.54,101,39
10238,Carlos Augusto,Inter,D,26,29,15,1681,3,2,3,0,0,0,0,0,0,29,1.0,7.262,7.62,0.2,False,0.3947368421052631,0,api_football_fixtures_2024,,1,0,7.102152328874133,84.27,39.47,10.5,0.5621653777513385,96.66666666666667,80.39,76.32,70.91,66,26
656,Oumar Solet,Udinese,D,25,19,19,1674,1,2,6,0,0,0,0,0,0,19,1.0,7.259,7.39,0.2,False,0.5,0,api_football_fixtures_2024,,3,1,7.059704208072629,79.43,50.0,2.5,0.13440860215053765,75.71428571428571,66.72,50.0,64.48,122,49
24953,Yann Bisseck,Inter,D,25,27,17,1645,3,2,6,0,0,0,0,0,0,27,1.0,7.087,7.42,0.2,False,0.4473684210526316,0,api_football_fixtures_2024,,4,0,6.9948183854219685,70.53,44.74,9.0,0.4924012158054711,95.71428571428572,79.55,71.05,66.42,104,40
19209,Fikayo Tomori,AC Milan,D,28,22,19,1611,0,1,4,0,0,0,0,0,0,22,1.0,6.995,6.9,0.2,False,0.5,0,api_football_fixtures_2024,,4,1,6.935653907496013,61.15,50.0,-2.0,-0.11173184357541899,19.047619047619047,30.14,57.89,50.12,254,97
30396,Cristiano Biraghi,Torino,D,33,23,18,1600,1,0,4,0,0,0,0,0,0,23,1.0,7.14,7.25,0.2,False,0.4736842105263157,0,api_football_fixtures_2024,,1,0,7.014592188717035,73.42,47.37,2.5,0.140625,76.66666666666667,67.07,60.53,63.39,131,56
2725,Benjamin Pavard,Inter,D,29,23,18,1584,0,1,6,0,0,0,0,0,0,23,1.0,7.113,7.07,0.2,False,0.4736842105263157,0,api_football_fixtures_2024,,4,0,7.0001503282519195,71.33,47.37,-1.0,-0.05681818181818182,28.095238095238095,36.03,60.53,54.89,211,83
6221,Lautaro Valenti,Parma,D,26,20,18,1557,1,0,5,0,0,0,0,0,0,20,1.0,6.856,6.81,0.2,False,0.4736842105263157,0,api_football_fixtures_2024,,6,1,6.8631866028708135,48.76,47.37,-1.0,-0.057803468208092484,27.61904761904762,35.82,52.63,45.76,308,116
862,Leonardo Spinazzola,Napoli,D,32,27,17,1536,1,1,5,0,0,0,0,0,0,26,0.963,6.988,7.12,0.2,False,0.4473684210526316,0,api_football_fixtures_2024,,1,0,6.9368579155398375,61.35,44.74,3.5,0.205078125,82.38095238095238,70.42,68.42,60.52,152,65
41371,Fali Candé,Venezia,D,27,17,17,1530,1,1,4,0,0,0,0,0,0,17,1.0,6.941,7.06,0.2,False,0.4473684210526316,0,api_football_fixtures_2024,,4,0,6.902823354454933,55.6,44.74,2.0,0.11764705882352941,71.42857142857143,63.49,44.74,53.23,229,88
30736,Mattia Bani,Genoa,D,32,20,19,1511,0,0,6,0,0,0,0,0,0,20,1.0,6.857,6.78,0.2,False,0.5,0,api_football_fixtures_2024,,3,0,6.863686602870813,48.84,50.0,-1.5,-0.08934480476505625,22.380952380952383,32.69,52.63,45.66,311,119
31521,Alessandro Vogliacco,Parma,D,27,22,18,1488,2,0,3,0,0,0,0,0,0,22,1.0,6.801,6.96,0.2,False,0.4736842105263157,0,api_football_fixtures_2024,,5,0,6.834034859876965,43.74,47.37,3.5,0.21169354838709678,83.33333333333334,70.77,57.89,53.53,225,87
30866,Manuel Lazzari,Lazio,D,32,25,16,1415,0,1,2,0,0,0,0,0,0,24,0.96,6.9,6.88,0.2,False,0.4210526315789473,0,api_football_fixtures_2024,,3,0,6.886533275337103,52.79,42.11,-0.5,-0.03180212014134275,34.76190476190476,40.69,63.16,48.65,274,105
23253,Gaby Jean,Lecce,D,25,19,16,1387,0,0,3,0,0,0,0,0,0,18,0.947,6.678,6.68,0.2,False,0.4210526315789473,0,api_football_fixtures_2024,,0,0,6.779249055653487,34.63,42.11,0.0,0.0,46.42857142857143,47.83,47.37,41.71,346,132
1566,Emerson Royal,AC Milan,D,26,17,16,1382,0,0,7,0,0,0,0,0,0,17,1.0,7.138,6.99,0.2,False,0.4210526315789473,0,api_football_fixtures_2024,,5,0,6.993336867968447,70.31,42.11,-2.5,-0.16280752532561504,12.857142857142856,27.51,44.74,48.72,271,104
1084,Marin Pongračić,Fiorentina,D,28,20,14,1368,0,0,5,0,0,0,0,0,0,20,1.0,6.776,6.65,0.2,False,0.3684210526315789,0,api_football_fixtures_2024,,3,1,6.823186602870813,41.89,36.84,-2.5,-0.1644736842105263,12.380952380952381,27.31,52.63,38.59,379,141
7090,Michael Svoboda,Venezia,D,27,16,15,1314,1,0,1,0,0,0,0,0,0,16,1.0,6.828,6.98,0.2,False,0.3947368421052631,0,api_football_fixtures_2024,,1,0,6.851540669856459,46.74,39.47,2.5,0.17123287671232876,80.0,67.8,42.11,49.5,260,101
330437,Álex Jiménez,AC Milan,D,20,22,14,1270,0,1,2,0,0,0,0,0,0,22,1.0,6.921,6.83,0.2,False,0.3684210526315789,0,api_football_fixtures_2024,,6,0,6.896892002734108,54.58,36.84,-2.0,-0.14173228346456693,14.047619047619047,28.96,57.89,44.24,325,127
129119,Ignace Van der Brempt,Como,D,23,20,14,1264,0,1,2,0,0,0,0,0,0,19,0.95,6.95,6.93,0.2,False,0.3684210526315789,0,api_football_fixtures_2024,,3,0,6.909165746534168,56.68,36.84,-0.5,-0.03560126582278481,33.33333333333333,40.26,50.0,46.62,297,113
409047,Giovanni Leoni,Parma,D,19,17,14,1203,1,0,2,0,0,0,0,0,0,17,1.0,6.754,6.78,0.2,False,0.3684210526315789,0,api_football_fixtures_2024,,3,1,6.8169044355360136,40.83,36.84,0.5,0.03740648379052369,60.952380952380956,56.27,44.74,44.28,322,124
18797,Christian Kabasele,Udinese,D,34,16,12,1163,2,0,4,0,0,0,0,0,0,16,1.0,7.157,7.53,0.2,False,0.3157894736842105,0,api_football_fixtures_2024,,0,0,6.997762892078681,70.97,31.58,6.0,0.4643164230438521,94.28571428571428,74.97,42.11,57.79,184,76
47985,Emil Holm,Bologna,D,25,21,12,1137,1,1,4,0,0,0,0,0,0,19,0.905,7.184,7.3,0.2,False,0.3157894736842105,0,api_football_fixtures_2024,,3,0,7.0231657465341675,74.63,31.58,2.5,0.1978891820580475,81.9047619047619,67.81,50.0,58.47,174,72
311071,Nicolás Valentini,Verona,D,24,14,13,1132,0,0,3,0,0,0,0,0,0,14,1.0,7.126,6.88,0.2,False,0.3421052631578947,0,api_football_fixtures_2024,,5,1,6.975631297495075,67.6,34.21,-3.5,-0.2782685512367491,6.666666666666667,25.86,36.84,44.2,326,128
48119,Odilon Kossounou,Atalanta,D,24,18,12,1125,0,0,2,0,0,0,0,0,0,17,0.944,6.719,6.69,0.2,False,0.3157894736842105,0,api_football_fixtures_2024,,1,0,6.800823354454933,38.14,31.58,-0.5,-0.04,32.857142857142854,40.48,44.74,38.07,386,143
373825,Joel Schingtienne,Venezia,D,23,16,12,1121,0,0,2,0,0,0,0,0,0,15,0.938,6.524,6.46,0.2,False,0.3157894736842105,0,api_football_fixtures_2024,,2,0,6.7219275461380725,25.98,31.58,-1.0,-0.08028545941123996,24.761904761904763,36.0,39.47,31.91,455,174
26095,Marin Šverko,Venezia,D,27,16,12,1119,1,0,1,0,0,0,0,0,0,16,1.0,6.783,6.88,0.2,False,0.3157894736842105,0,api_football_fixtures_2024,,3,0,6.83154066985646,43.31,31.58,1.5,0.12064343163538874,72.85714285714285,62.67,42.11,45.04,314,121
711,Stefan Posch,Bologna,D,28,19,11,1110,0,0,4,0,0,0,0,0,0,19,1.0,7.002,6.98,0.2,False,0.2894736842105263,0,api_football_fixtures_2024,,1,0,6.934499079867501,60.96,28.95,-0.5,-0.04054054054054054,32.38095238095238,40.27,50.0,46.14,304,114
193,Danilo D'Ambrosio,Monza,D,37,20,12,1095,0,1,1,0,0,0,0,0,0,19,0.95,6.76,6.71,0.2,False,0.3157894736842105,0,api_football_fixtures_2024,,2,1,6.816601643970064,40.78,31.58,-1.0,-0.0821917808219178,24.285714285714285,35.89,50.0,38.64,378,140
336671,Renato Veiga,Juventus,C,22,13,12,1094,0,1,4,0,0,0,0,0,0,13,1.0,7.254,7.25,0.2,False,0.3157894736842105,0,api_football_fixtures_2024,,2,0,7.021966622749232,73.0,31.58,0.0,0.0,31.642512077294686,39.93,34.21,48.56,276,102
30428,José Luis Palomino,Cagliari,D,35,18,10,1091,1,0,3,0,0,0,0,0,0,18,1.0,6.897,6.98,0.2,False,0.2631578947368421,0,api_football_fixtures_2024,,3,0,6.882985897758751,52.18,26.32,1.5,0.12373968835930338,73.33333333333333,62.79,47.37,47.64,281,107
128338,Woyo Coulibaly,Parma,D,26,14,12,1085,0,1,0,0,0,0,0,0,0,14,1.0,6.601,6.57,0.2,False,0.3157894736842105,0,api_football_fixtures_2024,,1,1,6.759454826906839,31.52,31.58,-0.5,-0.041474654377880185,31.9047619047619,40.11,36.84,34.48,420,154
321744,Adam Obert,Cagliari,D,23,21,13,1076,1,1,0,0,0,0,0,0,0,21,1.0,6.792,6.89,0.2,False,0.3421052631578947,0,api_football_fixtures_2024,,4,0,6.830230832069086,43.09,34.21,2.0,0.16728624535315983,79.04761904761905,65.82,55.26,48.38,278,106
774,Juan Jesus,Napoli,D,34,15,12,1074,0,1,4,0,0,0,0,0,0,14,0.933,6.956,6.96,0.2,False,0.3157894736842105,0,api_football_fixtures_2024,,2,0,6.905631297495074,56.08,31.58,0.0,0.0,46.42857142857143,48.06,36.84,45.06,313,120
30554,Luca Pellegrini,Lazio,D,26,22,10,1073,0,4,3,0,0,0,0,0,0,22,1.0,7.109,7.18,0.2,False,0.2631578947368421,0,api_football_fixtures_2024,,5,0,6.9953681932102985,70.62,26.32,1.5,0.12581547064305684,73.80952380952381,62.95,57.89,55.72,201,81
30526,Giangiacomo Magnani,Verona,D,30,17,11,1072,1,0,0,0,0,0,0,0,0,17,1.0,6.706,6.82,0.2,False,0.2894736842105263,0,api_football_fixtures_2024,,2,0,6.79485038148196,37.16,28.95,2.0,0.16791044776119401,79.52380952380952,66.05,44.74,43.47,333,129
388547,Luca Marianucci,Empoli,D,21,18,12,1068,0,0,1,0,0,0,0,0,0,17,0.944,6.833,6.78,0.2,False,0.3157894736842105,0,api_football_fixtures_2024,,0,1,6.853201732833312,47.03,31.58,-1.0,-0.08426966292134831,23.333333333333332,35.53,44.74,39.95,364,138
30498,Lorenzo De Silvestri,Bologna,D,37,18,13,1065,1,0,4,0,0,0,0,0,0,17,0.944,6.784,6.92,0.2,False,0.3421052631578947,0,api_football_fixtures_2024,,1,0,6.830688219319798,43.17,34.21,2.5,0.2112676056338028,82.85714285714286,67.81,44.74,47.32,284,109
30553,Charalampos Lykogiannīs,Bologna,D,32,17,12,1050,0,4,2,0,0,0,0,0,0,17,1.0,7.002,7.15,0.2,False,0.3157894736842105,0,api_football_fixtures_2024,,3,0,6.93085038148196,60.35,31.58,2.5,0.2142857142857143,84.28571428571429,68.46,44.74,52.84,232,89
31099,Nicolò Casale,Bologna,D,27,17,11,1046,0,1,2,0,0,0,0,0,0,17,1.0,6.873,6.9,0.2,False,0.2894736842105263,0,api_football_fixtures_2024,,1,0,6.87158011121169,50.21,28.95,0.5,0.043021032504780114,62.38095238095238,56.65,44.74,45.68,310,118
336560,Álex Valle,Como,D,21,15,12,1034,0,0,2,0,0,0,0,0,0,14,0.933,6.915,6.85,0.2,False,0.3157894736842105,0,api_football_fixtures_2024,,2,0,6.888748944553898,53.18,31.58,-1.0,-0.08704061895551257,22.857142857142858,35.49,36.84,40.9,355,136
19263,Lloyd Kelly,Juventus,D,27,12,11,1015,0,0,5,0,0,0,0,0,0,12,1.0,6.923,6.88,0.2,False,0.2894736842105263,0,api_football_fixtures_2024,,1,0,6.890108253588516,53.41,28.95,-0.5,-0.04433497536945812,31.428571428571427,40.16,31.58,40.71,356,137
30770,Antonio Candela,Venezia,D,25,14,12,1011,0,1,1,0,0,0,0,0,0,14,1.0,6.637,6.64,0.2,False,0.3157894736842105,0,api_football_fixtures_2024,,2,0,6.774278356318604,33.84,31.58,0.0,0.0,46.42857142857143,48.11,36.84,37.29,396,145
125715,Flavius Daniliuc,Verona,D,24,18,9,1004,0,0,1,0,0,0,0,0,0,18,1.0,6.556,6.56,0.2,False,0.2368421052631578,0,api_football_fixtures_2024,,0,0,6.721459581969277,25.92,23.68,0.0,0.0,46.42857142857143,48.12,47.37,34.13,428,159
1627,Davide Calabria,Bologna,D,29,18,11,976,0,1,3,0,0,0,0,0,0,18,1.0,6.965,6.94,0.2,False,0.2894736842105263,0,api_football_fixtures_2024,,3,0,6.91519642407454,57.71,28.95,-0.5,-0.04610655737704918,30.952380952380953,40.09,47.37,44.56,320,123
501,Mats Hummels,AS Roma,D,37,14,11,918,0,0,5,0,0,0,0,0,0,13,0.929,7.129,7.09,0.2,False,0.2894736842105263,0,api_football_fixtures_2024,,1,0,6.9722564883282585,67.07,28.95,-0.5,-0.04901960784313726,30.476190476190478,40.14,34.21,45.88,306,115
316517,Alan Matturro,Genoa,D,21,13,9,902,0,0,2,0,0,0,0,0,0,13,1.0,6.715,6.64,0.2,False,0.2368421052631578,0,api_football_fixtures_2024,,2,0,6.809165579237349,39.53,23.68,-1.0,-0.09977827050997783,20.0,34.98,34.21,33.63,436,164
6050,Lautaro Giannetti,Udinese,D,32,15,11,882,1,0,1,0,0,0,0,0,0,15,1.0,6.941,7.01,0.2,False,0.2894736842105263,0,api_football_fixtures_2024,,4,0,6.900641831852358,55.22,28.95,1.0,0.10204081632653061,68.57142857142857,59.19,39.47,47.28,286,110
30615,Luca Caldirola,Monza,D,34,14,10,876,0,0,1,0,0,0,0,0,0,14,1.0,6.753,6.61,0.2,False,0.2631578947368421,0,api_football_fixtures_2024,,4,0,6.822043062200956,41.7,26.32,-2.0,-0.2054794520547945,10.0,30.27,36.84,34.27,424,157
858,Mattia De Sciglio,Empoli,D,33,16,7,781,1,0,1,0,0,0,0,0,0,15,0.938,6.634,6.82,0.2,False,0.1842105263157894,0,api_football_fixtures_2024,,0,0,6.76907040328093,33.02,18.42,3.0,0.34571062740076824,90.95238095238095,69.03,39.47,39.34,369,139
31751,Giorgio Altare,Venezia,D,27,12,8,751,0,0,1,0,0,0,0,0,0,12,1.0,6.949,6.87,0.2,False,0.2105263157894736,0,api_football_fixtures_2024,,2,0,6.8998582535885165,55.09,21.05,-1.0,-0.11984021304926765,18.571428571428573,35.7,31.58,38.21,385,142
195893,Souleymane Isaak Touré,Udinese,D,22,12,11,736,1,0,2,0,0,0,0,0,0,11,0.917,6.886,6.89,0.2,False,0.2894736842105263,0,api_football_fixtures_2024,,2,2,6.875918197252662,50.96,28.95,0.0,0.0,46.42857142857143,48.39,28.95,41.51,349,133
1775,Samuel Gigot,Lazio,D,32,15,7,688,2,0,3,0,0,0,0,0,0,12,0.8,7.097,7.43,0.2,False,0.1842105263157894,0,api_football_fixtures_2024,,2,0,6.955358253588517,64.38,18.42,5.0,0.6540697674418604,99.04761904761905,71.25,31.58,49.69,258,100
627,Kyle Walker,AC Milan,D,35,11,7,658,0,0,1,0,0,0,0,0,0,11,1.0,6.933,6.89,0.2,False,0.1842105263157894,0,api_football_fixtures_2024,,1,0,6.892595616607501,53.84,18.42,-0.5,-0.06838905775075987,26.190476190476193,39.94,28.95,37.78,392,144
14266,Ivan Smolčić,Como,D,25,9,7,635,0,0,1,0,0,0,0,0,0,9,1.0,6.827,6.72,0.2,False,0.1842105263157894,0,api_football_fixtures_2024,,2,0,6.856912555683881,47.67,18.42,-1.0,-0.14173228346456693,14.047619047619047,35.13,23.68,33.62,437,165
1841,Patric,Lazio,D,32,10,5,604,1,0,1,0,0,0,0,0,0,10,1.0,6.626,6.83,0.2,False,0.131578947368421,0,api_football_fixtures_2024,,2,0,6.788915470494418,36.19,13.16,2.0,0.2980132450331126,90.0,66.06,26.32,36.42,401,148
618,Danilo,Juventus,D,34,12,6,582,0,1,1,0,0,0,0,0,0,10,0.833,6.831,6.83,0.2,False,0.1578947368421052,0,api_football_fixtures_2024,,2,0,6.857248803827751,47.73,15.79,0.0,0.0,46.42857142857143,48.6,26.32,36.75,399,146
15909,Martin Frese,Verona,D,27,11,5,551,0,0,1,0,0,0,0,0,0,11,1.0,6.712,6.71,0.2,False,0.131578947368421,0,api_football_fixtures_2024,,0,0,6.814176261768791,40.37,13.16,0.0,0.0,46.42857142857143,48.64,28.95,33.92,432,162
264472,Filippo Terracciano,AC Milan,D,22,13,6,550,0,0,2,0,0,0,0,0,0,11,0.846,6.672,6.56,0.2,False,0.1578947368421052,0,api_football_fixtures_2024,,3,0,6.799982713381694,38.01,15.79,-1.5,-0.24545454545454548,7.6190476190476195,33.92,28.95,30.07,489,179
348568,Alessandro Circati,Parma,D,22,6,6,540,0,0,1,0,0,0,0,0,0,6,1.0,6.817,6.73,0.2,False,0.1578947368421052,0,api_football_fixtures_2024,,1,0,6.8580563121089435,47.87,15.79,-0.5,-0.08333333333333334,23.809523809523807,40.18,15.79,33.11,441,168
30497,Bremer,Juventus,D,28,6,6,540,0,0,6,0,0,0,0,0,0,6,1.0,7.6,7.43,0.2,False,0.1578947368421052,0,api_football_fixtures_2024,,2,0,7.038748619801251,76.74,15.79,-1.0,-0.16666666666666669,11.904761904761903,35.71,15.79,42.1,345,131
162452,Devyne Rensch,AS Roma,D,22,14,5,479,0,1,1,0,0,0,0,0,0,12,0.857,7.026,7.1,0.2,False,0.131578947368421,0,api_football_fixtures_2024,,0,0,6.928733253588517,59.99,13.16,1.0,0.1878914405010438,81.42857142857143,60.92,31.58,44.25,323,125
30429,Rafael Tolói,Atalanta,D,35,11,2,464,0,0,1,0,0,0,0,0,0,11,1.0,6.922,6.88,0.2,False,0.0526315789473684,0,api_football_fixtures_2024,,1,0,6.888692390801049,53.17,5.26,-0.5,-0.09698275862068965,21.428571428571427,40.28,28.95,34.34,423,156
125674,Juan Cabal,Juventus,D,24,7,6,461,0,0,3,0,0,0,0,0,0,7,1.0,6.815,6.74,0.2,False,0.1578947368421052,0,api_football_fixtures_2024,,1,0,6.856017189438242,47.52,15.79,-0.5,-0.09761388286334056,20.952380952380953,40.16,18.42,33.38,440,167
311360,Tomás Palacios,Monza,D,22,10,5,455,0,0,0,0,0,0,0,0,0,9,0.9,6.649,6.55,0.2,False,0.131578947368421,0,api_football_fixtures_2024,,2,0,6.801671176373535,38.28,13.16,-1.0,-0.1978021978021978,10.952380952380953,36.89,23.68,29.46,513,191
30737,Federico Barba,Como,D,32,7,5,437,0,0,1,0,0,0,0,0,0,7,1.0,6.559,6.56,0.2,False,0.131578947368421,0,api_football_fixtures_2024,,0,0,6.789646819067872,36.31,13.16,0.0,0.0,46.42857142857143,48.83,18.42,30.97,469,177
317,Elseid Hysaj,Lazio,D,31,11,4,422,0,3,2,0,0,0,0,0,0,9,0.818,7.195,7.29,0.2,False,0.1052631578947368,0,api_football_fixtures_2024,,2,1,6.971119452235604,66.9,10.53,1.0,0.2132701421800948,83.80952380952381,60.79,23.68,44.8,316,122
281826,Alessandro Marcandalli,Venezia,D,23,10,6,403,0,0,1,0,0,0,0,0,0,9,0.9,6.603,6.5,0.2,False,0.1578947368421052,0,api_football_fixtures_2024,,2,0,6.78739531430457,35.94,15.79,-1.0,-0.22332506203473945,8.571428571428571,37.19,23.68,29.38,516,192
349232,Ali Dembele,Torino,D,21,15,4,402,1,0,0,0,0,0,0,0,0,14,0.933,6.544,6.54,0.2,False,0.1052631578947368,0,api_football_fixtures_2024,,4,1,6.735984238671545,28.0,10.53,0.0,0.0,46.42857142857143,48.9,36.84,30.18,487,178
21585,Junior Sambia,Empoli,D,29,17,2,394,0,0,0,0,0,0,0,0,0,17,1.0,6.823,6.82,0.2,False,0.0526315789473684,0,api_football_fixtures_2024,,0,0,6.848607138238717,46.24,5.26,0.0,0.0,46.42857142857143,48.91,44.74,36.44,400,147
31871,Alessio Iovine,Como,D,34,10,3,393,0,0,0,0,0,0,0,0,0,10,1.0,6.538,6.44,0.2,False,0.0789473684210526,0,api_football_fixtures_2024,,2,0,6.759582137161084,31.54,7.89,-1.0,-0.22900763358778628,8.095238095238095,37.26,26.32,26.28,575,208
161702,Danilo Veiga,Lecce,D,23,13,2,375,0,0,0,0,0,0,0,0,0,12,0.923,6.482,6.48,0.2,False,0.0526315789473684,0,api_football_fixtures_2024,,0,0,6.724733253588516,26.38,5.26,0.0,0.0,46.42857142857143,48.95,31.58,27.52,563,202
48294,Arvid Brorsson,Monza,D,26,6,3,365,0,0,0,0,0,0,0,0,0,6,1.0,6.823,6.82,0.2,False,0.0789473684210526,0,api_football_fixtures_2024,,0,0,6.859440927493559,48.11,7.89,0.0,0.0,46.42857142857143,48.97,15.79,33.42,439,166
340726,Stefan Leković,Monza,D,21,7,3,364,0,0,0,0,0,0,0,0,0,7,1.0,6.387,6.39,0.2,False,0.0789473684210526,0,api_football_fixtures_2024,,0,0,6.745054226475278,29.34,7.89,0.0,0.0,46.42857142857143,48.97,18.42,27.25,567,204
330419,Alberto Costa,Juventus,D,22,9,3,358,0,1,1,0,0,0,0,0,0,9,1.0,6.973,6.92,0.2,False,0.0789473684210526,0,api_football_fixtures_2024,,3,0,6.902222900511466,55.49,7.89,-0.5,-0.12569832402234637,17.61904761904762,40.79,23.68,35.15,413,151
6000,Lucas Martínez Quarta,Fiorentina,D,29,8,4,348,1,0,1,0,0,0,0,0,0,8,1.0,6.978,7.29,0.2,False,0.1052631578947368,0,api_football_fixtures_2024,,1,0,6.901123718386875,55.31,10.53,2.5,0.646551724137931,98.57142857142858,63.54,21.05,41.03,354,135
56161,Marco Sala,Como,D,26,10,3,338,0,0,0,0,0,0,0,0,0,9,0.9,6.473,6.32,0.2,False,0.0789473684210526,0,api_football_fixtures_2024,,3,0,6.747050486718363,29.63,7.89,-1.5,-0.3994082840236686,3.8095238095238098,37.39,23.68,25.25,579,209
30827,Martin Erlić,Bologna,D,27,8,5,334,0,0,1,0,0,0,0,0,0,7,0.875,7.226,7.23,0.2,False,0.131578947368421,0,api_football_fixtures_2024,,0,0,6.962572744993797,65.54,13.16,0.0,0.0,46.42857142857143,49.03,18.42,41.25,352,134
289761,Giorgio Scalvini,Atalanta,D,22,6,4,273,0,0,0,0,0,0,0,0,0,5,0.833,6.678,6.51,0.2,False,0.1052631578947368,0,api_football_fixtures_2024,,2,0,6.831898564593301,43.37,10.53,-1.0,-0.32967032967032966,5.238095238095238,39.58,13.16,29.68,508,188
2669,Mario Hermoso,AS Roma,D,30,8,2,255,0,0,0,0,0,0,0,0,0,8,1.0,6.255,6.0,0.2,False,0.0526315789473684,0,api_football_fixtures_2024,,2,1,6.694552289815447,22.28,5.26,-2.0,-0.7058823529411764,1.4285714285714286,39.28,21.05,22.09,583,211
335101,Jonas Rouhi,Juventus,D,21,5,1,208,0,0,1,0,0,0,0,0,0,5,1.0,6.374,6.37,0.2,False,0.0263157894736842,0,api_football_fixtures_2024,,0,0,6.771098564593301,33.34,2.63,0.0,0.0,46.42857142857143,49.33,13.16,26.63,571,206
15912,Victor Nelsson,AS Roma,D,27,4,1,185,0,0,1,0,0,0,0,0,0,4,1.0,7.121,7.12,0.2,False,0.0263157894736842,0,api_football_fixtures_2024,,0,0,6.912144338118022,57.19,2.63,0.0,0.0,46.42857142857143,49.39,10.53,34.6,418,152
40392,Mateusz Wieteska,Cagliari,D,28,5,1,182,0,0,1,0,0,0,0,0,0,5,1.0,6.723,6.62,0.2,False,0.0263157894736842,0,api_football_fixtures_2024,,1,0,6.840898564593301,44.91,2.63,-0.5,-0.24725274725274726,7.142857142857142,42.79,13.16,29.05,530,194
37,Nehuén Pérez,Udinese,D,25,2,2,180,0,0,0,0,0,0,0,0,0,2,1.0,6.95,6.95,0.2,False,0.0526315789473684,0,api_football_fixtures_2024,,0,0,6.87761200521966,51.25,5.26,0.0,0.0,46.42857142857143,49.4,5.26,32.39,447,171
387128,Sebastian Otoa,Genoa,D,21,3,3,180,0,0,0,0,0,0,0,0,0,3,1.0,6.25,5.75,0.2,False,0.0789473684210526,0,api_football_fixtures_2024,,1,1,6.7894549615144575,36.28,7.89,-1.5,-0.75,0.4761904761904762,41.75,7.89,26.29,574,207
127631,Valentin Gendrey,Lecce,D,25,2,2,180,0,0,0,0,0,0,0,0,0,2,1.0,6.5,6.5,0.2,False,0.0526315789473684,0,api_football_fixtures_2024,,0,0,6.836702914310569,44.19,5.26,0.0,0.0,46.42857142857143,49.4,5.26,29.92,497,182
2443,Yordan Osorio,Parma,D,31,3,2,172,0,0,0,0,0,0,0,0,0,3,1.0,6.353,6.35,0.2,False,0.0526315789473684,0,api_football_fixtures_2024,,0,0,6.802889744123153,38.49,5.26,0.0,0.0,46.42857142857143,49.43,7.89,28.33,545,198
469318,Fellipe Jack,Como,D,19,7,1,170,0,0,0,0,0,0,0,0,0,6,0.857,6.644,6.5,0.2,False,0.0263157894736842,0,api_football_fixtures_2024,,2,0,6.818133235185867,41.04,2.63,-1.0,-0.5294117647058824,1.9047619047619049,42.36,15.79,27.98,557,200
421807,Matias Moreno,Fiorentina,D,22,4,2,150,0,0,0,0,0,0,0,0,0,4,1.0,6.73,6.73,0.2,False,0.0526315789473684,0,api_football_fixtures_2024,,0,0,6.846977671451356,45.96,5.26,0.0,0.0,46.42857142857143,49.49,10.53,31.35,465,176
237066,Rafa Marín,Napoli,D,23,4,1,142,0,0,1,0,0,0,0,0,0,4,1.0,7.318,7.19,0.2,False,0.0263157894736842,0,api_football_fixtures_2024,,1,0,6.944977671451355,62.69,2.63,-0.5,-0.31690140845070425,5.714285714285714,43.96,10.53,35.17,412,150
64256,Andy Pelmard,Lecce,D,25,3,1,134,0,0,0,0,0,0,0,0,0,3,1.0,6.777,6.61,0.2,False,0.0263157894736842,0,api_football_fixtures_2024,,1,0,6.85819409194924,47.89,2.63,-0.5,-0.33582089552238803,4.761904761904762,44.14,7.89,29.64,509,189
342022,Michael Kayode,Fiorentina,D,21,5,1,129,0,0,0,0,0,0,0,0,0,4,0.8,6.802,6.8,0.2,False,0.0263157894736842,0,api_football_fixtures_2024,,0,0,6.858977671451355,48.03,2.63,0.0,0.0,46.42857142857143,49.55,10.53,31.43,463,175
374359,Davide Bartesaghi,AC Milan,D,20,4,1,123,0,0,1,0,0,0,0,0,0,4,1.0,6.775,6.52,0.2,False,0.0263157894736842,0,api_football_fixtures_2024,,0,1,6.854477671451355,47.25,2.63,-1.0,-0.7317073170731708,0.9523809523809524,44.1,10.53,29.8,504,186
153408,Daniel Oyegoke,Verona,D,22,5,0,110,0,0,0,0,0,0,0,0,0,5,1.0,6.335,6.24,0.2,False,0.0,0,api_football_fixtures_2024,,1,0,6.763298564593301,32.12,0.0,-0.5,-0.40909090909090906,3.3333333333333335,44.92,13.16,24.44,581,210
323369,Mathias Fjørtoft Løvik,Parma,D,22,6,0,105,0,0,0,0,0,0,0,0,0,6,1.0,6.463,6.46,0.2,False,0.0,0,api_football_fixtures_2024,,0,0,6.776364004416636,34.17,0.0,0.0,0.0,46.42857142857143,49.63,15.79,26.74,570,205
455316,Tiago Gabriel,Lecce,D,21,2,0,94,0,0,0,0,0,0,0,0,0,2,1.0,7.236,7.24,0.2,False,0.0,0,api_football_fixtures_2024,,0,0,6.90361200521966,55.73,0.0,0.0,0.0,46.42857142857143,49.66,5.26,32.71,444,170
20656,Enzo Ebosse,Udinese,D,26,2,0,90,0,0,0,0,0,0,0,0,0,2,1.0,6.9,6.65,0.2,False,0.0,0,api_football_fixtures_2024,,1,0,6.8730665506742055,50.47,0.0,-0.5,-0.5,2.857142857142857,45.71,5.26,29.88,500,183
320335,James Abankwah,Udinese,D,21,6,0,89,0,0,0,0,0,0,0,0,0,4,0.667,6.643,6.56,0.2,False,0.0,0,api_football_fixtures_2024,,1,0,6.832477671451355,43.47,0.0,-0.5,-0.5056179775280899,2.380952380952381,45.71,10.53,28.22,549,199
561,Tyronne Ebuehi,Empoli,D,30,4,0,74,0,0,0,0,0,0,0,0,0,4,1.0,6.674,6.67,0.2,False,0.0,0,api_football_fixtures_2024,,0,0,6.837644338118022,44.36,0.0,0.0,0.0,46.42857142857143,49.73,10.53,29.54,512,190
30853,Kevin Bonifazi,Lecce,D,29,3,0,67,0,0,0,0,0,0,0,0,0,3,1.0,6.431,6.43,0.2,False,0.0,0,api_football_fixtures_2024,,0,0,6.813063657166632,40.18,0.0,0.0,0.0,46.42857142857143,49.75,7.89,27.69,562,201
135505,Samuel Dahl,AS Roma,D,22,2,0,41,0,0,0,0,0,0,0,0,0,2,1.0,6.229,6.23,0.2,False,0.0,0,api_football_fixtures_2024,,0,0,6.8120665506742055,40.02,0.0,0.0,0.0,46.42857142857143,49.84,5.26,27.26,566,203
350857,Oliver Provstgaard,Lazio,D,22,2,0,33,0,0,0,0,0,0,0,0,0,2,1.0,6.567,6.32,0.2,False,0.0,0,api_football_fixtures_2024,,1,0,6.842793823401478,45.24,0.0,-0.5,-1.3636363636363638,0.0,48.23,5.26,28.68,539,197
19073,Ben Godfrey,Atalanta,D,27,1,0,22,0,0,0,0,0,0,0,0,0,1,1.0,6.7,6.7,0.2,False,0.0,0,api_football_fixtures_2024,,0,0,6.862260195944406,48.6,0.0,0.0,0.0,46.42857142857143,49.91,2.63,29.88,500,183
530,Mitchel Bakker,Atalanta,D,25,1,0,21,0,0,0,0,0,0,0,0,0,1,1.0,6.7,6.7,0.2,False,0.0,0,api_football_fixtures_2024,,0,0,6.862260195944406,48.6,0.0,0.0,0.0,46.42857142857143,49.92,2.63,29.88,500,183
268728,Saba Sazonov,Torino,D,23,1,0,11,0,0,0,0,0,0,0,0,0,1,1.0,6.3,6.3,0.2,False,0.0,0,api_football_fixtures_2024,,0,0,6.843212576896787,45.31,0.0,0.0,0.0,46.42857142857143,49.96,2.63,28.74,538,196
1315,Petar Stojanović,Empoli,D,30,1,0,9,0,0,0,0,0,0,0,0,0,1,1.0,6.5,6.5,0.2,False,0.0,0,api_football_fixtures_2024,,0,0,6.852736386420596,46.95,0.0,0.0,0.0,46.42857142857143,49.96,2.63,29.32,518,193
769,Alessandro Florenzi,AC Milan,D,34,1,0,4,0,0,0,0,0,0,0,0,0,0,0.0,0.0,0.0,0.2,False,0.0,0,api_football_fixtures_2024,,0,0,6.870373205741626,50.0,0.0,0.0,0.0,46.42857142857143,49.98,0.0,30.0,493,180
274299,Yllan Okou,Verona,D,23,1,0,1,0,0,0,0,0,0,0,0,0,0,0.0,0.0,0.0,0.2,False,0.0,0,api_football_fixtures_2024,,0,0,6.870373205741626,50.0,0.0,0.0,0.0,46.42857142857143,50.0,0.0,30.0,493,180
556,Mile Svilar,AS Roma,P,26,38,38,3429,0,0,16,35,118,4,0,0,0,38,1.0,7.194,6.26,0.2,False,1.0,0,api_football_fixtures_2024,,1,0,7.126648569332355,66.8,100.0,-19.5,-0.5118110236220472,80.43478260869566,74.11,100.0,81.91,16,2
56459,Wladimiro Falcone,Lecce,P,30,38,38,3420,0,0,9,58,129,10,1,0,0,38,1.0,7.079,5.61,0.2,False,1.0,0,api_football_fixtures_2024,,2,0,7.051303741746148,57.09,100.0,-47.0,-1.236842105263158,39.130434782608695,41.39,100.0,70.33,73,9
31156,Vanja Milinković-Savić,Torino,P,28,37,37,3330,0,0,10,42,135,7,4,0,0,37,1.0,7.346,6.49,0.2,False,0.9736842105263158,0,api_football_fixtures_2024,,3,0,7.2241336319522205,77.8,97.37,-21.5,-0.581081081081081,76.08695652173914,70.54,97.37,83.81,9,1
199578,Zion Suzuki,Parma,P,23,37,37,3315,0,0,7,53,100,5,0,0,0,37,1.0,7.012,5.53,0.2,False,0.9736842105263158,0,api_football_fixtures_2024,,2,1,7.007326614408361,51.17,97.37,-48.0,-1.3031674208144797,34.78260869565217,38.03,97.37,66.37,105,11
22221,Mike Maignan,AC Milan,P,30,37,37,3295,0,0,12,41,99,2,1,0,0,37,1.0,7.106,6.07,0.2,False,0.9736842105263158,0,api_football_fixtures_2024,,1,0,7.06834415826801,59.35,97.37,-26.5,-0.7238239757207892,63.04347826086957,60.25,97.37,74.78,49,5
30611,Lorenzo Montipò,Verona,P,29,36,36,3240,0,0,8,64,100,4,1,0,0,36,1.0,6.803,5.11,0.2,False,0.9473684210526316,0,api_football_fixtures_2024,,0,0,6.872886018237082,33.47,94.74,-53.0,-1.4722222222222223,23.91304347826087,29.58,94.74,57.0,192,14
882,David De Gea,Fiorentina,P,35,35,35,3150,0,1,11,38,98,3,2,0,0,35,1.0,7.226,6.33,0.2,False,0.9210526315789472,0,api_football_fixtures_2024,,1,0,7.143338491295938,68.83,92.11,-20.5,-0.5857142857142857,73.91304347826086,68.6,92.11,78.08,32,3
30417,Marco Carnesecchi,Atalanta,P,25,34,34,3060,0,0,13,34,98,2,0,0,0,34,1.0,7.2,6.19,0.2,False,0.8947368421052632,0,api_football_fixtures_2024,,1,0,7.1254373522458625,66.65,89.47,-21.5,-0.6323529411764706,71.73913043478261,66.8,89.47,75.82,43,4
312,Alex Meret,Napoli,P,28,34,34,3006,0,0,16,25,61,4,2,0,0,34,1.0,6.983,6.42,0.2,False,0.8947368421052632,0,api_football_fixtures_2024,,0,0,6.988807722616233,48.66,89.47,-3.0,-0.08982035928143711,86.95652173913044,78.44,89.47,72.43,58,7
30670,Michele Di Gregorio,Juventus,P,28,33,33,2970,0,0,14,32,72,5,0,0,0,33,1.0,7.036,6.07,0.2,False,0.868421052631579,0,api_football_fixtures_2024,,0,0,7.021917302288237,53.14,86.84,-18.0,-0.5454545454545454,78.26086956521739,71.69,86.84,71.26,65,8
2802,Yann Sommer,Inter,P,37,33,33,2970,0,0,13,32,85,4,1,0,0,33,1.0,7.1,6.22,0.2,False,0.868421052631579,0,api_football_fixtures_2024,,0,0,7.061766358892011,58.48,86.84,-16.0,-0.48484848484848486,82.6086956521739,75.03,86.84,73.96,52,6
81012,Devis Vásquez,Empoli,P,27,32,32,2880,0,0,6,45,83,3,1,0,0,32,1.0,6.781,5.44,0.2,False,0.8421052631578947,0,api_football_fixtures_2024,,2,0,6.864723404255319,32.46,84.21,-37.0,-1.15625,43.47826086956522,45.03,84.21,56.3,195,15
30519,Stefano Turati,Monza,P,24,30,30,2677,0,0,2,52,95,4,2,0,0,30,1.0,7.071,5.52,0.2,False,0.7894736842105263,0,api_football_fixtures_2024,,1,0,7.042072340425531,55.86,78.95,-44.5,-1.4960776989166977,21.73913043478261,28.85,78.95,58.34,175,13
31037,Ivan Provedel,Lazio,P,31,29,29,2610,0,0,5,42,53,4,0,0,0,29,1.0,6.876,5.43,0.2,False,0.7631578947368421,0,api_football_fixtures_2024,,0,0,6.926073816760747,40.27,76.32,-37.0,-1.2758620689655171,36.95652173913043,40.3,76.32,54.69,215,17
31631,Nicola Leali,Genoa,P,32,29,29,2610,0,0,10,31,86,4,1,0,0,29,1.0,7.152,6.17,0.2,False,0.7631578947368421,0,api_football_fixtures_2024,,1,0,7.089420755536257,62.1,76.32,-18.5,-0.6379310344827586,69.56521739130434,64.55,76.32,68.4,90,10
2998,Łukasz Skorupski,Bologna,P,34,27,27,2365,0,0,8,33,53,2,1,0,0,27,1.0,6.831,5.7,0.2,False,0.7105263157894737,0,api_football_fixtures_2024,,1,0,6.902353553644183,37.18,71.05,-22.5,-0.8562367864693446,54.347826086956516,53.15,71.05,54.72,214,16
143648,Maduka Okoye,Udinese,P,26,25,25,2250,0,0,4,40,73,5,0,0,0,25,1.0,6.988,5.37,0.2,False,0.6578947368421053,0,api_football_fixtures_2024,,1,0,6.992747044917258,49.2,65.79,-36.5,-1.46,26.08695652173913,32.92,65.79,51.76,241,19
30731,Elia Caprile,Cagliari,P,24,22,21,1953,0,0,7,23,53,1,0,0,0,22,1.0,7.174,6.13,0.2,False,0.5526315789473685,0,api_football_fixtures_2024,,0,0,7.0905146909827765,62.24,55.26,-16.0,-0.7373271889400922,60.86956521739131,57.44,57.89,58.64,169,12
8574,Jean Butez,Como,P,30,19,18,1665,0,0,5,20,49,2,0,0,0,19,1.0,7.095,6.04,0.2,False,0.4736842105263157,0,api_football_fixtures_2024,,0,0,7.045605564648118,56.33,47.37,-15.0,-0.8108108108108109,58.69565217391305,55.64,50.0,52.97,231,18
162445,Filip Stanković,Venezia,P,23,16,16,1368,0,0,0,23,62,5,1,0,0,16,1.0,7.358,6.08,0.2,False,0.4210526315789473,0,api_football_fixtures_2024,,1,0,7.158378250591016,70.61,42.11,-20.5,-1.3486842105263157,32.608695652173914,39.51,42.11,51.43,245,20
30765,Ionuț Radu,Venezia,P,28,15,15,1350,0,0,4,18,48,3,0,0,0,15,1.0,7.067,5.83,0.2,False,0.3947368421052631,0,api_football_fixtures_2024,,1,0,7.027960486322188,53.96,39.47,-14.5,-0.9666666666666666,52.17391304347826,51.3,39.47,47.5,282,21
50054,Simone Scuffet,Cagliari,P,29,14,14,1260,0,0,1,24,36,5,0,0,0,14,1.0,6.8,5.09,0.2,False,0.3684210526315789,0,api_football_fixtures_2024,,0,0,6.916871088861076,39.06,36.84,-23.0,-1.642857142857143,18.478260869565215,31.61,36.84,36.31,402,28
197830,Răzvan Sava,Udinese,P,23,12,12,1080,0,0,4,16,38,3,0,0,0,12,1.0,7.025,5.65,0.2,False,0.3157894736842105,0,api_football_fixtures_2024,,1,0,7.008550531914894,51.34,31.58,-12.5,-1.0416666666666665,47.82608695652174,48.81,31.58,42.8,339,23
31098,Federico Ravaglia,Bologna,P,26,12,11,1055,0,0,4,14,10,1,0,0,0,12,1.0,6.701,5.53,0.2,False,0.2894736842105263,0,api_football_fixtures_2024,,0,0,6.887050531914893,35.24,28.95,-10.0,-0.8530805687203792,56.52173913043478,53.52,31.58,37.69,393,26
1624,Pepe Reina,Como,P,43,12,12,1035,0,0,2,14,28,1,0,0,0,12,1.0,6.7,5.45,0.2,False,0.3157894736842105,0,api_football_fixtures_2024,,0,1,6.886675531914894,35.19,31.58,-13.0,-1.1304347826086956,45.65217391304348,47.67,31.58,36.87,398,27
26644,Christos Mandas,Lazio,P,24,9,9,810,0,0,4,7,20,0,0,0,0,9,1.0,7.189,6.41,0.2,False,0.2368421052631578,0,api_football_fixtures_2024,,0,0,7.057745414526779,57.95,23.68,-3.0,-0.33333333333333337,84.78260869565217,66.48,23.68,46.37,300,22
31566,Semuel Pizzignacco,Monza,P,24,9,8,736,0,0,1,17,23,0,0,0,0,9,1.0,6.707,4.82,0.2,False,0.2105263157894736,0,api_football_fixtures_2024,,0,0,6.908159207630227,37.93,21.05,-16.0,-1.9565217391304348,13.043478260869565,33.37,23.68,30.44,478,39
30441,Emil Audero,Como,P,28,8,8,720,0,0,0,18,17,4,0,0,0,8,1.0,6.5,4.25,0.2,False,0.2105263157894736,0,api_football_fixtures_2024,,0,0,6.8562006079027356,31.43,21.05,-18.0,-2.25,8.695652173913043,31.64,21.05,27.33,565,47
1282,Jesse Joronen,Venezia,P,32,8,7,702,0,0,2,15,27,3,0,0,0,8,1.0,6.859,4.98,0.2,False,0.1842105263157894,0,api_football_fixtures_2024,,0,0,6.958772036474164,44.61,18.42,-13.0,-1.6666666666666665,15.217391304347828,34.76,21.05,32.07,452,36
30418,Pierluigi Gollini,Genoa,P,30,7,7,630,0,0,1,15,18,4,1,0,0,7,1.0,6.771,4.99,0.2,False,0.1842105263157894,0,api_football_fixtures_2024,,1,0,6.939652482269503,42.06,18.42,-11.5,-1.642857142857143,18.478260869565215,37.02,18.42,31.34,466,37
3737,Alen Sherri,Cagliari,P,28,7,7,622,0,0,1,11,20,0,0,0,0,7,1.0,6.965,5.39,0.2,False,0.1842105263157894,0,api_football_fixtures_2024,,0,0,6.989948778565799,48.82,18.42,-10.0,-1.4469453376205788,28.26086956521739,41.12,18.42,34.73,415,31
46988,Josep Martínez,Inter,P,27,5,5,450,0,0,3,3,12,0,0,0,0,5,1.0,7.36,6.76,0.2,False,0.131578947368421,0,api_football_fixtures_2024,,0,0,7.070944680851063,59.69,13.16,0.0,0.0,92.3913043478261,64.13,13.16,42.19,342,24
30915,Marco Silvestri,Empoli,P,34,5,5,450,0,0,0,11,17,0,0,0,0,5,1.0,6.66,4.46,0.2,False,0.131578947368421,0,api_football_fixtures_2024,,0,0,6.930944680851064,40.91,13.16,-11.0,-2.2,10.869565217391305,36.96,13.16,28.82,536,44
849,Mattia Perin,Juventus,P,33,5,5,450,0,0,3,3,13,0,0,0,0,5,1.0,7.14,6.54,0.2,False,0.131578947368421,0,api_football_fixtures_2024,,0,0,7.026944680851064,53.82,13.16,0.0,0.0,92.3913043478261,64.13,13.16,40.13,361,25
30394,Pietro Terracciano,Fiorentina,P,35,3,3,270,0,0,1,3,11,0,0,0,0,3,1.0,7.233,6.23,0.2,False,0.0789473684210526,0,api_football_fixtures_2024,,0,0,7.029244218316373,54.13,7.89,-2.0,-0.6666666666666667,66.30434782608695,53.76,7.89,35.54,407,30
2674,Rui Patrício,Atalanta,P,37,3,3,270,0,0,1,3,11,0,0,0,0,3,1.0,7.267,6.27,0.2,False,0.0789473684210526,0,api_football_fixtures_2024,,0,0,7.033679000925069,54.73,7.89,-2.0,-0.6666666666666667,66.30434782608695,53.76,7.89,35.75,406,29
31383,Simone Perilli,Verona,P,30,2,2,180,0,0,0,2,9,0,0,0,0,2,1.0,7.05,6.05,0.2,False,0.0526315789473684,0,api_football_fixtures_2024,,0,0,7.003346228239845,50.63,5.26,-2.0,-1.0,50.0,50.0,5.26,32.33,448,35
45083,Benjamin Siegrist,Genoa,P,33,2,2,153,0,0,0,2,10,0,0,0,0,2,1.0,7.665,6.66,0.2,False,0.0526315789473684,0,api_football_fixtures_2024,,0,0,7.059255319148936,58.15,5.26,-2.0,-1.1764705882352942,41.30434782608695,48.74,5.26,34.64,417,32
31069,Marco Sportiello,AC Milan,P,33,2,1,125,0,0,0,2,4,0,0,0,0,2,1.0,6.468,5.47,0.2,False,0.0263157894736842,0,api_football_fixtures_2024,,0,0,6.950437137330754,43.5,2.63,-2.0,-1.44,30.434782608695656,47.61,5.26,28.57,541,45
30642,Alberto Paleari,Torino,P,33,1,1,90,0,0,0,3,4,0,0,0,0,1,1.0,7.2,4.2,0.2,False,0.0263157894736842,0,api_football_fixtures_2024,,0,0,7.008267477203647,51.3,2.63,-3.0,-3.0,4.3478260869565215,45.85,2.63,30.47,477,38
189,Daniele Padelli,Udinese,P,40,1,1,90,0,0,1,0,3,0,0,0,0,1,1.0,7.3,7.3,0.2,False,0.0263157894736842,0,api_football_fixtures_2024,,0,0,7.013029381965552,51.94,2.63,1.0,1.0,98.91304347826086,54.45,2.63,32.84,443,34
393947,Jacopo Seghetti,Empoli,P,20,1,1,90,0,0,0,3,3,0,0,0,0,1,1.0,6.2,3.2,0.2,False,0.0263157894736842,0,api_football_fixtures_2024,,0,0,6.9606484295846,44.86,2.63,-3.0,-3.0,4.3478260869565215,45.85,2.63,28.22,549,46
2465,Juan Musso,Atalanta,P,31,1,1,90,0,0,1,0,4,0,0,0,0,1,1.0,7.7,7.7,0.2,False,0.0263157894736842,0,api_football_fixtures_2024,,0,0,7.032077001013171,54.51,2.63,1.0,1.0,98.91304347826086,54.45,2.63,33.74,434,33
47246,Leandro Chichizola,Parma,P,35,1,1,90,0,0,0,3,4,0,0,0,0,1,1.0,6.9,3.9,0.2,False,0.0263157894736842,0,api_football_fixtures_2024,,0,0,6.993981762917933,49.36,2.63,-3.0,-3.0,4.3478260869565215,45.85,2.63,29.79,505,41
31445,Daniele Sommariva,Genoa,P,28,1,0,27,0,0,0,1,2,0,0,0,0,1,1.0,6.6,5.6,0.2,False,0.0,0,api_football_fixtures_2024,,0,0,6.979696048632219,47.43,0.0,-1.0,-3.333333333333333,0.0,48.54,2.63,29.13,526,43
308673,Andrea Mazza,Monza,P,21,1,0,10,0,0,0,0,0,0,0,0,0,1,1.0,6.6,6.6,0.2,False,0.0,0,api_football_fixtures_2024,,0,0,6.979696048632219,47.43,0.0,0.0,0.0,92.3913043478261,50.47,2.63,29.61,510,42
135863,Giuseppe Ciocci,Cagliari,P,23,1,0,8,0,0,0,0,0,0,0,0,0,1,1.0,6.9,6.9,0.2,False,0.0,0,api_football_fixtures_2024,,0,0,6.993981762917933,49.36,0.0,0.0,0.0,92.3913043478261,50.37,2.63,30.27,484,40
