player_id,name,team,role,age,appearances_last_season,starts_last_season,minutes_last_season,goals_last_season,assists_last_season,clean_sheets_last_season,goals_conceded_last_season,saves_last_season,penalties_scored_last_season,average_rating_last_season,fantasy_average_last_season,injury_risk,injury_risk_available,starting_probability,growth_potential,set_piece_level,data_source,notes,yellow_cards_last_season,red_cards_last_season,performance_raw,performance_score,starting_score,bonus_raw,bonus_score,reliability_score,potential_score,overall_score,overall_rank,role_rank,base_price,recommended_min,recommended_price,recommended_max,absolute_max,market_coverage,price_rank
30440,Roberto Piccoli,Cagliari,A,24,37,37,3151,10,1,0,0,0,1,6.715,7.47,0.2,False,0.9736842105263158,78,1,api_football_fixtures_2024,,6,0,7.20575,37.22,97.37,35.0,35.35,90.46,78,63.95,129,8,54.44,48,54,60,65,100.0,8
66817,Nikola Krstović,Lecce,A,25,37,37,3068,11,5,0,0,0,2,7.173,8.12,0.2,False,0.9736842105263158,68,2,api_football_fixtures_2024,,6,0,7.788549999999999,58.61,97.37,47.5,47.98,89.37,68,71.73,57,4,76.41,68,76,84,92,100.0,4
907,Romelu Lukaku,Napoli,A,32,36,35,2870,14,10,0,0,0,3,7.006,8.4,0.2,False,0.9210526315789472,38,3,api_football_fixtures_2024,,4,0,7.912100000000001,63.14,92.11,67.5,68.18,86.07,38,72.32,53,3,78.29,70,78,86,94,100.0,3
31094,Andrea Pinamonti,Genoa,A,26,36,33,2860,10,1,0,0,0,0,6.956,7.76,0.2,False,0.868421052631579,68,1,api_football_fixtures_2024,,4,0,7.4786,47.23,86.84,33.5,33.84,84.55,68,62.13,142,11,50.01,45,50,56,60,100.0,11
219,Matteo Politano,Napoli,C,32,37,34,2828,3,4,0,0,0,0,7.057,7.37,0.2,False,0.8947368421052632,38,0,api_football_fixtures_2024,,3,0,7.2604500000000005,86.42,89.47,15.0,25.21,84.18,38,69.76,76,19,11.14,9,11,13,14,100.0,18
877,Moise Kean,Fiorentina,A,25,32,31,2710,19,3,0,0,0,1,7.026,8.81,0.2,False,0.8157894736842105,68,2,api_football_fixtures_2024,,6,0,8.1856,73.18,81.58,67.0,67.68,83.88,68,75.26,39,2,88.1,79,88,97,106,100.0,2
19524,Che Adams,Torino,A,29,36,30,2656,9,3,0,0,0,0,6.91,7.7,0.2,False,0.7894736842105263,48,1,api_football_fixtures_2024,,3,0,7.4235,45.21,78.95,33.5,33.84,79.78,48,56.84,196,20,38.52,35,39,43,47,100.0,19
217,Lautaro Martínez,Inter,A,28,31,31,2577,12,3,0,0,0,0,7.204,8.45,0.2,False,0.8157894736842105,58,0,api_football_fixtures_2024,,1,0,8.0139,66.88,81.58,40.5,40.91,82.91,58,66.88,103,7,62.13,55,62,69,75,100.0,7
275651,Ange-Yoan Bonny,Parma,A,22,37,30,2545,6,4,0,0,0,2,6.929,7.5,0.2,False,0.7894736842105263,88,2,api_football_fixtures_2024,,2,0,7.30015,40.69,78.95,31.0,31.31,77.76,88,58.67,178,15,42.27,37,42,47,51,100.0,15
15811,Artem Dovbyk,AS Roma,A,28,32,27,2430,12,2,0,0,0,2,6.962,8.15,0.2,False,0.7105263157894737,58,2,api_football_fixtures_2024,,0,0,7.7341999999999995,56.61,71.05,46.0,46.46,77.07,58,61.4,152,12,48.3,43,48,53,58,100.0,12
6420,Mateo Retegui,Atalanta,A,26,36,32,2402,25,8,0,0,0,4,7.443,9.71,0.2,False,0.8421052631578947,68,3,api_football_fixtures_2024,,3,0,8.91655,100.0,84.21,99.0,100.0,77.83,68,89.53,1,1,147.64,133,148,163,175,100.0,1
50856,Valentín Castellanos,Lazio,A,27,29,28,2395,10,3,0,0,0,2,7.216,8.16,0.2,False,0.7368421052631579,58,2,api_football_fixtures_2024,,9,1,7.8296,60.11,73.68,41.5,41.92,79.65,58,62.59,137,9,51.1,45,51,57,62,100.0,9
199089,Lorenzo Lucca,Udinese,A,25,33,27,2361,12,1,0,0,0,1,6.97,7.94,0.2,False,0.7105263157894737,68,1,api_football_fixtures_2024,,10,0,7.6005,51.71,71.05,41.0,41.41,75.52,68,59.69,166,13,44.46,39,44,49,53,100.0,13
215,Sebastiano Esposito,Empoli,A,23,33,27,2341,8,0,0,0,0,1,7.133,7.84,0.2,False,0.7105263157894737,78,2,api_football_fixtures_2024,,1,0,7.59255,51.42,71.05,29.5,29.8,75.26,78,58.24,183,16,41.37,36,41,46,50,100.0,16
161859,Gaetano Oristanio,Venezia,C,23,37,29,2333,3,3,0,0,0,0,6.736,7.02,0.2,False,0.7631578947368421,78,0,api_football_fixtures_2024,,3,0,6.920599999999999,82.38,76.32,13.5,22.69,74.29,78,67.27,99,29,10.09,9,10,11,12,100.0,24
311067,Santiago Castro,Bologna,A,21,36,27,2305,8,4,0,0,0,0,6.978,7.66,0.2,False,0.7105263157894737,88,1,api_football_fixtures_2024,,7,0,7.4213000000000005,45.13,71.05,32.0,32.32,73.08,88,57.53,188,18,39.91,36,40,44,48,100.0,17
21509,Marcus Thuram,Inter,A,28,32,27,2298,14,4,0,0,0,0,7.356,8.78,0.2,False,0.7105263157894737,58,0,api_football_fixtures_2024,,1,0,8.2816,76.7,71.05,48.0,48.48,75.33,58,67.57,95,6,64.04,57,64,71,77,100.0,6
18767,Ademola Lookman,Atalanta,A,28,31,28,2263,15,5,0,0,0,1,7.383,8.93,0.2,False,0.7368421052631579,58,1,api_football_fixtures_2024,,4,0,8.38855,80.62,73.68,56.0,56.57,76.36,58,71.18,65,5,74.69,67,75,83,90,100.0,5
263481,Lorenzo Colombo,Empoli,A,23,37,26,2249,6,2,0,0,0,1,6.847,7.29,0.2,False,0.6842105263157895,78,1,api_football_fixtures_2024,,5,1,7.13495,34.62,68.42,24.5,24.75,71.16,78,50.92,265,28,27.98,25,28,31,34,100.0,26
6931,Liberato Cacace,Empoli,D,25,33,24,2234,2,4,0,0,0,0,6.707,6.92,0.2,False,0.631578947368421,68,0,api_football_fixtures_2024,,6,0,6.84545,89.1,63.16,12.0,47.43,71.58,68,69.54,79,44,5.34,4,5,6,6,100.0,42
30603,Dany Mota,Monza,A,27,31,24,2111,5,2,0,0,0,0,6.946,7.45,0.2,False,0.631578947368421,58,0,api_football_fixtures_2024,,3,0,7.2736,39.71,63.16,18.0,18.18,71.13,58,47.81,306,32,23.33,20,23,26,28,100.0,31
194837,Tomáš Suslov,Verona,C,23,31,27,2097,0,1,0,0,0,0,6.899,6.79,0.2,False,0.7105263157894737,78,0,api_football_fixtures_2024,,7,1,6.82815,81.28,71.05,1.5,2.52,73.37,78,61.46,151,48,7.94,7,8,9,10,100.0,40
147859,Charles De Ketelaere,Atalanta,A,24,36,25,2080,7,7,0,0,0,0,7.224,7.99,0.2,False,0.6578947368421053,78,0,api_football_fixtures_2024,,1,0,7.7219,56.16,65.79,31.5,31.82,68.73,78,57.77,187,17,40.4,36,40,44,48,100.0,17
1649,Patrick Cutrone,Como,A,27,33,23,2053,7,4,0,0,0,0,7.066,7.81,0.2,False,0.6052631578947368,58,1,api_football_fixtures_2024,,1,0,7.5496,49.84,60.53,29.0,29.29,68.44,58,52.01,248,25,29.75,27,30,33,36,100.0,24
1922,Florian Thauvin,Udinese,A,32,25,24,1971,8,3,0,0,0,1,7.259,8.34,0.2,False,0.631578947368421,38,2,api_football_fixtures_2024,,0,0,7.961650000000001,64.96,63.16,34.0,34.34,73.93,38,57.04,193,19,38.92,35,39,43,47,100.0,19
6662,Santiago Pierotti,Lecce,A,24,36,22,1947,4,2,0,0,0,0,6.778,7.06,0.2,False,0.5789473684210527,78,0,api_football_fixtures_2024,,6,1,6.9613,28.25,57.89,15.0,15.15,64.9,78,43.51,359,38,17.83,16,18,20,22,100.0,38
236955,Amin Sarr,Verona,A,24,32,25,1918,4,1,0,0,0,0,6.795,7.19,0.2,False,0.6578947368421053,78,0,api_football_fixtures_2024,,1,0,7.05175,31.57,65.79,13.5,13.64,68.77,78,46.76,319,34,21.89,19,22,25,27,100.0,34
323936,Matías Soulé,AS Roma,A,22,27,22,1799,5,5,0,0,0,0,7.343,8.03,0.2,False,0.5789473684210527,88,0,api_football_fixtures_2024,,3,0,7.78955,58.64,57.89,22.5,22.73,68.04,88,55.62,205,22,36.16,32,36,40,44,100.0,22
30415,Dušan Vlahović,Juventus,A,25,29,21,1798,10,4,0,0,0,4,6.946,8.07,0.2,False,0.5526315789473685,68,3,api_football_fixtures_2024,,3,0,7.6766000000000005,54.5,55.26,48.0,48.48,65.76,68,56.53,199,21,37.91,34,38,42,46,100.0,21
30460,Gianluca Caprari,Monza,A,32,34,18,1662,3,2,0,0,0,2,6.988,7.27,0.2,False,0.4736842105263157,38,2,api_football_fixtures_2024,,3,0,7.1713000000000005,35.96,47.37,19.0,19.19,59.1,38,39.13,422,43,13.24,11,13,15,16,100.0,43
986,Joel Pohjanpalo,Venezia,A,31,20,19,1615,6,0,0,0,0,3,7.001,7.88,0.2,False,0.5,38,3,api_football_fixtures_2024,,1,0,7.57235,50.67,50.0,28.5,28.79,69.0,38,47.61,307,33,23.05,20,23,26,28,100.0,31
140831,Zito Luvumbo,Cagliari,A,23,26,19,1614,2,2,0,0,0,0,6.759,7.03,0.2,False,0.5,78,0,api_football_fixtures_2024,,2,0,6.93515,27.29,50.0,9.0,9.09,63.51,78,39.83,409,41,13.91,12,14,16,17,100.0,40
134926,Daniel Maldini,Monza,C,24,30,18,1571,6,0,0,0,0,0,6.89,7.41,0.2,False,0.4736842105263157,78,0,api_football_fixtures_2024,,5,0,7.228,86.04,47.37,18.0,30.25,59.67,78,60.45,158,50,7.6,7,8,9,10,100.0,40
31692,Milan Đurić,Monza,A,35,27,16,1554,5,1,0,0,0,0,6.995,7.51,0.2,False,0.4210526315789473,18,0,api_football_fixtures_2024,,4,0,7.32975,41.77,42.11,16.5,16.67,59.26,18,37.08,449,47,11.42,9,11,13,14,100.0,47
162703,Casper Tengstedt,Verona,A,25,25,20,1531,6,1,0,0,0,1,6.821,7.54,0.2,False,0.5263157894736842,68,1,api_football_fixtures_2024,,2,0,7.288349999999999,40.25,52.63,23.0,23.23,64.14,68,46.3,324,35,21.28,18,21,24,26,100.0,35
286474,Matteo Cancellieri,Parma,A,23,27,19,1440,3,0,0,0,0,0,6.784,7.04,0.2,False,0.5,78,0,api_football_fixtures_2024,,2,1,6.9504,27.85,50.0,9.0,9.09,60.54,78,39.55,412,42,13.64,12,14,16,17,100.0,40
875,Paulo Dybala,AS Roma,A,32,24,16,1420,6,3,0,0,0,3,7.598,8.43,0.2,False,0.4210526315789473,38,2,api_football_fixtures_2024,,2,0,8.1388,71.46,42.11,31.0,31.31,59.35,38,50.93,263,27,27.99,25,28,31,34,100.0,26
340700,Jacopo Fazzini,Empoli,C,22,20,16,1393,4,1,0,0,0,0,7.089,7.64,0.2,False,0.4210526315789473,88,0,api_football_fixtures_2024,,2,1,7.447150000000001,88.64,42.11,13.5,22.69,62.33,88,59.81,164,53,7.39,6,7,8,9,100.0,51
59421,Daniel Mosquera,Verona,A,26,35,12,1371,5,1,0,0,0,0,6.856,7.26,0.2,False,0.3157894736842105,68,0,api_football_fixtures_2024,,4,0,7.118600000000001,34.02,31.58,16.5,16.67,50.61,68,35.83,468,51,10.4,9,10,11,12,100.0,51
281408,Vitinha,Genoa,A,25,25,16,1338,2,3,0,0,0,0,6.772,7.09,0.2,False,0.4210526315789473,68,0,api_football_fixtures_2024,,2,0,6.9787,28.89,42.11,10.5,10.61,57.61,68,36.76,456,48,11.15,9,11,13,14,100.0,47
2522,Antonio Sanabria,Torino,A,29,26,16,1331,2,1,0,0,0,0,6.714,6.95,0.2,False,0.4210526315789473,48,1,api_football_fixtures_2024,,2,0,6.8674,24.81,42.11,9.5,9.6,56.9,48,33.22,501,56,8.49,7,8,9,10,100.0,56
552,David Neres,Napoli,C,28,28,13,1294,2,4,0,0,0,0,7.056,7.39,0.2,False,0.3421052631578947,58,0,api_football_fixtures_2024,,1,0,7.2730999999999995,86.57,34.21,12.0,20.17,52.63,58,52.25,246,88,5.26,4,5,6,6,100.0,83
2799,Albert Guðmundsson,Fiorentina,A,28,24,16,1285,6,1,0,0,0,2,6.98,7.73,0.2,False,0.4210526315789473,58,2,api_football_fixtures_2024,,2,0,7.467500000000001,46.83,42.11,26.5,26.77,57.57,58,44.36,345,37,18.84,17,19,21,23,100.0,37
30629,Nicolas Viola,Cagliari,C,36,27,18,1280,3,1,0,0,0,0,6.878,7.21,0.2,False,0.4736842105263157,18,0,api_football_fixtures_2024,,2,0,7.0938,84.44,47.37,10.5,17.65,57.51,18,51.13,261,95,4.99,4,5,6,6,100.0,83
25414,John Yeboah,Venezia,C,25,33,11,1231,1,1,0,0,0,0,6.753,6.78,0.2,False,0.2894736842105263,68,0,api_football_fixtures_2024,,6,0,6.77055,80.59,28.95,4.5,7.56,48.53,68,47.01,314,118,4.1,3,4,5,5,100.0,112
483,Khvicha Kvaratskhelia,Napoli,A,24,17,15,1187,5,3,0,0,0,1,7.384,8.41,0.2,False,0.3947368421052631,78,1,api_football_fixtures_2024,,1,0,8.0509,68.23,39.47,23.0,23.23,61.68,78,52.04,247,24,29.8,27,30,33,36,100.0,24
19194,Tammy Abraham,AC Milan,A,28,29,12,1183,3,4,0,0,0,1,6.704,7.13,0.2,False,0.3157894736842105,58,2,api_football_fixtures_2024,,1,0,6.9809,28.97,31.58,20.5,20.71,49.91,58,34.01,491,54,9.04,8,9,10,11,100.0,54
21104,Randal Kolo Muani,Juventus,A,27,16,13,1164,8,1,0,0,0,1,7.13,8.69,0.2,False,0.3421052631578947,58,1,api_football_fixtures_2024,,0,0,8.144,71.65,34.21,29.0,29.29,59.63,58,50.65,272,29,27.55,25,28,31,34,100.0,26
93016,Thijs Dallinga,Bologna,A,25,31,11,1163,3,2,0,0,0,0,6.811,7.15,0.2,False,0.2894736842105263,68,0,api_football_fixtures_2024,,1,0,7.03135,30.82,28.95,12.0,12.12,48.17,68,32.93,503,57,8.3,7,8,9,10,100.0,56
30789,Christian Kouamé,Fiorentina,A,28,26,10,1127,1,1,0,0,0,0,6.948,7.08,0.2,False,0.2631578947368421,58,0,api_football_fixtures_2024,,1,0,7.0338,30.91,26.32,4.5,4.55,48.44,58,29.83,518,63,6.42,5,6,7,8,100.0,63
48193,Pontus Almqvist,Parma,A,26,29,10,1120,1,1,0,0,0,0,6.699,6.75,0.2,False,0.2631578947368421,68,0,api_football_fixtures_2024,,5,0,6.73215,19.84,26.32,4.5,4.55,47.36,68,27.34,525,70,5.18,4,5,6,6,100.0,69
30543,Giacomo Raspadori,Napoli,A,25,26,11,1119,6,1,0,0,0,0,7.294,8.01,0.2,False,0.2894736842105263,68,0,api_football_fixtures_2024,,1,0,7.759399999999999,57.54,28.95,19.5,19.7,49.3,68,42.63,373,39,16.83,15,17,19,21,100.0,39
791,Stephan El Shaarawy,AS Roma,C,33,31,12,1119,3,4,0,0,0,0,7.081,7.47,0.2,False,0.3157894736842105,28,0,api_football_fixtures_2024,,2,0,7.33385,87.3,31.58,15.0,25.21,48.4,28,49.19,293,109,4.56,4,5,6,6,100.0,83
53535,Eldor Shomurodov,AS Roma,A,30,27,11,1117,4,4,0,0,0,0,6.878,7.45,0.2,False,0.2894736842105263,48,0,api_football_fixtures_2024,,1,0,7.2498000000000005,38.84,28.95,18.0,18.18,48.88,48,34.66,486,53,9.51,9,10,11,12,100.0,51
31532,Patrick Ciurria,Monza,C,30,21,12,1117,1,1,0,0,0,0,6.902,7.07,0.2,False,0.3157894736842105,48,0,api_football_fixtures_2024,,1,0,7.0112000000000005,83.46,31.58,4.5,7.56,52.98,48,47.19,310,116,4.14,3,4,5,5,100.0,112
59,Álvaro Morata,AC Milan,A,33,16,13,1105,5,0,0,0,0,0,6.985,7.77,0.2,False,0.3421052631578947,28,0,api_football_fixtures_2024,,5,0,7.4952499999999995,47.85,34.21,15.0,15.15,58.85,28,37.56,440,45,11.83,10,12,14,15,100.0,44
2299,Pedro,Lazio,A,38,30,6,1093,10,1,0,0,0,2,7.14,8.14,0.2,False,0.1578947368421052,18,2,api_football_fixtures_2024,,2,0,7.79,58.66,15.79,38.5,38.89,43.38,18,37.63,438,44,11.89,10,12,14,15,100.0,44
19185,Keinan Davis,Udinese,A,27,23,10,1071,2,1,0,0,0,0,6.986,7.25,0.2,False,0.2631578947368421,58,0,api_football_fixtures_2024,,2,0,7.1576,35.45,26.32,7.5,7.58,48.96,58,31.87,509,60,7.61,7,8,9,10,100.0,56
1278,Yann Karamoh,Torino,A,27,29,10,1058,0,1,0,0,0,0,6.555,6.56,0.2,False,0.2631578947368421,58,0,api_football_fixtures_2024,,2,0,6.55825,13.46,26.32,1.5,1.52,46.54,58,23.7,538,80,3.72,3,4,5,5,100.0,75
343287,Dailon Rocha Livramento,Verona,A,24,29,8,953,1,1,0,0,0,0,6.566,6.64,0.2,False,0.2105263157894736,78,0,api_football_fixtures_2024,,2,1,6.6141,15.51,21.05,4.5,4.55,43.44,78,25.14,533,76,4.25,3,4,5,5,100.0,75
133729,Tijjani Noslin,Lazio,A,26,30,8,894,2,2,0,0,0,0,6.779,7.01,0.2,False,0.2105263157894736,68,0,api_football_fixtures_2024,,2,0,6.92915,27.07,21.05,9.0,9.09,42.43,68,28.37,523,68,5.67,5,6,7,8,100.0,63
42315,Mehdi Taremi,Inter,A,33,26,7,816,1,2,0,0,0,1,6.907,7.08,0.2,False,0.1842105263157894,28,1,api_football_fixtures_2024,,1,0,7.01945,30.39,18.42,9.5,9.6,41.47,28,24.66,537,79,4.06,3,4,5,5,100.0,75
1831,Ante Rebić,Lecce,A,32,27,7,799,1,0,0,0,0,0,6.745,6.76,0.2,False,0.1842105263157894,38,0,api_football_fixtures_2024,,3,1,6.75475,20.67,18.42,3.0,3.03,40.99,38,21.36,543,83,2.99,2,3,4,4,100.0,82
451504,Jeff Ekhator,Genoa,A,19,24,6,787,1,1,0,0,0,0,6.666,6.81,0.2,False,0.1578947368421052,95,0,api_football_fixtures_2024,,1,0,6.7596,20.85,15.79,4.5,4.55,40.61,95,26.7,526,71,4.89,4,5,6,6,100.0,69
2738,Christian Gytkjær,Venezia,A,35,29,6,769,2,1,0,0,0,1,6.619,6.86,0.2,False,0.1578947368421052,18,1,api_football_fixtures_2024,,0,0,6.775650000000001,21.44,15.79,11.0,11.11,39.29,18,20.29,550,89,2.71,2,3,4,4,100.0,82
39271,Ola Solbakken,Empoli,A,27,21,8,764,0,0,0,0,0,0,6.55,6.5,0.2,False,0.2105263157894736,58,0,api_football_fixtures_2024,,2,0,6.5175,11.97,21.05,0.0,0.0,43.58,58,21.19,544,84,2.94,2,3,4,4,100.0,82
292172,Mateo Pellegrino,Parma,A,24,13,8,745,3,1,0,0,0,0,6.766,7.46,0.2,False,0.2105263157894736,78,0,api_football_fixtures_2024,,2,0,7.2171,37.64,21.05,10.5,10.61,49.19,78,33.85,494,55,8.93,8,9,10,11,100.0,54
1854,Joaquín Correa,Inter,A,31,19,6,735,2,2,0,0,0,0,7.261,7.6,0.2,False,0.1578947368421052,38,0,api_football_fixtures_2024,,3,0,7.481349999999999,47.34,15.79,9.0,9.09,41.57,38,30.0,517,62,6.52,6,7,8,9,100.0,61
786,Nicolò Zaniolo,Fiorentina,C,26,23,4,700,2,2,0,0,0,0,6.658,6.83,0.2,False,0.1052631578947368,68,0,api_football_fixtures_2024,,6,1,6.7698,80.58,10.53,9.0,15.13,37.56,68,42.27,380,147,3.26,2,3,4,4,100.0,136
330599,Iker Bravo,Udinese,A,20,29,4,688,2,1,0,0,0,0,6.683,6.87,0.2,False,0.1052631578947368,95,0,api_football_fixtures_2024,,3,0,6.804550000000001,22.5,10.53,7.5,7.58,36.5,95,25.87,531,74,4.54,4,5,6,6,100.0,69
94562,Santiago Giménez,AC Milan,A,24,14,7,676,5,2,0,0,0,0,6.787,7.82,0.2,False,0.1842105263157894,78,1,api_football_fixtures_2024,,3,1,7.45845,46.49,18.42,20.0,20.2,45.39,78,37.2,445,46,11.52,10,12,14,15,100.0,44
161621,Loum Tchaouna,Lazio,C,22,24,6,653,1,0,0,0,0,0,6.455,6.46,0.2,False,0.1578947368421052,88,0,api_football_fixtures_2024,,4,1,6.45825,76.87,15.79,3.0,5.04,38.84,88,42.64,372,142,3.32,2,3,4,4,100.0,136
213,Keita Baldé,Monza,A,30,11,8,641,2,0,0,0,0,0,6.765,7.22,0.2,False,0.2105263157894736,48,0,api_football_fixtures_2024,,2,0,7.060749999999999,31.9,21.05,6.0,6.06,50.62,48,28.44,521,66,5.7,5,6,7,8,100.0,63
30438,Nicolò Cambiaghi,Bologna,A,25,18,4,614,1,3,0,0,0,0,7.049,7.38,0.2,False,0.1052631578947368,68,0,api_football_fixtures_2024,,0,0,7.26415,39.36,10.53,7.5,7.58,37.63,68,28.4,522,67,5.68,5,6,7,8,100.0,63
30509,Andrea Belotti,Como,A,32,18,7,611,2,0,0,0,0,0,6.829,7.13,0.2,False,0.1842105263157894,38,0,api_football_fixtures_2024,,1,0,7.024649999999999,30.58,18.42,6.0,6.06,41.76,38,25.05,534,77,4.21,3,4,5,5,100.0,75
2495,Duván Zapata,Torino,A,34,7,7,589,3,0,0,0,0,0,7.092,8.31,0.2,False,0.1842105263157894,28,0,api_football_fixtures_2024,,1,0,7.8837,62.1,18.42,9.0,9.09,56.75,28,36.37,461,49,10.83,9,11,13,14,100.0,47
26845,Anastasios Douvikas,Como,A,26,13,6,578,2,2,0,0,0,0,6.93,7.51,0.2,False,0.1578947368421052,68,0,api_football_fixtures_2024,,1,0,7.3069999999999995,40.94,15.79,9.0,9.09,43.14,68,31.32,512,61,7.28,6,7,8,9,100.0,61
1828,Luka Jović,AC Milan,A,28,15,6,568,2,0,0,0,0,0,6.807,7.17,0.2,False,0.1578947368421052,58,0,api_football_fixtures_2024,,1,0,7.042949999999999,31.25,15.79,6.0,6.06,41.47,58,26.55,528,72,4.82,4,5,6,6,100.0,69
18830,Marko Arnautović,Inter,A,36,18,5,562,4,2,0,0,0,0,7.028,7.78,0.2,False,0.131578947368421,18,0,api_football_fixtures_2024,,1,0,7.5168,48.64,13.16,15.0,15.15,38.34,18,28.46,520,65,5.71,5,6,7,8,100.0,63
3430,Caleb Ekuban,Genoa,A,31,18,3,543,1,3,0,0,0,0,6.723,7.03,0.2,False,0.0789473684210526,38,0,api_football_fixtures_2024,,1,0,6.92255,26.83,7.89,7.5,7.58,35.31,38,20.63,546,86,2.79,2,3,4,4,100.0,82
290536,Daniel Fila,Venezia,A,23,10,6,500,2,0,0,0,0,0,6.694,7.04,0.2,False,0.1578947368421052,78,0,api_football_fixtures_2024,,3,1,6.918900000000001,26.7,15.79,6.0,6.06,45.58,78,27.81,524,69,5.39,4,5,6,6,100.0,69
9072,Mirko Marić,Venezia,A,30,18,5,476,0,0,0,0,0,0,6.549,6.55,0.2,False,0.131578947368421,48,0,api_football_fixtures_2024,,0,0,6.54965,13.15,13.16,0.0,0.0,37.21,48,17.61,557,95,2.12,1,2,3,3,100.0,90
48389,Noah Okafor,AC Milan,A,25,15,5,469,1,0,0,0,0,0,6.547,6.75,0.2,False,0.131578947368421,68,0,api_football_fixtures_2024,,0,0,6.67895,17.89,13.16,3.0,3.03,38.5,68,21.84,542,82,3.13,2,3,4,4,100.0,82
312985,Samuele Vignato,Monza,C,21,17,3,467,0,0,0,0,0,0,6.549,6.55,0.2,False,0.0789473684210526,88,0,api_football_fixtures_2024,,0,0,6.54965,77.96,7.89,0.0,0.0,34.56,88,39.35,416,160,2.82,2,3,4,4,100.0,136
30573,Leonardo Pavoletti,Cagliari,A,37,26,1,461,2,0,0,0,0,0,6.855,6.99,0.2,False,0.0263157894736842,18,0,api_football_fixtures_2024,,5,0,6.94275,27.57,2.63,6.0,6.06,31.03,18,16.6,563,100,1.93,1,2,3,3,100.0,90
432057,Anas Haj Mohamed,Parma,A,20,15,3,455,1,2,0,0,0,0,6.796,7.0,0.2,False,0.0789473684210526,95,0,api_football_fixtures_2024,,4,0,6.928599999999999,27.05,7.89,6.0,6.06,34.99,95,26.05,530,73,4.61,4,5,6,6,100.0,69
30414,Giovanni Simeone,Napoli,A,30,30,1,440,1,1,0,0,0,0,6.592,6.71,0.2,False,0.0263157894736842,48,0,api_football_fixtures_2024,,1,0,6.6687,17.51,2.63,4.5,4.55,30.62,48,16.21,564,101,1.87,1,2,3,3,100.0,90
910,Alexis Sánchez,Udinese,A,37,13,6,439,0,0,0,0,0,0,6.666,6.67,0.2,False,0.1578947368421052,18,0,api_football_fixtures_2024,,0,0,6.6686,17.51,15.79,0.0,0.0,41.31,18,17.2,558,96,2.04,1,2,3,3,100.0,90
123,Pietro Pellegri,Empoli,A,24,11,5,413,3,0,0,0,0,0,6.943,7.63,0.2,False,0.131578947368421,78,0,api_football_fixtures_2024,,3,0,7.38955,43.97,13.16,9.0,9.09,40.8,78,32.22,507,58,7.83,7,8,9,10,100.0,56
9975,Brenner,Udinese,A,25,9,5,390,1,2,0,0,0,0,6.84,7.4,0.2,False,0.131578947368421,68,0,api_football_fixtures_2024,,0,0,7.204000000000001,37.16,13.16,6.0,6.06,43.02,68,28.9,519,64,5.93,5,6,7,8,100.0,63
383006,Alieu Njie,Torino,A,20,16,0,385,1,0,0,0,0,0,6.668,6.82,0.2,False,0.0,95,0,api_football_fixtures_2024,,1,0,6.766800000000001,21.11,0.0,3.0,3.03,29.07,95,20.8,545,85,2.84,2,3,4,4,100.0,82
30879,Andrea Petagna,Monza,A,30,13,2,333,0,0,0,0,0,0,6.612,6.57,0.2,False,0.0526315789473684,48,0,api_football_fixtures_2024,,1,0,6.5847,14.43,5.26,0.0,0.0,32.23,48,15.28,568,105,1.73,1,2,3,3,100.0,90
25079,Silvère Ganvoula,Monza,A,29,7,4,325,0,0,0,0,0,0,6.49,6.49,0.2,False,0.1052631578947368,48,0,api_football_fixtures_2024,,0,0,6.49,10.96,10.53,0.0,0.0,42.56,48,17.1,559,97,2.02,1,2,3,3,100.0,90
8643,Konan N'Dri,Lecce,A,25,11,2,313,0,0,0,0,0,0,6.634,6.63,0.2,False,0.0526315789473684,68,0,api_football_fixtures_2024,,0,0,6.631399999999999,16.15,5.26,0.0,0.0,32.66,68,17.86,556,94,2.16,1,2,3,3,100.0,90
30790,Gianluca Lapadula,Cagliari,A,35,12,1,306,0,0,0,0,0,0,6.621,6.58,0.2,False,0.0263157894736842,18,0,api_football_fixtures_2024,,1,0,6.59435,14.79,2.63,0.0,0.0,30.11,18,11.41,577,114,1.3,1,1,2,2,100.0,113
72388,Gabriel Charpentier,Parma,A,26,10,0,266,1,2,0,0,0,0,7.105,7.55,0.2,False,0.0,68,0,api_football_fixtures_2024,,1,0,7.3942499999999995,44.14,0.0,6.0,6.06,27.5,68,25.38,532,75,4.34,3,4,5,5,100.0,75
43033,Florinel Coman,Cagliari,A,27,9,2,258,1,0,0,0,0,0,6.66,6.88,0.2,False,0.0526315789473684,58,0,api_football_fixtures_2024,,2,0,6.803000000000001,22.44,5.26,3.0,3.03,32.95,58,19.4,551,90,2.49,1,2,3,3,100.0,90
665,Maxwel Cornet,Genoa,C,29,7,2,242,2,1,0,0,0,0,6.908,7.91,0.2,False,0.0526315789473684,48,0,api_football_fixtures_2024,,0,0,7.5593,89.98,5.26,7.5,12.61,34.33,48,40.78,399,152,3.03,2,3,4,4,100.0,136
85,Cyril Ngonge,Napoli,A,25,18,1,238,0,0,0,0,0,0,6.698,6.64,0.2,False,0.0263157894736842,68,0,api_football_fixtures_2024,,2,0,6.660299999999999,17.21,2.63,0.0,0.0,28.52,68,16.9,560,98,1.99,1,2,3,3,100.0,90
284242,Omari Forson,Monza,C,21,9,1,222,0,0,0,0,0,0,6.716,6.72,0.2,False,0.0263157894736842,88,0,api_football_fixtures_2024,,0,0,6.7186,79.97,2.63,0.0,0.0,29.7,88,37.9,433,171,2.63,2,3,4,4,100.0,136
436260,Francesco Camarda,AC Milan,A,17,10,1,214,0,0,0,0,0,0,6.72,6.72,0.2,False,0.0263157894736842,95,0,api_football_fixtures_2024,,0,0,6.720000000000001,19.4,2.63,0.0,0.0,29.32,95,20.37,548,88,2.73,2,3,4,4,100.0,82
40592,Adrian Benedyczak,Parma,A,25,9,2,213,0,0,0,0,0,0,6.531,6.53,0.2,False,0.0526315789473684,68,0,api_football_fixtures_2024,,0,0,6.53035,12.44,5.26,0.0,0.0,32.36,68,16.7,562,99,1.95,1,2,3,3,100.0,90
443141,Kevin Martins,Monza,C,20,9,1,197,0,1,0,0,0,0,6.706,6.76,0.2,False,0.0263157894736842,95,0,api_football_fixtures_2024,,1,0,6.7411,80.24,2.63,1.5,2.52,29.37,95,39.14,421,164,2.79,2,3,4,4,100.0,136
287374,Emmanuel Ekong,Empoli,A,23,15,0,188,0,0,0,0,0,0,6.513,6.48,0.2,False,0.0,78,0,api_football_fixtures_2024,,1,0,6.49155,11.01,0.0,0.0,0.0,26.47,78,15.08,570,107,1.7,1,2,3,3,100.0,90
106257,Alessandro Gabrielloni,Como,A,31,15,0,173,1,1,0,0,0,0,6.592,6.83,0.2,False,0.0,38,0,api_football_fixtures_2024,,1,0,6.7467,20.38,0.0,4.5,4.55,26.28,38,14.76,573,110,1.66,1,2,3,3,100.0,90
452033,Lorenzo Venturino,Genoa,C,19,6,1,163,2,0,0,0,0,0,7.265,8.27,0.2,False,0.0263157894736842,95,0,api_football_fixtures_2024,,0,0,7.91825,94.25,2.63,6.0,10.08,30.31,95,45.0,337,128,3.72,3,4,5,5,100.0,112
408540,Kingstone Mutandwa,Cagliari,A,22,6,0,136,0,0,0,0,0,0,6.444,6.44,0.2,False,0.0,88,0,api_football_fixtures_2024,,0,0,6.441400000000001,9.17,0.0,0.0,0.0,25.79,88,15.42,567,104,1.75,1,2,3,3,100.0,90
162173,Samuel Iling Junior,Bologna,C,22,7,0,131,1,0,0,0,0,0,6.865,7.29,0.2,False,0.0,88,0,api_football_fixtures_2024,,0,0,7.141249999999999,85.0,0.0,3.0,5.04,25.72,88,39.17,420,163,2.8,2,3,4,4,100.0,136
314254,Antonio Raimondo,Venezia,A,21,9,0,116,0,0,0,0,0,0,6.344,6.34,0.2,False,0.0,88,0,api_football_fixtures_2024,,0,0,6.3414,5.5,0.0,0.0,0.0,25.53,88,14.28,574,111,1.6,1,2,3,3,100.0,90
395761,Mathis Lambourde,Verona,A,19,7,0,104,1,0,0,0,0,0,6.554,6.91,0.2,False,0.0,95,0,api_football_fixtures_2024,,1,0,6.7854,21.8,0.0,3.0,3.03,25.37,95,20.45,547,87,2.75,2,3,4,4,100.0,82
30570,Alberto Cerri,Como,A,29,5,0,86,0,0,0,0,0,0,6.194,6.19,0.2,False,0.0,48,0,api_football_fixtures_2024,,0,0,6.1914,0.0,0.0,0.0,0.0,25.13,48,8.57,580,116,1.13,1,1,2,2,100.0,113
30849,Nicholas Pierini,Venezia,A,27,2,0,82,0,0,0,0,0,0,6.59,6.59,0.2,False,0.0,58,0,api_football_fixtures_2024,,0,0,6.59,14.63,0.0,0.0,0.0,25.08,58,13.95,575,112,1.55,1,2,3,3,100.0,90
30490,Nicola Sansone,Lecce,A,34,5,0,71,0,0,0,0,0,0,6.746,6.75,0.2,False,0.0,28,0,api_football_fixtures_2024,,0,0,6.7486,20.45,0.0,0.0,0.0,24.93,28,12.67,576,113,1.42,1,1,2,2,100.0,113
177745,Faride Alidou,Verona,C,24,3,0,68,0,0,0,0,0,0,6.635,6.64,0.2,False,0.0,78,0,api_football_fixtures_2024,,0,0,6.638249999999999,79.02,0.0,0.0,0.0,24.89,78,35.24,481,192,2.31,1,2,3,3,100.0,181
1917,Mario Balotelli,Genoa,A,35,6,0,67,0,0,0,0,0,0,6.583,6.42,0.2,False,0.0,18,0,api_football_fixtures_2024,,2,0,6.47705,10.48,0.0,0.0,0.0,24.88,18,8.68,579,115,1.13,1,1,2,2,100.0,113
290807,Vanja Vlahović,Atalanta,A,21,3,0,57,0,0,0,0,0,0,6.8,6.8,0.2,False,0.0,88,0,api_football_fixtures_2024,,0,0,6.8,22.33,0.0,0.0,0.0,24.75,88,19.21,552,91,2.45,1,2,3,3,100.0,90
30803,Antonín Barák,Fiorentina,C,31,1,1,55,0,0,0,0,0,0,7.3,7.3,0.2,False,0.0263157894736842,38,0,api_football_fixtures_2024,,0,0,7.3,86.89,2.63,0.0,0.0,49.72,38,37.98,432,170,2.64,2,3,4,4,100.0,136
310109,David Ankeye,Genoa,A,23,4,0,47,0,0,0,0,0,0,6.496,6.5,0.2,False,0.0,78,0,api_football_fixtures_2024,,0,0,6.498600000000001,11.27,0.0,0.0,0.0,24.62,78,14.87,572,109,1.67,1,2,3,3,100.0,90
327763,Rareș Cătălin Burnete,Lecce,A,21,4,0,35,0,0,0,0,0,0,6.429,6.43,0.2,False,0.0,88,0,api_football_fixtures_2024,,0,0,6.4296500000000005,8.74,0.0,0.0,0.0,24.46,88,15.09,569,106,1.7,1,2,3,3,100.0,90
471040,Alessio Cacciamani,Torino,C,18,2,0,29,0,0,0,0,0,0,6.769,6.77,0.2,False,0.0,95,0,api_football_fixtures_2024,,0,0,6.76965,80.58,0.0,0.0,0.0,24.38,95,37.33,444,175,2.55,2,3,4,4,100.0,136
344165,Damián Pizarro,Udinese,A,20,2,0,24,0,0,0,0,0,0,6.4,6.4,0.2,False,0.0,95,0,api_football_fixtures_2024,,0,0,6.4,7.65,0.0,0.0,0.0,24.32,95,15.44,566,103,1.75,1,2,3,3,100.0,90
30544,Gianluca Scamacca,Atalanta,A,26,1,0,13,0,0,0,0,0,0,6.9,6.9,0.2,False,0.0,68,0,api_football_fixtures_2024,,0,0,6.9,26.0,0.0,0.0,0.0,24.17,68,18.23,555,93,2.24,1,2,3,3,100.0,90
359100,Alphadjo Cissè,Verona,C,19,2,0,12,0,0,0,0,0,0,6.9,6.9,0.2,False,0.0,95,0,api_football_fixtures_2024,,0,0,6.9,82.13,0.0,0.0,0.0,24.16,95,37.76,437,174,2.61,2,3,4,4,100.0,136
128478,Walid Cheddira,Napoli,A,27,1,0,11,0,0,0,0,0,0,6.7,6.7,0.2,False,0.0,58,0,api_football_fixtures_2024,,0,0,6.7,18.66,0.0,0.0,0.0,24.14,58,15.02,571,108,1.69,1,2,3,3,100.0,90
31060,Francesco Caputo,Empoli,A,37,1,0,10,0,0,0,0,0,0,6.3,6.3,0.2,False,0.0,18,0,api_football_fixtures_2024,,0,0,6.299999999999999,3.99,0.0,0.0,0.0,24.13,18,6.62,582,117,1.06,1,1,2,2,100.0,113
336555,Estanis Pedrola,Bologna,A,22,1,0,8,0,0,0,0,0,0,7.2,7.2,0.2,False,0.0,88,0,api_football_fixtures_2024,,0,0,7.200000000000001,37.01,0.0,0.0,0.0,24.11,88,23.52,539,81,3.66,3,4,5,5,100.0,75
1454,Mattéo Guendouzi,Lazio,C,26,37,37,3274,1,3,0,0,0,0,7.081,7.15,0.2,False,0.9736842105263158,68,0,api_football_fixtures_2024,,7,0,7.12585,84.82,97.37,7.5,12.61,92.08,68,72.92,47,11,12.58,11,13,15,16,100.0,8
30845,Emmanuel Gyasi,Empoli,C,31,37,37,3224,2,1,0,0,0,0,6.702,6.82,0.2,False,0.9736842105263158,38,0,api_football_fixtures_2024,,5,0,6.778700000000001,80.69,97.37,7.5,12.61,91.42,38,68.58,85,23,10.64,9,11,13,14,100.0,18
2807,Remo Freuler,Bologna,C,33,37,37,3214,1,2,0,0,0,0,6.989,7.04,0.2,False,0.9736842105263158,28,0,api_football_fixtures_2024,,6,0,7.02215,83.59,97.37,6.0,10.08,91.29,28,67.93,90,24,10.36,9,10,11,12,100.0,24
48047,Jesper Karlström,Udinese,C,30,37,36,3189,0,3,0,0,0,0,6.761,6.72,0.2,False,0.9473684210526316,48,0,api_football_fixtures_2024,,9,0,6.73435,80.16,94.74,4.5,7.56,90.28,48,67.59,94,26,10.23,9,10,11,12,100.0,24
227,Angeliño,AS Roma,D,29,38,36,3188,2,1,5,0,0,0,7.11,7.28,0.2,False,0.9473684210526316,48,0,api_football_fixtures_2024,,1,0,7.2205,93.98,94.74,9.5,37.55,89.63,48,77.63,30,19,7.04,6,7,8,9,100.0,14
296560,Jackson Tchatchoua,Verona,D,24,36,36,3169,2,3,0,0,0,0,6.686,6.81,0.2,False,0.9473684210526316,78,0,api_football_fixtures_2024,,7,1,6.7665999999999995,88.08,94.74,10.5,41.5,90.7,78,79.81,20,12,7.56,7,8,9,10,100.0,7
36902,Tijjani Reijnders,AC Milan,C,27,37,36,3132,10,4,0,0,0,0,7.319,8.18,0.2,False,0.9473684210526316,58,0,api_football_fixtures_2024,,2,1,7.87865,93.78,94.74,36.0,60.5,89.53,58,83.15,10,2,18.18,16,18,20,22,100.0,2
15881,Morten Frendrup,Genoa,C,24,35,35,3107,2,0,0,0,0,0,6.992,7.09,0.2,False,0.9210526315789472,78,0,api_football_fixtures_2024,,5,0,7.0557,83.99,92.11,6.0,10.08,89.88,78,71.52,62,15,11.93,10,12,14,15,100.0,12
30432,Marten de Roon,Atalanta,C,34,36,34,3058,4,4,2,0,0,0,7.16,7.53,0.2,False,0.8947368421052632,28,0,api_football_fixtures_2024,,5,0,7.400500000000001,88.09,89.47,18.0,30.25,87.85,28,70.82,69,17,11.61,10,12,14,15,100.0,12
1014,Simon Sohm,Parma,C,24,37,36,2999,4,0,0,0,0,0,6.89,7.13,0.2,False,0.9473684210526316,78,0,api_football_fixtures_2024,,6,0,7.045999999999999,83.87,94.74,12.0,20.17,87.78,78,73.85,44,9,13.03,11,13,15,16,100.0,8
903,Scott McTominay,Napoli,C,29,34,33,2941,12,4,0,0,0,0,7.267,8.4,0.2,False,0.868421052631579,48,0,api_football_fixtures_2024,,3,0,8.00345,95.27,86.84,42.0,70.59,86.96,48,82.25,12,3,17.62,16,18,20,22,100.0,2
10097,Éderson,Atalanta,C,26,37,32,2888,4,1,0,0,0,0,7.208,7.46,0.2,False,0.8421052631578947,68,0,api_football_fixtures_2024,,5,1,7.3718,87.75,84.21,13.5,22.69,83.62,68,71.26,63,16,11.81,10,12,14,15,100.0,12
30775,Giuseppe Pezzella,Empoli,D,28,35,34,2887,0,3,0,0,0,0,6.81,6.8,0.2,False,0.8947368421052632,58,0,api_football_fixtures_2024,,7,0,6.8035,88.56,89.47,4.5,17.79,86.27,58,71.23,64,36,5.67,5,6,7,8,100.0,26
881,Hans Nicolussi Caviglia,Venezia,C,25,35,33,2870,4,2,0,0,0,0,6.935,7.21,0.2,False,0.868421052631579,68,0,api_football_fixtures_2024,,7,1,7.1137500000000005,84.68,86.84,15.0,25.21,85.33,68,71.76,56,12,12.04,10,12,14,15,100.0,12
3406,Frank Anguissa,Napoli,C,30,35,32,2857,6,4,0,0,0,0,7.109,7.67,0.2,False,0.8421052631578947,48,0,api_football_fixtures_2024,,5,0,7.473649999999999,88.96,84.21,24.0,40.34,84.45,48,73.28,46,10,12.76,11,13,15,16,100.0,8
26828,Georgios Kyriakopoulos,Monza,D,29,34,33,2851,2,4,0,0,0,0,6.921,7.14,0.2,False,0.868421052631579,48,0,api_football_fixtures_2024,,5,0,7.06335,91.94,86.84,12.0,47.43,85.78,48,76.44,34,22,6.77,6,7,8,9,100.0,14
30533,Manuel Locatelli,Juventus,C,27,36,34,2840,2,2,0,0,0,1,7.364,7.46,0.2,False,0.8947368421052632,58,1,api_football_fixtures_2024,,9,0,7.4264,88.4,89.47,12.5,21.01,84.98,58,71.64,59,13,11.98,10,12,14,15,100.0,12
31056,Samuele Ricci,Torino,C,24,34,34,2836,1,1,0,0,0,0,6.861,6.83,0.2,False,0.8947368421052632,78,0,api_football_fixtures_2024,,8,1,6.84085,81.43,89.47,4.5,7.56,86.32,78,69.06,80,21,10.84,9,11,13,14,100.0,18
128461,Nadir Zortea,Cagliari,D,26,35,33,2736,6,2,0,0,0,0,6.682,7.22,0.2,False,0.868421052631579,68,0,api_football_fixtures_2024,,2,0,7.031699999999999,91.53,86.84,21.0,83.0,83.57,68,85.1,4,2,8.96,8,9,10,11,100.0,1
30784,Nicolò Rovella,Lazio,C,24,33,31,2728,0,3,0,0,0,0,7.137,7.03,0.2,False,0.8157894736842105,78,0,api_football_fixtures_2024,,13,0,7.067450000000001,84.13,81.58,4.5,7.56,83.38,78,67.45,97,27,10.17,9,10,11,12,100.0,24
30822,Tommaso Augello,Cagliari,D,31,38,30,2723,0,7,1,0,0,0,6.948,7.09,0.2,False,0.7894736842105263,38,0,api_football_fixtures_2024,,3,0,7.0403,91.64,78.95,10.9,43.08,79.57,38,71.58,60,35,5.74,5,6,7,8,100.0,26
30937,Mattia Zaccagni,Lazio,C,30,34,33,2706,8,6,0,0,0,2,7.406,8.14,0.2,False,0.868421052631579,48,2,api_football_fixtures_2024,,10,0,7.883100000000001,93.83,86.84,40.0,67.23,83.87,48,80.69,16,5,16.7,15,17,19,21,100.0,4
350037,Nico Paz,Como,C,21,35,30,2699,6,8,0,0,0,0,7.272,7.93,0.2,False,0.7894736842105263,88,1,api_football_fixtures_2024,,6,0,7.6997,91.65,78.95,32.0,53.78,80.94,88,78.93,24,6,15.69,14,16,18,20,100.0,6
30768,Pedro Pereira,Monza,D,28,35,32,2691,1,3,0,0,0,0,6.628,6.66,0.2,False,0.8421052631578947,58,0,api_football_fixtures_2024,,10,0,6.6488000000000005,86.54,84.21,7.5,29.64,82.27,58,71.08,67,38,5.64,5,6,7,8,100.0,26
1748,Lassana Coulibaly,Lecce,C,29,38,30,2678,1,0,0,0,0,0,6.741,6.78,0.2,False,0.7894736842105263,48,0,api_football_fixtures_2024,,3,0,6.766349999999999,80.54,78.95,3.0,5.04,78.97,48,61.55,148,47,7.97,7,8,9,10,100.0,40
47439,Stanislav Lobotka,Napoli,C,31,32,31,2647,0,1,0,0,0,0,7.084,7.07,0.2,False,0.8157894736842105,38,0,api_football_fixtures_2024,,3,0,7.0748999999999995,84.21,81.58,1.5,2.52,83.05,38,62.42,139,41,8.27,7,8,9,10,100.0,40
31624,Gabriel Strefezza,Como,C,28,37,32,2632,6,4,0,0,0,0,7.207,7.73,0.2,False,0.8421052631578947,58,0,api_football_fixtures_2024,,5,0,7.546950000000001,89.83,84.21,24.0,40.34,80.25,58,73.91,43,8,13.06,11,13,15,16,100.0,8
162266,Lucas Da Cunha,Como,C,24,36,30,2625,3,2,0,0,0,0,7.259,7.51,0.2,False,0.7894736842105263,78,0,api_football_fixtures_2024,,4,0,7.42215,88.35,78.95,12.0,20.17,79.37,78,69.98,73,18,11.24,9,11,13,14,100.0,18
302432,Alessandro Bianco,Monza,C,23,35,29,2622,1,0,0,0,0,0,6.816,6.77,0.2,False,0.7631578947368421,78,0,api_football_fixtures_2024,,9,0,6.786099999999999,80.78,76.32,3.0,5.04,79.21,78,64.0,128,38,8.83,8,9,10,11,100.0,34
22147,Manu Koné,AS Roma,C,24,34,31,2582,2,1,0,0,0,0,6.952,7.07,0.2,False,0.8157894736842105,78,0,api_football_fixtures_2024,,6,0,7.028700000000001,83.66,81.58,7.5,12.61,80.77,78,67.93,90,24,10.36,9,10,11,12,100.0,24
51266,Gianluca Busio,Venezia,C,23,33,28,2531,2,0,0,0,0,0,6.834,6.96,0.2,False,0.7368421052631579,78,0,api_football_fixtures_2024,,4,0,6.9159,82.32,73.68,6.0,10.08,78.51,78,64.71,121,35,9.1,8,9,10,11,100.0,34
36916,Kingsley Ehizibue,Udinese,D,30,33,30,2510,0,1,3,0,0,0,6.808,6.76,0.2,False,0.7894736842105263,48,0,api_football_fixtures_2024,,5,0,6.7768,88.21,78.95,2.7,10.67,79.75,48,65.1,119,68,4.56,4,5,6,6,100.0,42
22254,Youssouf Fofana,AC Milan,C,26,35,29,2509,1,6,0,0,0,0,6.941,7.13,0.2,False,0.7631578947368421,68,0,api_football_fixtures_2024,,5,0,7.06385,84.08,76.32,12.0,20.17,77.73,68,66.8,105,30,9.91,9,10,11,12,100.0,24
91422,Raoul Bellanova,Atalanta,D,25,35,28,2495,0,9,1,0,0,0,7.028,7.24,0.2,False,0.7368421052631579,68,0,api_football_fixtures_2024,,3,0,7.1658,93.27,73.68,13.9,54.94,76.83,68,75.71,38,25,6.6,6,7,8,9,100.0,14
17,Christian Pulišić,AC Milan,C,27,34,29,2489,11,9,0,0,0,3,7.324,8.54,0.2,False,0.7631578947368421,58,3,api_football_fixtures_2024,,1,0,8.1144,96.59,76.32,57.0,95.8,78.07,58,84.73,5,1,19.17,17,19,21,23,100.0,1
89520,Mikael Ellertsson,Venezia,C,23,36,29,2480,2,2,0,0,0,0,6.86,7.05,0.2,False,0.7631578947368421,78,0,api_football_fixtures_2024,,2,0,6.9835,83.13,76.32,9.0,15.13,76.77,78,66.36,108,31,9.73,9,10,11,12,100.0,24
30558,Nicolò Barella,Inter,C,28,33,29,2462,3,6,0,0,0,0,7.308,7.7,0.2,False,0.7631578947368421,58,0,api_football_fixtures_2024,,4,0,7.562799999999999,90.02,76.32,18.0,30.25,78.36,58,69.69,77,20,11.11,9,11,13,14,100.0,18
30505,Michel Ndary Adopo,Cagliari,C,25,35,27,2417,1,1,0,0,0,0,6.796,6.81,0.2,False,0.7105263157894737,68,0,api_football_fixtures_2024,,5,1,6.8050999999999995,81.0,71.05,4.5,7.56,75.09,68,61.64,146,45,8.0,7,8,9,10,100.0,40
1457,Henrikh Mkhitaryan,Inter,C,36,32,30,2410,1,4,0,0,0,0,7.094,7.25,0.2,False,0.7894736842105263,18,0,api_football_fixtures_2024,,4,0,7.1954,85.65,78.95,9.0,15.13,79.15,18,62.13,142,42,8.17,7,8,9,10,100.0,40
339883,Kenan Yıldız,Juventus,A,20,35,28,2408,7,4,0,0,0,0,7.377,8.03,0.2,False,0.7368421052631579,95,0,api_football_fixtures_2024,,2,1,7.80145,59.08,73.68,27.0,27.27,75.68,95,62.45,138,10,50.77,45,51,57,62,100.0,9
25349,Ondrej Duda,Verona,C,31,28,27,2403,1,3,0,0,0,0,7.025,6.99,0.2,False,0.7105263157894737,38,0,api_football_fixtures_2024,,12,1,7.00225,83.35,71.05,7.5,12.61,79.73,38,61.05,155,49,7.8,7,8,9,10,100.0,40
30932,Liam Henderson,Empoli,C,29,36,27,2345,0,4,0,0,0,0,6.813,6.78,0.2,False,0.7105263157894737,48,0,api_football_fixtures_2024,,10,0,6.79155,80.84,71.05,6.0,10.08,73.61,48,59.87,163,52,7.41,6,7,8,9,100.0,51
116,Khéphren Thuram,Juventus,C,24,35,26,2337,4,5,0,0,0,0,7.144,7.56,0.2,False,0.6842105263157895,78,0,api_football_fixtures_2024,,5,0,7.4144,88.26,68.42,19.5,32.77,73.32,78,68.93,82,22,10.78,9,11,13,14,100.0,18
22236,Rafael Leão,AC Milan,A,26,34,25,2330,8,8,0,0,0,0,7.242,8.11,0.2,False,0.6578947368421053,68,0,api_football_fixtures_2024,,5,0,7.8062,59.26,65.79,36.0,36.36,73.04,68,59.25,172,14,43.5,39,44,49,53,100.0,13
7591,Sandi Lovrić,Udinese,C,27,36,31,2326,2,3,0,0,0,0,6.943,7.12,0.2,False,0.8157894736842105,58,0,api_football_fixtures_2024,,5,0,7.05805,84.01,81.58,10.5,17.65,76.13,58,66.35,109,32,9.73,9,10,11,12,100.0,24
25353,Valentino Lazaro,Torino,D,29,33,26,2322,0,6,0,0,0,0,6.773,6.86,0.2,False,0.6842105263157895,48,0,api_football_fixtures_2024,,6,0,6.82955,88.89,68.42,9.0,35.57,74.25,48,66.83,104,57,4.85,4,5,6,6,100.0,42
415,Weston McKennie,Juventus,C,27,32,27,2320,2,4,1,0,0,0,7.017,7.28,0.2,False,0.7105263157894737,58,0,api_football_fixtures_2024,,3,0,7.187950000000001,85.56,71.05,12.0,20.17,75.62,58,64.61,123,36,9.06,8,9,10,11,100.0,34
135519,Gustav Isaksen,Lazio,A,24,37,29,2226,4,2,0,0,0,0,6.926,7.24,0.2,False,0.7631578947368421,78,0,api_football_fixtures_2024,,5,0,7.1301000000000005,34.45,76.32,15.0,15.15,72.88,78,51.18,260,26,28.39,25,28,31,34,100.0,26
31021,Alberto Grassi,Empoli,C,30,28,27,2215,1,0,0,0,0,0,6.804,6.77,0.2,False,0.7105263157894737,48,0,api_football_fixtures_2024,,8,0,6.7819,80.73,71.05,3.0,5.04,77.25,48,59.38,170,56,7.26,6,7,8,9,100.0,51
22015,Boulaye Dia,Lazio,A,29,35,27,2192,9,3,0,0,0,0,6.933,7.76,0.2,False,0.7105263157894737,48,0,api_football_fixtures_2024,,2,0,7.470549999999999,46.94,71.05,31.5,31.82,72.13,48,53.83,232,23,32.87,29,33,37,40,100.0,23
290046,Antoine Makoumbou,Cagliari,C,27,33,27,2173,0,3,0,0,0,0,6.695,6.69,0.2,False,0.7105263157894737,58,0,api_football_fixtures_2024,,4,1,6.691750000000001,79.65,71.05,4.5,7.56,73.05,58,59.93,161,51,7.43,6,7,8,9,100.0,51
31010,Federico Dimarco,Inter,D,28,33,29,2165,4,7,0,0,0,0,7.335,7.87,0.2,False,0.7631578947368421,58,0,api_football_fixtures_2024,,3,0,7.68275,100.0,76.32,22.5,88.93,74.46,58,83.83,7,4,8.61,8,9,10,11,100.0,1
48648,Dan Ndoye,Bologna,C,25,30,26,2151,8,4,0,0,0,2,7.222,8.09,0.2,False,0.6842105263157895,68,2,api_football_fixtures_2024,,4,0,7.786199999999999,92.68,68.42,37.0,62.18,73.97,68,75.24,40,7,13.73,12,14,16,17,100.0,7
842,Nikola Vlašić,Torino,C,28,30,23,2128,5,4,0,0,0,2,6.962,7.6,0.2,False,0.6052631578947368,58,2,api_football_fixtures_2024,,0,0,7.3767,87.81,60.53,28.0,47.06,71.17,58,67.36,98,28,10.13,9,10,11,12,100.0,24
2286,Davide Zappacosta,Atalanta,D,33,30,26,2075,4,2,0,0,0,0,6.97,7.39,0.2,False,0.6842105263157895,28,0,api_football_fixtures_2024,,3,0,7.242999999999999,94.28,68.42,15.0,59.29,72.97,28,70.99,68,39,5.62,5,6,7,8,100.0,26
778,Bryan Cristante,AS Roma,C,30,30,23,2056,4,2,0,0,0,0,7.135,7.47,0.2,False,0.6052631578947368,48,0,api_football_fixtures_2024,,8,0,7.35275,87.52,60.53,15.0,25.21,70.22,48,61.76,145,44,8.04,7,8,9,10,100.0,40
47182,Tete Morente,Lecce,C,29,31,23,2029,3,2,0,0,0,0,6.938,7.21,0.2,False,0.6052631578947368,48,0,api_football_fixtures_2024,,5,0,7.114800000000001,84.69,60.53,12.0,20.17,69.25,48,59.76,165,54,7.38,6,7,8,9,100.0,51
22007,Hassane Kamara,Udinese,D,31,30,25,2006,1,4,4,0,0,0,6.987,7.05,0.2,False,0.6578947368421053,38,0,api_football_fixtures_2024,,8,1,7.027950000000001,91.48,65.79,10.6,41.9,71.23,38,66.75,106,58,4.84,4,5,6,6,100.0,42
43036,Dennis Man,Parma,C,27,33,23,2005,4,4,0,0,0,0,6.833,7.32,0.2,False,0.6052631578947368,58,0,api_football_fixtures_2024,,0,0,7.14955,85.1,60.53,18.0,30.25,67.81,58,62.68,135,40,8.36,7,8,9,10,100.0,40
36899,Teun Koopmeiners,Juventus,C,27,28,23,1997,3,3,0,0,0,0,7.031,7.41,0.2,False,0.6052631578947368,58,0,api_football_fixtures_2024,,3,0,7.27735,86.62,60.53,13.5,22.69,70.81,58,62.08,144,43,8.15,7,8,9,10,100.0,40
30542,Jens Odgaard,Bologna,A,26,29,24,1975,6,1,0,0,0,0,6.909,7.55,0.2,False,0.631578947368421,68,0,api_football_fixtures_2024,,1,0,7.3256499999999996,41.62,63.16,19.5,19.7,70.68,68,49.62,284,30,25.96,23,26,29,32,100.0,30
2763,Mario Pašalić,Atalanta,C,30,34,23,1969,3,4,0,0,0,0,7.012,7.38,0.2,False,0.6052631578947368,48,1,api_football_fixtures_2024,,1,0,7.251199999999999,86.31,60.53,17.0,28.57,66.82,48,61.56,147,46,7.97,7,8,9,10,100.0,40
1640,Hakan Çalhanoğlu,Inter,C,31,29,26,1961,5,6,0,0,0,3,7.482,8.12,0.2,False,0.6842105263157895,38,3,api_football_fixtures_2024,,5,0,7.896699999999999,94.0,68.42,34.5,57.98,72.22,38,71.53,61,14,11.93,10,12,14,15,100.0,12
6010,Lucas Beltrán,Fiorentina,A,24,33,21,1958,5,4,0,0,0,2,6.851,7.34,0.2,False,0.5526315789473685,78,2,api_football_fixtures_2024,,6,0,7.16885,35.87,55.26,28.0,28.28,65.67,78,47.88,304,31,23.43,20,23,26,28,100.0,31
226,Denzel Dumfries,Inter,D,29,29,20,1951,7,2,0,0,0,0,7.147,7.87,0.2,False,0.5263157894736842,48,0,api_football_fixtures_2024,,4,0,7.616949999999999,99.14,52.63,24.0,94.86,66.91,48,76.71,32,21,6.83,6,7,8,9,100.0,14
14327,Domagoj Bradarić,Verona,D,26,28,24,1948,1,0,0,0,0,0,6.828,6.83,0.2,False,0.631578947368421,68,0,api_football_fixtures_2024,,6,0,6.8293,88.89,63.16,3.0,11.86,71.06,68,62.29,140,77,4.12,3,4,5,5,100.0,69
30810,Rolando Mandragora,Fiorentina,C,28,29,22,1941,4,3,0,0,0,1,7.243,7.64,0.2,False,0.5789473684210527,58,1,api_football_fixtures_2024,,7,0,7.50105,89.29,57.89,20.0,33.61,68.5,58,64.06,126,37,8.85,8,9,10,11,100.0,34
541,Jürgen Ekkelenkamp,Udinese,C,25,34,20,1902,3,2,0,0,0,0,6.883,7.18,0.2,False,0.5263157894736842,68,0,api_football_fixtures_2024,,2,0,7.0760499999999995,84.23,52.63,12.0,20.17,63.73,68,58.82,177,59,7.08,6,7,8,9,100.0,51
36980,Morten Thorsby,Genoa,C,29,30,22,1902,0,1,0,0,0,0,6.763,6.7,0.2,False,0.5789473684210527,48,0,api_football_fixtures_2024,,6,0,6.72205,80.01,57.89,1.5,2.52,67.36,48,53.89,230,79,5.68,5,6,7,8,100.0,65
30488,Riccardo Orsolini,Bologna,C,28,30,23,1885,15,4,0,0,0,3,7.259,8.86,0.2,False,0.6052631578947368,58,2,api_football_fixtures_2024,,2,0,8.29965,98.79,60.53,59.5,100.0,67.97,58,80.76,15,4,16.74,15,17,19,21,100.0,4
288699,Máximo Perrone,Como,C,22,26,20,1859,0,3,0,0,0,0,6.949,6.95,0.2,False,0.5263157894736842,88,0,api_football_fixtures_2024,,6,0,6.94965,82.72,52.63,4.5,7.56,67.69,88,58.44,180,61,6.96,6,7,8,9,100.0,51
333116,Reda Belahyane,Verona,C,21,28,18,1848,0,2,0,0,0,0,6.809,6.7,0.2,False,0.4736842105263157,88,0,api_football_fixtures_2024,,6,2,6.738150000000001,80.21,47.37,3.0,5.04,64.39,88,55.37,209,69,6.07,5,6,7,8,100.0,65
382452,Patrick Dorgu,Lecce,D,21,21,21,1843,3,1,0,0,0,0,6.909,7.29,0.2,False,0.5526315789473685,88,0,api_football_fixtures_2024,,2,1,7.15665,93.15,55.26,10.5,41.5,73.25,88,69.85,74,42,5.4,4,5,6,6,100.0,42
308836,Mandela Keita,Parma,C,23,30,24,1827,0,2,0,0,0,0,6.781,6.71,0.2,False,0.631578947368421,78,0,api_football_fixtures_2024,,6,1,6.73485,80.17,63.16,3.0,5.04,68.04,78,58.85,176,58,7.09,6,7,8,9,100.0,51
15673,Ylber Ramadani,Lecce,C,29,29,21,1819,1,1,0,0,0,0,6.796,6.88,0.2,False,0.5526315789473685,48,0,api_football_fixtures_2024,,3,0,6.8506,81.54,55.26,4.5,7.56,66.04,48,54.5,219,73,5.84,5,6,7,8,100.0,65
887,Matteo Darmian,Inter,D,36,29,20,1793,3,2,2,0,0,0,6.918,7.25,0.2,False,0.5263157894736842,18,0,api_football_fixtures_2024,,3,0,7.133800000000001,92.85,52.63,12.8,50.59,64.83,18,62.66,136,76,4.18,3,4,5,5,100.0,69
266813,Warren Bondo,Monza,C,22,24,22,1785,0,0,0,0,0,0,6.726,6.56,0.2,False,0.5789473684210527,88,0,api_football_fixtures_2024,,6,1,6.6181,78.78,57.89,0.0,0.0,70.4,88,57.47,189,63,6.67,6,7,8,9,100.0,51
26315,Nicolás González,Juventus,A,27,26,23,1776,3,2,0,0,0,0,7.028,7.39,0.2,False,0.6052631578947368,58,0,api_football_fixtures_2024,,3,0,7.263299999999999,39.33,60.53,12.0,12.12,69.48,58,45.58,332,36,20.35,18,20,22,24,100.0,36
162012,Matteo Ruggeri,Atalanta,D,23,30,19,1760,0,3,0,0,0,0,7.054,7.12,0.2,False,0.5,78,0,api_football_fixtures_2024,,2,0,7.0969,92.37,50.0,4.5,17.79,62.99,78,61.02,156,82,3.93,3,4,5,5,100.0,69
190958,Balthazar Pierret,Lecce,C,25,30,21,1726,0,0,0,0,0,0,6.743,6.71,0.2,False,0.5526315789473685,68,0,api_football_fixtures_2024,,2,0,6.721550000000001,80.01,55.26,0.0,0.0,64.21,68,54.25,226,76,5.77,5,6,7,8,100.0,65
1852,Danilo Cataldi,Fiorentina,C,31,25,23,1724,3,0,0,0,0,0,7.034,7.37,0.2,False,0.6052631578947368,38,0,api_football_fixtures_2024,,1,0,7.252400000000001,86.33,60.53,9.0,15.13,69.68,38,58.31,182,62,6.92,6,7,8,9,100.0,51
162907,Alessandro Zanoli,Genoa,D,25,31,19,1714,1,0,0,0,0,0,6.744,6.79,0.2,False,0.5,68,0,api_football_fixtures_2024,,3,0,6.773899999999999,88.17,50.0,3.0,11.86,61.88,68,57.4,190,93,3.44,2,3,4,4,100.0,92
181808,Fabio Miretti,Genoa,C,22,25,22,1694,3,3,0,0,0,0,6.887,7.33,0.2,False,0.5789473684210527,88,0,api_football_fixtures_2024,,2,0,7.174949999999999,85.4,57.89,13.5,22.69,68.29,88,63.68,130,39,8.71,8,9,10,11,100.0,34
263699,Alieu Fadera,Como,C,24,28,20,1667,1,3,0,0,0,0,7.045,7.19,0.2,False,0.5263157894736842,78,0,api_football_fixtures_2024,,2,1,7.1392500000000005,84.98,52.63,7.5,12.61,63.79,78,58.54,179,60,6.99,6,7,8,9,100.0,51
31079,Francesco Zampano,Venezia,D,32,24,17,1648,1,2,0,0,0,0,6.609,6.71,0.2,False,0.4473684210526316,38,0,api_football_fixtures_2024,,5,0,6.67465,86.88,44.74,6.0,23.72,63.39,38,55.3,211,103,3.18,2,3,4,4,100.0,92
1138,Timothy Weah,Juventus,C,25,30,18,1644,5,2,3,0,0,0,6.929,7.43,0.2,False,0.4736842105263157,68,0,api_football_fixtures_2024,,4,0,7.25465,86.35,47.37,18.0,30.25,60.63,68,59.69,166,55,7.35,6,7,8,9,100.0,51
782,Lorenzo Pellegrini,AS Roma,C,29,25,20,1632,2,1,0,0,0,1,6.963,7.16,0.2,False,0.5263157894736842,48,1,api_football_fixtures_2024,,4,0,7.091049999999999,84.41,52.63,11.0,18.49,65.47,48,56.8,197,65,6.47,5,6,7,8,100.0,65
162106,Yunus Musah,AC Milan,C,23,29,19,1581,0,2,0,0,0,0,6.775,6.76,0.2,False,0.5,78,0,api_football_fixtures_2024,,5,0,6.76525,80.53,50.0,3.0,5.04,61.18,78,54.64,217,72,5.87,5,6,7,8,100.0,65
3009,Karol Linetty,Torino,C,31,28,18,1559,1,0,0,0,0,0,6.707,6.71,0.2,False,0.4736842105263157,38,0,api_football_fixtures_2024,,6,0,6.70895,79.86,47.37,3.0,5.04,60.58,38,49.7,282,105,4.67,4,5,6,6,100.0,83
281096,Patrizio Masini,Genoa,C,24,26,16,1544,1,0,0,0,0,0,6.851,6.91,0.2,False,0.4210526315789473,78,0,api_football_fixtures_2024,,3,0,6.88935,82.01,42.11,3.0,5.04,59.7,78,52.89,239,83,5.42,4,5,6,6,100.0,83
876,Nicolò Fagioli,Fiorentina,C,24,32,15,1541,1,2,0,0,0,0,7.049,7.14,0.2,False,0.3947368421052631,78,0,api_football_fixtures_2024,,4,0,7.10815,84.61,39.47,6.0,10.08,56.0,78,53.47,235,80,5.57,5,6,7,8,100.0,65
31219,Alessio Zerbin,Venezia,C,26,20,17,1522,1,1,0,0,0,0,6.845,6.94,0.2,False,0.4473684210526316,68,0,api_football_fixtures_2024,,4,0,6.90675,82.21,44.74,4.5,7.56,65.28,68,53.95,229,78,5.69,5,6,7,8,100.0,65
56560,Youssef Maleh,Empoli,C,27,22,17,1514,0,1,0,0,0,0,6.749,6.63,0.2,False,0.4473684210526316,58,0,api_football_fixtures_2024,,5,1,6.67165,79.41,44.74,1.5,2.52,63.24,58,50.8,269,97,4.92,4,5,6,6,100.0,83
1417,Alexis Saelemaekers,AS Roma,C,26,23,18,1504,7,3,0,0,0,0,7.319,8.25,0.2,False,0.4736842105263157,68,0,api_football_fixtures_2024,,5,0,7.924149999999999,94.32,47.37,25.5,42.86,63.35,68,65.01,120,34,9.21,8,9,10,11,100.0,34
1850,Milan Badelj,Genoa,C,36,23,21,1486,1,0,0,0,0,0,6.95,7.04,0.2,False,0.5526315789473685,18,0,api_football_fixtures_2024,,2,0,7.008500000000001,83.42,55.26,3.0,5.04,66.38,18,51.61,258,93,5.11,4,5,6,6,100.0,83
30708,Samuele Birindelli,Monza,D,26,21,18,1475,3,0,0,0,0,0,6.917,7.3,0.2,False,0.4736842105263157,68,0,api_football_fixtures_2024,,2,0,7.1659500000000005,93.27,47.37,9.0,35.57,64.84,68,63.46,131,73,4.3,3,4,5,5,100.0,69
2822,Darko Lazović,Verona,C,35,27,17,1468,2,3,0,0,0,1,6.846,7.18,0.2,False,0.4473684210526316,18,1,api_football_fixtures_2024,,0,0,7.0630999999999995,84.07,44.74,14.0,23.53,59.06,18,51.77,252,91,5.15,4,5,6,6,100.0,83
628,Adrián Bernabé,Parma,C,24,21,18,1461,1,1,0,0,0,0,7.227,7.39,0.2,False,0.4736842105263157,78,0,api_football_fixtures_2024,,1,0,7.332949999999999,87.29,47.37,4.5,7.56,64.65,78,57.04,193,64,6.54,6,7,8,9,100.0,51
30561,Alessandro Deiola,Cagliari,C,30,29,16,1446,2,1,0,0,0,0,6.738,6.88,0.2,False,0.4210526315789473,48,0,api_football_fixtures_2024,,6,0,6.8303,81.3,42.11,7.5,12.61,56.82,48,50.76,270,98,4.91,4,5,6,6,100.0,83
30431,Andrea Colpani,Fiorentina,C,26,25,18,1445,2,1,0,0,0,0,6.834,7.09,0.2,False,0.4736842105263157,68,0,api_football_fixtures_2024,,1,0,7.0004,83.33,47.37,7.5,12.61,61.01,68,55.31,210,70,6.06,5,6,7,8,100.0,65
343189,Gvidas Gineitis,Torino,C,21,30,15,1423,3,1,0,0,0,0,6.859,7.11,0.2,False,0.3947368421052631,88,0,api_football_fixtures_2024,,5,0,7.02215,83.59,39.47,10.5,17.65,55.22,88,55.56,206,67,6.12,5,6,7,8,100.0,65
2118,Răzvan Marin,Cagliari,C,29,33,13,1416,3,2,0,0,0,2,6.856,7.13,0.2,False,0.3421052631578947,48,2,api_football_fixtures_2024,,4,0,7.0341000000000005,83.73,34.21,19.0,31.93,52.48,48,52.73,241,84,5.38,4,5,6,6,100.0,83
19824,Jordan Zemura,Udinese,D,26,23,13,1415,1,2,0,0,0,0,6.759,6.93,0.2,False,0.3421052631578947,68,0,api_football_fixtures_2024,,2,0,6.870150000000001,89.42,34.21,6.0,23.72,56.75,68,55.43,208,102,3.2,2,3,4,4,100.0,92
6383,Martín Payero,Udinese,C,27,25,16,1383,1,1,0,0,0,0,6.901,6.96,0.2,False,0.4210526315789473,58,0,api_football_fixtures_2024,,5,0,6.939349999999999,82.6,42.11,4.5,7.56,58.2,58,51.35,259,94,5.05,4,5,6,6,100.0,83
271,Leandro Paredes,AS Roma,C,31,22,15,1379,3,1,0,0,0,2,7.407,7.77,0.2,False,0.3947368421052631,38,2,api_football_fixtures_2024,,4,0,7.642949999999999,90.98,39.47,17.5,29.41,59.19,38,55.72,204,66,6.17,5,6,7,8,100.0,65
418,Suat Serdar,Verona,C,28,22,16,1378,2,1,0,0,0,0,6.831,7.01,0.2,False,0.4210526315789473,58,0,api_football_fixtures_2024,,4,1,6.94735,82.7,42.11,7.5,12.61,60.31,58,52.7,242,85,5.37,4,5,6,6,100.0,83
39362,Marcus Pedersen,Torino,D,25,29,15,1377,0,0,2,0,0,0,6.517,6.47,0.2,False,0.3947368421052631,68,0,api_football_fixtures_2024,,3,0,6.48645,84.43,39.47,0.8,3.16,55.05,68,50.89,267,124,2.7,2,3,4,4,100.0,92
37144,Ridgeciano Haps,Venezia,D,32,25,14,1376,1,1,0,0,0,0,6.763,6.86,0.2,False,0.3684210526315789,38,0,api_football_fixtures_2024,,3,0,6.82605,88.85,36.84,4.5,17.79,56.11,38,51.64,257,121,2.78,2,3,4,4,100.0,92
161585,Francisco Conceição,Juventus,C,23,26,12,1341,3,3,0,0,0,0,7.047,7.37,0.2,False,0.3157894736842105,78,0,api_football_fixtures_2024,,5,1,7.25695,86.38,31.58,13.5,22.69,53.18,78,54.12,227,77,5.74,5,6,7,8,100.0,65
1208,Hernani,Parma,C,31,25,15,1329,3,3,0,0,0,3,7.054,7.39,0.2,False,0.3947368421052631,38,2,api_football_fixtures_2024,,7,0,7.272399999999999,86.56,39.47,22.0,36.97,56.49,38,55.51,207,68,6.11,5,6,7,8,100.0,65
347265,Benjamín Domínguez,Bologna,A,22,24,16,1310,3,2,0,0,0,0,6.797,7.26,0.2,False,0.4210526315789473,88,0,api_football_fixtures_2024,,0,0,7.09795,33.27,42.11,12.0,12.12,57.9,88,40.42,403,40,14.49,12,14,16,17,100.0,40
43056,Valentin Mihăilă,Parma,A,26,21,16,1300,0,3,0,0,0,0,6.869,6.96,0.2,False,0.4210526315789473,68,0,api_football_fixtures_2024,,2,0,6.92815,27.04,42.11,4.5,4.55,60.15,68,35.37,476,52,10.04,9,10,11,12,100.0,51
400948,Assane Diao,Como,C,20,15,14,1257,8,1,0,0,0,0,7.125,8.73,0.2,False,0.3684210526315789,95,0,api_football_fixtures_2024,,2,0,8.16825,97.23,36.84,25.5,42.86,63.87,95,66.03,113,33,9.6,9,10,11,12,100.0,24
1265,Yacine Adli,Fiorentina,C,25,26,15,1248,4,6,0,0,0,0,7.201,7.8,0.2,False,0.3947368421052631,68,0,api_football_fixtures_2024,,3,1,7.59035,90.35,39.47,21.0,35.29,54.84,68,59.06,173,57,7.15,6,7,8,9,100.0,51
347644,Arthur Atta,Udinese,C,22,27,12,1246,0,1,0,0,0,0,6.752,6.7,0.2,False,0.3157894736842105,88,0,api_football_fixtures_2024,,5,0,6.7182,79.97,31.58,1.5,2.52,51.51,88,48.92,300,112,4.5,3,4,5,5,100.0,112
356888,Niccolò Pisilli,AS Roma,C,21,28,11,1234,2,1,0,0,0,0,6.813,6.94,0.2,False,0.2894736842105263,88,0,api_football_fixtures_2024,,7,0,6.89555,82.08,28.95,7.5,12.61,50.06,88,50.69,271,99,4.89,4,5,6,6,100.0,83
1322,Nikola Moro,Bologna,C,27,22,15,1229,0,2,0,0,0,0,7.138,7.21,0.2,False,0.3947368421052631,58,0,api_football_fixtures_2024,,1,0,7.184800000000001,85.52,39.47,3.0,5.04,57.22,58,50.92,265,96,4.94,4,5,6,6,100.0,83
31173,Davide Frattesi,Inter,C,26,28,9,1223,5,1,0,0,0,0,7.048,7.6,0.2,False,0.2368421052631578,68,0,api_football_fixtures_2024,,1,0,7.406799999999999,88.16,23.68,16.5,27.73,48.13,68,51.94,249,89,5.19,4,5,6,6,100.0,83
275394,Antoine Hainaut,Parma,C,23,25,10,1207,2,0,0,0,0,0,6.855,7.01,0.2,False,0.2631578947368421,78,0,api_football_fixtures_2024,,4,0,6.95575,82.8,26.32,6.0,10.08,49.88,78,48.72,302,113,4.45,3,4,5,5,100.0,112
26303,Borna Sosa,Torino,D,27,19,14,1185,0,0,1,0,0,0,6.896,6.9,0.2,False,0.3684210526315789,58,0,api_football_fixtures_2024,,0,0,6.8986,89.79,36.84,0.4,1.58,58.01,58,50.97,262,122,2.71,2,3,4,4,100.0,92
178709,Yannik Engelhardt,Como,C,24,26,11,1185,1,1,0,0,0,0,6.976,7.05,0.2,False,0.2894736842105263,78,0,api_football_fixtures_2024,,4,0,7.024100000000001,83.61,28.95,4.5,7.56,50.17,78,49.16,294,110,4.55,4,5,6,6,100.0,83
130423,Billy Gilmour,Napoli,C,24,26,13,1178,0,1,0,0,0,0,7.064,7.1,0.2,False,0.3421052631578947,78,0,api_football_fixtures_2024,,0,0,7.087400000000001,84.36,34.21,1.5,2.52,52.0,78,49.97,279,103,4.73,4,5,6,6,100.0,83
31273,Tommaso Pobega,Bologna,C,26,21,13,1178,2,2,0,0,0,0,6.936,7.08,0.2,False,0.3421052631578947,68,0,api_football_fixtures_2024,,6,2,7.0296,83.67,34.21,9.0,15.13,54.98,68,51.73,255,92,5.14,4,5,6,6,100.0,83
28744,Þórir Jóhann Helgason,Lecce,C,25,21,13,1157,0,4,0,0,0,0,6.848,7.04,0.2,False,0.3421052631578947,68,0,api_football_fixtures_2024,,0,0,6.9728,83.0,34.21,6.0,10.08,54.7,68,50.47,275,100,4.84,4,5,6,6,100.0,83
178749,Lazar Samardžić,Atalanta,C,23,31,7,1149,2,1,0,0,0,0,7.012,7.19,0.2,False,0.1842105263157894,78,0,api_football_fixtures_2024,,3,0,7.127700000000001,84.84,18.42,7.5,12.61,44.76,78,47.09,313,117,4.12,3,4,5,5,100.0,112
136087,Fabiano Parisi,Fiorentina,D,25,26,11,1140,2,0,1,0,0,0,6.857,7.03,0.2,False,0.2894736842105263,68,0,api_football_fixtures_2024,,3,0,6.96945,90.72,28.95,6.4,25.3,49.58,68,53.75,234,114,3.01,2,3,4,4,100.0,92
107153,Kike Pérez,Venezia,C,28,16,13,1121,1,0,0,0,0,0,6.984,7.05,0.2,False,0.3421052631578947,58,0,api_football_fixtures_2024,,4,0,7.0269,83.64,34.21,3.0,5.04,59.06,58,49.31,289,108,4.58,4,5,6,6,100.0,83
138777,Faustino Anjorin,Empoli,C,24,22,14,1117,2,3,0,0,0,0,6.953,7.29,0.2,False,0.3684210526315789,78,0,api_football_fixtures_2024,,3,0,7.1720500000000005,85.37,36.84,10.5,17.65,54.61,78,54.34,223,75,5.79,5,6,7,8,100.0,65
314231,Amir Richardson,Fiorentina,C,23,27,10,1106,1,1,0,0,0,0,6.769,6.81,0.2,False,0.2631578947368421,78,0,api_football_fixtures_2024,,6,0,6.79565,80.89,26.32,4.5,7.56,47.81,78,47.33,309,115,4.17,3,4,5,5,100.0,112
659,Maxence Caqueret,Como,C,25,18,15,1097,2,3,0,0,0,0,6.985,7.37,0.2,False,0.3947368421052631,68,0,api_football_fixtures_2024,,4,0,7.235250000000001,86.12,39.47,10.5,17.65,59.27,68,54.92,214,71,5.95,5,6,7,8,100.0,65
136016,Hamza Rafia,Lecce,C,26,18,14,1064,0,0,0,0,0,0,6.939,6.83,0.2,False,0.3684210526315789,68,0,api_football_fixtures_2024,,4,0,6.86815,81.75,36.84,0.0,0.0,57.44,68,49.15,295,111,4.55,4,5,6,6,100.0,83
2292,Ruben Loftus-Cheek,AC Milan,C,29,19,10,1031,0,0,0,0,0,0,6.87,6.79,0.2,False,0.2631578947368421,48,0,api_football_fixtures_2024,,3,0,6.818,81.16,26.32,0.0,0.0,50.72,48,43.33,363,140,3.43,2,3,4,4,100.0,136
1358,Eljif Elmas,Torino,C,26,13,12,1025,4,0,0,0,0,0,6.869,7.79,0.2,False,0.3157894736842105,68,0,api_football_fixtures_2024,,0,0,7.46765,88.89,31.58,12.0,20.17,60.56,68,54.48,220,74,5.83,5,6,7,8,100.0,65
270507,Cesare Casadei,Torino,C,22,15,13,1023,1,1,0,0,0,0,6.996,7.23,0.2,False,0.3421052631578947,88,0,api_football_fixtures_2024,,1,0,7.1481,85.09,34.21,4.5,7.56,59.13,88,53.26,237,82,5.51,5,6,7,8,100.0,65
322630,Giovanni Fabbian,Bologna,C,22,30,9,1023,3,1,0,0,0,0,6.699,7.0,0.2,False,0.2368421052631578,88,0,api_football_fixtures_2024,,2,0,6.8946499999999995,82.07,23.68,10.5,17.65,44.96,88,49.62,284,107,4.65,4,5,6,6,100.0,83
275776,Kristjan Asllani,Inter,C,23,22,10,1014,2,2,0,0,0,2,7.195,7.47,0.2,False,0.2631578947368421,78,2,api_football_fixtures_2024,,4,0,7.37375,87.77,26.32,16.0,26.89,48.71,78,53.39,236,81,5.55,5,6,7,8,100.0,65
1639,Marco Brescianini,Atalanta,C,25,29,9,1010,4,2,0,0,0,0,6.831,7.3,0.2,False,0.2368421052631578,68,0,api_football_fixtures_2024,,1,0,7.13585,84.94,23.68,15.0,25.21,45.05,68,50.0,278,102,4.73,4,5,6,6,100.0,83
325,Gianluca Gaetano,Cagliari,C,25,28,8,1003,2,4,0,0,0,0,6.72,7.08,0.2,False,0.2105263157894736,68,0,api_football_fixtures_2024,,0,0,6.954000000000001,82.77,21.05,12.0,20.17,44.34,68,47.58,308,114,4.22,3,4,5,5,100.0,112
44814,Lewis Ferguson,Bologna,C,26,16,10,985,1,1,0,0,0,1,7.069,7.32,0.2,False,0.2631578947368421,68,1,api_football_fixtures_2024,,0,0,7.23215,86.09,26.32,8.0,13.45,52.59,68,49.78,281,104,4.69,4,5,6,6,100.0,83
329,Piotr Zieliński,Inter,C,31,26,8,984,2,2,0,0,0,2,7.011,7.32,0.2,False,0.2105263157894736,38,2,api_football_fixtures_2024,,0,0,7.21185,85.84,21.05,16.0,26.89,44.64,38,46.89,315,119,4.08,3,4,5,5,100.0,112
203474,Nicola Zalewski,AS Roma,C,23,23,8,981,1,1,0,0,0,0,6.881,6.97,0.2,False,0.2105263157894736,78,0,api_football_fixtures_2024,,4,0,6.93885,82.59,21.05,4.5,7.56,45.6,78,46.19,325,122,3.94,3,4,5,5,100.0,112
31678,Jean-Daniel Akpa Akpro,Monza,C,33,14,12,970,0,0,0,0,0,0,6.585,6.44,0.2,False,0.3157894736842105,28,0,api_football_fixtures_2024,,4,0,6.49075,77.26,31.58,0.0,0.0,58.19,28,42.6,374,143,3.31,2,3,4,4,100.0,136
30532,Alfred Duncan,Venezia,C,32,16,12,959,0,0,0,0,0,0,6.851,6.79,0.2,False,0.3157894736842105,38,0,api_football_fixtures_2024,,2,0,6.81135,81.08,31.58,0.0,0.0,55.37,38,44.32,346,133,3.6,3,4,5,5,100.0,112
144740,Fisayo Dele-Bashiru,Lazio,C,24,20,12,953,3,1,0,0,0,0,6.848,7.35,0.2,False,0.3157894736842105,78,0,api_football_fixtures_2024,,0,0,7.1743,85.4,31.58,10.5,17.65,51.54,78,52.57,243,86,5.34,4,5,6,6,100.0,83
31507,Riccardo Sottil,Fiorentina,C,26,24,9,952,1,1,0,0,0,0,6.918,7.06,0.2,False,0.2368421052631578,68,0,api_football_fixtures_2024,,1,0,7.010299999999999,83.45,23.68,4.5,7.56,45.9,68,46.15,326,123,3.94,3,4,5,5,100.0,112
1696,Samuel Chukwueze,AC Milan,C,26,26,9,947,3,2,0,0,0,0,7.047,7.47,0.2,False,0.2368421052631578,68,0,api_football_fixtures_2024,,0,0,7.321949999999999,87.15,23.68,12.0,20.17,45.11,68,49.67,283,106,4.66,4,5,6,6,100.0,83
331046,Issa Doumbia,Venezia,C,22,24,10,943,0,0,0,0,0,0,6.613,6.61,0.2,False,0.2631578947368421,88,0,api_football_fixtures_2024,,0,0,6.6110500000000005,78.69,26.32,0.0,0.0,46.82,88,46.01,327,124,3.91,3,4,5,5,100.0,112
31734,Mattia Felici,Cagliari,C,24,20,9,923,0,3,0,0,0,0,6.665,6.79,0.2,False,0.2368421052631578,78,0,api_football_fixtures_2024,,1,0,6.74625,80.3,23.68,4.5,7.56,47.39,78,46.43,323,121,3.99,3,4,5,5,100.0,112
46170,Ivan Ilić,Torino,C,24,19,9,921,1,0,0,0,0,0,6.937,6.99,0.2,False,0.2368421052631578,78,0,api_football_fixtures_2024,,4,0,6.97145,82.98,23.68,3.0,5.04,47.96,78,46.82,317,120,4.07,3,4,5,5,100.0,112
182560,Oier Zarraga,Udinese,C,26,22,9,896,1,0,0,0,0,0,6.723,6.86,0.2,False,0.2368421052631578,68,0,api_football_fixtures_2024,,0,0,6.81205,81.09,23.68,3.0,5.04,46.02,68,44.96,339,130,3.72,3,4,5,5,100.0,112
211,Matías Vecino,Lazio,C,34,20,7,875,2,3,0,0,0,0,6.904,7.18,0.2,False,0.1842105263157894,28,0,api_football_fixtures_2024,,7,0,7.083399999999999,84.32,18.42,10.5,17.65,44.26,28,42.87,367,141,3.35,2,3,4,4,100.0,136
867,Grīgorīs Kastanos,Verona,C,27,27,8,866,1,1,0,0,0,0,6.791,6.87,0.2,False,0.2105263157894736,58,0,api_football_fixtures_2024,,4,0,6.842350000000001,81.45,21.05,4.5,7.56,42.8,58,43.43,361,138,3.45,2,3,4,4,100.0,136
22229,Jonathan Ikoné,Como,C,27,27,6,864,2,0,0,0,0,0,6.731,6.93,0.2,False,0.1578947368421052,58,0,api_football_fixtures_2024,,1,0,6.86035,81.66,15.79,6.0,10.08,40.92,58,42.4,378,146,3.28,2,3,4,4,100.0,136
286475,Edoardo Bove,Fiorentina,C,23,12,11,856,1,2,0,0,0,0,7.125,7.42,0.2,False,0.2894736842105263,78,0,api_football_fixtures_2024,,3,0,7.316750000000001,87.09,28.95,6.0,10.08,58.18,78,51.91,250,90,5.18,4,5,6,6,100.0,83
30436,Matteo Pessina,Monza,C,28,11,10,856,0,0,0,0,0,0,6.774,6.68,0.2,False,0.2631578947368421,58,0,api_football_fixtures_2024,,2,0,6.712899999999999,79.91,26.32,0.0,0.0,57.99,58,45.05,336,127,3.73,3,4,5,5,100.0,112
56396,Junior Messias,Genoa,C,34,17,8,851,1,1,0,0,0,0,6.797,7.0,0.2,False,0.2105263157894736,28,1,api_football_fixtures_2024,,1,0,6.9289499999999995,82.48,21.05,6.5,10.92,46.96,28,42.04,383,149,3.22,2,3,4,4,100.0,136
288769,Tommaso Baldanzi,AS Roma,C,22,31,5,848,1,1,0,0,0,0,6.659,6.76,0.2,False,0.131578947368421,88,0,api_football_fixtures_2024,,2,0,6.7246500000000005,80.04,13.16,4.5,7.56,39.19,88,43.49,360,137,3.46,2,3,4,4,100.0,136
866,Juan Cuadrado,Atalanta,D,37,23,7,825,0,2,0,0,0,0,7.06,7.08,0.2,False,0.1842105263157894,18,0,api_football_fixtures_2024,,3,0,7.073,92.06,18.42,3.0,11.86,42.46,18,42.77,369,165,2.01,1,2,3,3,100.0,139
48079,Jesper Karlsson,Lecce,C,27,20,9,800,2,0,0,0,0,1,6.615,6.84,0.2,False,0.2368421052631578,58,1,api_football_fixtures_2024,,3,0,6.7612499999999995,80.48,23.68,9.5,15.97,45.78,58,45.92,328,125,3.89,3,4,5,5,100.0,112
583,João Félix,AC Milan,A,26,15,8,767,2,0,0,0,0,0,7.071,7.37,0.2,False,0.2105263157894736,68,0,api_football_fixtures_2024,,3,0,7.26535,39.41,21.05,6.0,6.06,47.43,68,32.21,508,59,7.83,7,8,9,10,100.0,56
31615,Gaetano Castrovilli,Monza,C,28,21,8,759,0,0,0,0,0,0,6.617,6.62,0.2,False,0.2105263157894736,58,0,api_football_fixtures_2024,,0,0,6.61895,78.79,21.05,0.0,0.0,43.51,58,41.23,394,151,3.09,2,3,4,4,100.0,136
22239,Cheikh Niasse,Verona,C,25,11,8,757,0,0,0,0,0,0,6.77,6.59,0.2,False,0.2105263157894736,68,0,api_football_fixtures_2024,,4,0,6.653,79.19,21.05,0.0,0.0,52.14,68,43.64,358,136,3.48,2,3,4,4,100.0,136
182280,Kacper Urbański,Monza,C,21,15,7,755,1,0,0,0,0,0,6.801,6.9,0.2,False,0.1842105263157894,88,0,api_football_fixtures_2024,,3,0,6.86535,81.72,18.42,3.0,5.04,45.6,88,45.77,331,126,3.86,3,4,5,5,100.0,112
31390,Pasquale Mazzocchi,Napoli,D,30,20,7,735,0,0,1,0,0,0,6.667,6.62,0.2,False,0.1842105263157894,48,0,api_football_fixtures_2024,,2,0,6.63645,86.38,18.42,0.4,1.58,42.42,48,42.0,384,170,1.96,1,2,3,3,100.0,139
951,Michel Aebischer,Bologna,C,28,14,9,728,0,0,0,0,0,0,6.931,6.86,0.2,False,0.2368421052631578,58,0,api_football_fixtures_2024,,2,0,6.88485,81.95,23.68,0.0,0.0,49.65,58,43.75,355,135,3.5,3,4,5,5,100.0,112
335071,Medon Berisha,Lecce,C,22,17,7,722,0,1,0,0,0,0,6.919,6.83,0.2,False,0.1842105263157894,88,0,api_football_fixtures_2024,,5,0,6.861149999999999,81.67,18.42,1.5,2.52,43.79,88,44.98,338,129,3.72,3,4,5,5,100.0,112
284570,Brooke Norton-Cuffy,Genoa,D,21,14,8,721,0,0,0,0,0,0,6.531,6.53,0.2,False,0.2105263157894736,88,0,api_football_fixtures_2024,,0,0,6.53035,85.0,21.05,0.0,0.0,47.77,88,46.73,320,143,2.32,1,2,3,3,100.0,139
346866,Samuel Mbangula,Juventus,A,21,23,7,710,3,3,0,0,0,0,7.144,7.64,0.2,False,0.1842105263157894,88,0,api_football_fixtures_2024,,1,0,7.4664,46.79,18.42,13.5,13.64,40.95,88,36.31,463,50,10.78,9,11,13,14,100.0,47
137,Sergi Roberto,Como,D,33,13,8,696,0,1,0,0,0,0,6.748,6.67,0.2,False,0.2105263157894736,28,0,api_football_fixtures_2024,,4,0,6.6973,87.17,21.05,1.5,5.93,48.54,28,42.68,371,166,2.0,1,2,3,3,100.0,139
15905,Magnus Kofod Andersen,Venezia,C,26,14,7,692,1,1,0,0,0,0,6.895,7.14,0.2,False,0.1842105263157894,68,0,api_football_fixtures_2024,,1,0,7.05425,83.97,18.42,4.5,7.56,45.61,68,44.95,340,131,3.71,3,4,5,5,100.0,112
56851,Michael Folorunsho,Fiorentina,C,27,20,6,685,0,0,0,0,0,0,6.991,6.87,0.2,False,0.1578947368421052,58,0,api_football_fixtures_2024,,5,0,6.91235,82.28,15.79,0.0,0.0,40.51,58,40.51,401,153,2.99,2,3,4,4,100.0,136
6409,Nahuel Estévez,Parma,C,30,14,7,664,0,0,0,0,0,0,6.757,6.69,0.2,False,0.1842105263157894,48,0,api_football_fixtures_2024,,2,0,6.71345,79.91,18.42,0.0,0.0,45.24,48,40.16,406,155,2.94,2,3,4,4,100.0,136
22174,Adrien Tameze,Torino,C,31,20,9,659,0,0,0,0,0,0,6.627,6.55,0.2,False,0.2368421052631578,38,0,api_football_fixtures_2024,,3,0,6.57695,78.29,23.68,0.0,0.0,43.92,38,39.8,410,157,2.88,2,3,4,4,100.0,136
142442,Rui Modesto,Udinese,C,26,20,4,612,0,1,0,0,0,0,6.869,6.89,0.2,False,0.1052631578947368,68,0,api_football_fixtures_2024,,1,0,6.88265,81.93,10.53,1.5,2.52,37.05,68,40.07,408,156,2.92,2,3,4,4,100.0,136
118956,Lameck Banda,Lecce,A,24,15,6,609,0,1,0,0,0,0,6.757,6.79,0.2,False,0.1578947368421052,78,0,api_football_fixtures_2024,,1,0,6.778449999999999,21.54,15.79,1.5,1.52,42.01,78,24.81,536,78,4.12,3,4,5,5,100.0,75
1090,Antoine Bernede,Verona,C,26,14,7,598,1,0,0,0,0,0,6.724,6.87,0.2,False,0.1842105263157894,68,0,api_football_fixtures_2024,,2,0,6.8189,81.17,18.42,3.0,5.04,44.37,68,43.42,362,139,3.45,2,3,4,4,100.0,136
309388,Matteo Prati,Cagliari,C,22,12,8,579,0,0,0,0,0,0,6.496,6.45,0.2,False,0.2105263157894736,88,0,api_football_fixtures_2024,,1,0,6.4661,76.97,21.05,0.0,0.0,48.29,88,44.4,344,132,3.61,3,4,5,5,100.0,112
47522,Douglas Luiz,Juventus,C,27,19,3,522,0,0,0,0,0,0,7.044,6.99,0.2,False,0.0789473684210526,58,0,api_football_fixtures_2024,,2,0,7.0089,83.43,7.89,0.0,0.0,34.82,58,38.02,431,169,2.64,2,3,4,4,100.0,136
37437,Abdou Harroui,Verona,C,27,10,5,462,1,2,0,0,0,0,6.722,7.17,0.2,False,0.131578947368421,58,0,api_football_fixtures_2024,,1,0,7.013199999999999,83.48,13.16,6.0,10.08,42.58,58,42.54,376,144,3.3,2,3,4,4,100.0,136
197779,Mohamed Kaba,Lecce,C,24,15,2,452,0,0,0,0,0,0,6.658,6.62,0.2,False,0.0526315789473684,78,0,api_football_fixtures_2024,,1,0,6.6333,78.96,5.26,0.0,0.0,33.28,78,37.8,436,173,2.61,2,3,4,4,100.0,136
91424,Drissa Camara,Parma,C,23,21,1,444,0,0,0,0,0,0,6.762,6.69,0.2,False,0.0263157894736842,78,0,api_football_fixtures_2024,,3,0,6.7152,79.93,2.63,0.0,0.0,31.03,78,37.09,448,177,2.52,2,3,4,4,100.0,136
191979,Jacob Ondrejka,Parma,C,23,12,3,428,5,0,0,0,0,0,7.586,8.84,0.2,False,0.0789473684210526,78,0,api_football_fixtures_2024,,0,0,8.4011,100.0,7.89,15.0,25.21,35.88,78,50.2,277,101,4.78,4,5,6,6,100.0,83
56207,Paulo Azzi,Cagliari,D,31,6,5,427,0,0,0,0,0,0,7.011,6.84,0.2,False,0.131578947368421,38,0,api_football_fixtures_2024,,2,0,6.89985,89.81,13.16,0.0,0.0,50.45,38,41.6,391,176,1.93,1,2,3,3,100.0,139
42007,Daniel Silva,Verona,C,25,11,4,425,0,0,0,0,0,0,6.614,6.57,0.2,False,0.1052631578947368,68,0,api_football_fixtures_2024,,1,0,6.5854,78.39,10.53,0.0,0.0,38.68,68,38.75,425,166,2.74,2,3,4,4,100.0,136
311083,Cher Ndour,Fiorentina,C,21,9,4,407,0,0,0,0,0,0,6.811,6.76,0.2,False,0.1052631578947368,88,0,api_football_fixtures_2024,,1,0,6.77785,80.68,10.53,0.0,0.0,40.47,88,41.7,388,150,3.17,2,3,4,4,100.0,136
382945,Kevin Zeroli,Monza,C,20,9,4,405,0,1,0,0,0,0,6.6,6.71,0.2,False,0.1052631578947368,95,0,api_football_fixtures_2024,,0,0,6.6715,79.41,10.53,1.5,2.52,40.44,95,42.53,377,145,3.3,2,3,4,4,100.0,136
1938,Ruslan Malinovskyi,Genoa,C,32,9,4,383,0,2,0,0,0,0,7.127,7.24,0.2,False,0.1052631578947368,38,0,api_football_fixtures_2024,,2,0,7.20045,85.71,10.53,3.0,5.04,40.15,38,39.18,419,162,2.8,2,3,4,4,100.0,136
30780,Luca Mazzitelli,Como,C,30,11,3,358,1,1,0,0,0,0,6.999,7.32,0.2,False,0.0789473684210526,48,0,api_football_fixtures_2024,,1,0,7.207649999999999,85.79,7.89,4.5,7.56,35.53,48,39.35,416,160,2.82,2,3,4,4,100.0,136
20638,Enzo Le Fée,AS Roma,C,25,6,4,319,0,0,0,0,0,0,6.836,6.75,0.2,False,0.1052631578947368,68,0,api_football_fixtures_2024,,1,0,6.7801,80.7,10.53,0.0,0.0,44.86,68,40.37,404,154,2.97,2,3,4,4,100.0,136
22016,Rémi Oudin,Lecce,C,29,11,3,308,0,0,0,0,0,0,6.687,6.64,0.2,False,0.0789473684210526,48,0,api_football_fixtures_2024,,1,0,6.6564499999999995,79.23,7.89,0.0,0.0,34.87,48,35.77,469,185,2.37,1,2,3,3,100.0,181
3173,Ismaël Bennacer,AC Milan,C,28,6,4,302,0,0,0,0,0,0,6.988,6.82,0.2,False,0.1052631578947368,58,0,api_football_fixtures_2024,,2,0,6.878800000000001,81.88,10.53,0.0,0.0,44.64,58,39.69,411,158,2.87,2,3,4,4,100.0,136
41748,Jean Onana,Genoa,C,26,9,2,298,0,0,0,0,0,0,6.451,6.4,0.2,False,0.0526315789473684,68,0,api_football_fixtures_2024,,1,0,6.41785,76.39,5.26,0.0,0.0,33.48,68,36.06,465,183,2.4,1,2,3,3,100.0,181
31555,Nicolas Haas,Empoli,C,29,10,2,291,0,0,0,0,0,0,6.763,6.71,0.2,False,0.0526315789473684,48,0,api_football_fixtures_2024,,1,0,6.72855,80.09,5.26,0.0,0.0,32.83,48,35.07,484,194,2.29,1,2,3,3,100.0,181
353609,Ibrahim Sulemana,Atalanta,C,22,9,3,282,2,0,0,0,0,0,6.894,7.5,0.2,False,0.0789473684210526,88,0,api_football_fixtures_2024,,1,0,7.2879000000000005,86.75,7.89,6.0,10.08,36.04,88,44.22,351,134,3.58,3,4,5,5,100.0,112
128353,Matthias Braunöder,Como,C,23,8,3,279,0,0,0,0,0,0,6.243,5.93,0.2,False,0.0789473684210526,78,0,api_football_fixtures_2024,,3,1,6.03955,71.89,7.89,0.0,0.0,37.05,78,36.9,453,180,2.5,2,3,4,4,100.0,136
30535,Stefano Sensi,Monza,C,30,12,2,272,1,0,0,0,0,1,6.865,7.12,0.2,False,0.0526315789473684,48,1,api_football_fixtures_2024,,0,0,7.030749999999999,83.69,5.26,6.5,10.92,31.75,48,38.17,430,168,2.66,2,3,4,4,100.0,136
453906,Honest Ahanor,Genoa,D,17,6,3,270,0,0,0,0,0,0,6.867,6.87,0.2,False,0.0789473684210526,95,0,api_football_fixtures_2024,,0,0,6.86895,89.41,7.89,0.0,0.0,40.05,95,44.3,348,154,2.12,1,2,3,3,100.0,139
30922,Davide Faraoni,Verona,D,34,8,3,263,0,0,0,0,0,0,6.835,6.84,0.2,False,0.0789473684210526,28,0,api_football_fixtures_2024,,0,0,6.8382499999999995,89.01,7.89,0.0,0.0,36.84,28,37.0,451,197,1.65,1,2,3,3,100.0,139
381354,Lior Kasa,Genoa,C,20,8,2,235,0,0,0,0,0,0,6.698,6.57,0.2,False,0.0526315789473684,95,0,api_football_fixtures_2024,,2,0,6.614800000000001,78.74,5.26,0.0,0.0,33.34,95,39.44,414,159,2.83,2,3,4,4,100.0,136
286473,Franco Carboni,Venezia,D,22,8,3,228,0,0,0,0,0,0,6.646,6.52,0.2,False,0.0789473684210526,88,0,api_football_fixtures_2024,,2,0,6.5641,85.44,7.89,0.0,0.0,36.38,88,41.86,386,172,1.95,1,2,3,3,100.0,139
179843,Lucas Gourna-Douath,AS Roma,C,22,6,2,226,0,0,0,0,0,0,6.698,6.53,0.2,False,0.0526315789473684,88,0,api_football_fixtures_2024,,2,0,6.588800000000001,78.43,5.26,0.0,0.0,35.31,88,38.94,424,165,2.76,2,3,4,4,100.0,136
383018,Marco Palestra,Atalanta,D,20,9,2,218,0,0,0,0,0,0,6.882,6.88,0.2,False,0.0526315789473684,95,0,api_football_fixtures_2024,,0,0,6.8807,89.56,5.26,0.0,0.0,32.42,95,42.55,375,167,1.99,1,2,3,3,100.0,139
44594,Saud Abdulhamid,AS Roma,D,26,4,2,205,0,1,0,0,0,0,6.795,7.04,0.2,False,0.0526315789473684,68,0,api_football_fixtures_2024,,0,0,6.95425,90.52,5.26,1.5,5.93,39.2,68,42.34,379,168,1.98,1,2,3,3,100.0,139
2734,Philip Billing,Napoli,C,29,10,1,201,1,0,0,0,0,0,6.802,7.05,0.2,False,0.0263157894736842,48,0,api_football_fixtures_2024,,1,0,6.9632000000000005,82.88,2.63,3.0,5.04,29.14,48,35.7,471,187,2.36,1,2,3,3,100.0,181
74,Sofyan Amrabat,Fiorentina,C,29,2,2,180,0,0,0,0,0,0,6.95,6.95,0.2,False,0.0526315789473684,48,0,api_football_fixtures_2024,,0,0,6.95,82.73,5.26,0.0,0.0,51.37,48,38.64,426,167,2.72,2,3,4,4,100.0,136
203,Roberto Gagliardini,Monza,C,31,8,0,176,0,0,0,0,0,0,6.55,6.49,0.2,False,0.0,38,0,api_football_fixtures_2024,,1,0,6.511000000000001,77.5,0.0,0.0,0.0,26.32,38,31.0,514,204,1.89,1,2,3,3,100.0,181
28700,Bjarki Steinn Bjarkason,Venezia,C,25,9,1,171,0,0,0,0,0,0,6.639,6.53,0.2,False,0.0263157894736842,68,0,api_football_fixtures_2024,,2,0,6.56815,78.18,2.63,0.0,0.0,29.03,68,35.27,479,190,2.31,1,2,3,3,100.0,181
199309,Cheick Oumar Conde,Venezia,C,25,9,1,166,0,0,0,0,0,0,6.625,6.51,0.2,False,0.0263157894736842,68,0,api_football_fixtures_2024,,2,0,6.550249999999999,77.97,2.63,0.0,0.0,28.96,68,35.19,482,193,2.3,1,2,3,3,100.0,181
39286,Emil Bohinen,Genoa,C,26,3,1,165,0,0,0,0,0,0,6.436,6.44,0.2,False,0.0263157894736842,68,0,api_football_fixtures_2024,,0,0,6.438600000000001,76.64,2.63,0.0,0.0,34.5,68,35.63,472,188,2.35,1,2,3,3,100.0,181
162451,Anass Salah-Eddine,AS Roma,D,24,3,2,153,0,1,0,0,0,0,6.589,6.92,0.2,False,0.0526315789473684,78,0,api_football_fixtures_2024,,0,0,6.80415,88.56,5.26,1.5,5.93,42.68,78,43.27,364,161,2.05,1,2,3,3,100.0,139
452430,Sergiu Perciun,Torino,C,19,5,0,148,0,0,0,0,0,0,6.653,6.65,0.2,False,0.0,95,0,api_football_fixtures_2024,,0,0,6.651050000000001,79.17,0.0,0.0,0.0,25.95,95,37.14,446,176,2.53,2,3,4,4,100.0,136
375321,Richie Sagrado,Venezia,D,21,3,3,143,0,0,0,0,0,0,6.626,6.46,0.2,False,0.0789473684210526,88,0,api_football_fixtures_2024,,1,0,6.5181000000000004,84.84,7.89,0.0,0.0,50.88,88,43.86,354,158,2.09,1,2,3,3,100.0,139
48406,Domen Črnigoj,Venezia,C,30,8,1,142,0,0,0,0,0,0,6.564,6.56,0.2,False,0.0263157894736842,48,0,api_football_fixtures_2024,,0,0,6.5614,78.1,2.63,0.0,0.0,28.99,48,33.24,500,198,2.1,1,2,3,3,100.0,181
334,Simone Verdi,Como,C,33,9,0,125,0,0,0,0,0,0,6.654,6.6,0.2,False,0.0,28,0,api_football_fixtures_2024,,1,0,6.6189,78.79,0.0,0.0,0.0,25.64,28,30.28,516,206,1.83,1,2,3,3,100.0,181
367577,Simone Pafundi,Udinese,C,19,9,0,113,0,0,0,0,0,0,6.643,6.64,0.2,False,0.0,95,0,api_football_fixtures_2024,,0,0,6.64105,79.05,0.0,0.0,0.0,25.49,95,37.04,450,178,2.52,2,3,4,4,100.0,136
3014,Szymon Żurkowski,Empoli,C,28,5,0,105,0,0,0,0,0,0,6.55,6.55,0.2,False,0.0,58,0,api_football_fixtures_2024,,0,0,6.550000000000001,77.97,0.0,0.0,0.0,25.38,58,33.0,502,199,2.07,1,2,3,3,100.0,181
51016,Tajon Buchanan,Inter,C,26,6,0,94,0,0,0,0,0,0,6.578,6.58,0.2,False,0.0,68,0,api_football_fixtures_2024,,0,0,6.5793,78.31,0.0,0.0,0.0,25.24,68,34.08,490,196,2.18,1,2,3,3,100.0,181
31493,Filippo Melegoni,Genoa,C,26,3,1,87,0,1,0,0,0,0,6.379,6.71,0.2,False,0.0263157894736842,68,0,api_football_fixtures_2024,,0,0,6.59415,78.49,2.63,1.5,2.52,33.48,68,36.53,460,182,2.46,1,2,3,3,100.0,181
690,Viktor Kovalenko,Empoli,C,29,6,0,78,0,0,0,0,0,0,6.662,6.66,0.2,False,0.0,48,0,api_football_fixtures_2024,,0,0,6.6607,79.28,0.0,0.0,0.0,25.03,48,32.34,506,202,2.01,1,2,3,3,100.0,181
410396,Mattia Liberali,AC Milan,C,18,1,1,62,0,0,0,0,0,0,6.9,6.9,0.2,False,0.0263157894736842,95,0,api_football_fixtures_2024,,0,0,6.9,82.13,2.63,0.0,0.0,49.82,95,42.27,380,147,3.26,2,3,4,4,100.0,136
368138,Mateusz Kowalski,Parma,A,20,1,1,57,0,0,0,0,0,0,6.3,6.3,0.2,False,0.0263157894736842,95,0,api_football_fixtures_2024,,0,0,6.299999999999999,3.99,2.63,0.0,0.0,49.75,95,18.82,553,92,2.36,1,2,3,3,100.0,90
30513,Ben Lhassine Kone,Como,C,25,4,0,53,0,0,0,0,0,0,6.636,6.51,0.2,False,0.0,68,0,api_football_fixtures_2024,,1,0,6.5541,78.01,0.0,0.0,0.0,24.7,68,33.91,492,197,2.16,1,2,3,3,100.0,181
339872,Vasilije Adžić,Juventus,C,19,6,0,50,0,0,0,0,0,0,6.65,6.65,0.2,False,0.0,95,0,api_football_fixtures_2024,,0,0,6.65,79.16,0.0,0.0,0.0,24.66,95,36.95,452,179,2.51,2,3,4,4,100.0,136
30875,Mattia Valoti,Monza,C,32,5,0,48,0,0,0,0,0,0,6.457,6.36,0.2,False,0.0,38,0,api_football_fixtures_2024,,1,0,6.39395,76.11,0.0,0.0,0.0,24.63,38,30.33,515,205,1.83,1,2,3,3,100.0,181
471649,Saad El Haddad,Venezia,C,20,3,0,33,0,0,0,0,0,0,6.373,6.37,0.2,False,0.0,95,0,api_football_fixtures_2024,,0,0,6.37105,75.84,0.0,0.0,0.0,24.43,95,35.92,467,184,2.38,1,2,3,3,100.0,181
237,Gastón Pereiro,Genoa,C,30,2,0,29,0,0,0,0,0,0,6.7,6.7,0.2,False,0.0,48,0,api_football_fixtures_2024,,0,0,6.7,79.75,0.0,0.0,0.0,24.38,48,32.38,505,201,2.01,1,2,3,3,100.0,181
22169,Wylan Cyprien,Parma,C,30,2,0,26,0,0,0,0,0,0,6.546,6.55,0.2,False,0.0,48,0,api_football_fixtures_2024,,0,0,6.5486,77.95,0.0,0.0,0.0,24.34,48,31.84,510,203,1.96,1,2,3,3,100.0,181
30506,Daniele Baselli,Como,C,33,2,1,23,0,0,0,0,0,0,6.6,6.6,0.2,False,0.0263157894736842,28,0,api_football_fixtures_2024,,0,0,6.6,78.56,2.63,0.0,0.0,36.8,28,32.55,504,200,2.03,1,2,3,3,100.0,181
443501,Federico Cassa,Atalanta,C,19,2,0,23,0,0,0,0,0,0,6.909,6.91,0.2,False,0.0,95,0,api_football_fixtures_2024,,0,0,6.90965,82.25,0.0,0.0,0.0,24.3,95,37.82,435,172,2.62,2,3,4,4,100.0,136
319919,Oussama El Azzouzi,Bologna,C,24,2,0,21,0,0,0,0,0,0,6.805,6.8,0.2,False,0.0,78,0,api_football_fixtures_2024,,0,0,6.80175,80.96,0.0,0.0,0.0,24.28,78,35.73,470,186,2.36,1,2,3,3,100.0,181
419423,Alberto Manzoni,Atalanta,C,20,1,0,14,0,0,0,0,0,0,6.6,6.6,0.2,False,0.0,95,0,api_football_fixtures_2024,,0,0,6.6,78.56,0.0,0.0,0.0,24.18,95,36.7,457,181,2.48,1,2,3,3,100.0,181
40563,Filip Marchwiński,Lecce,C,23,1,0,14,0,0,0,0,0,0,6.7,6.7,0.2,False,0.0,78,0,api_football_fixtures_2024,,0,0,6.7,79.75,0.0,0.0,0.0,24.18,78,35.35,477,189,2.32,1,2,3,3,100.0,181
327897,Arijon Ibrahimović,Lazio,C,20,1,0,11,0,0,0,0,0,0,6.2,6.2,0.2,False,0.0,95,0,api_football_fixtures_2024,,0,0,6.2,73.8,0.0,0.0,0.0,24.14,95,35.26,480,191,2.31,1,2,3,3,100.0,181
172,Dele Alli,Como,C,29,1,0,10,0,0,0,0,0,0,5.6,4.6,0.2,False,0.0,48,0,api_football_fixtures_2024,,0,1,4.949999999999999,58.92,0.0,0.0,0.0,24.13,48,26.1,529,207,1.53,1,2,3,3,100.0,181
409411,Ali Jasim Elaibi,Como,A,21,2,0,9,0,0,0,0,0,0,6.5,6.5,0.2,False,0.0,88,0,api_football_fixtures_2024,,0,0,6.5,11.32,0.0,0.0,0.0,24.12,88,15.82,565,102,1.81,1,2,3,3,100.0,90
30551,Nunzio Lella,Venezia,C,25,1,0,8,0,0,0,0,0,0,6.7,6.7,0.2,False,0.0,68,0,api_football_fixtures_2024,,0,0,6.7,79.75,0.0,0.0,0.0,24.11,68,34.34,488,195,2.21,1,2,3,3,100.0,181
15719,Oliver Abildgaard,Como,C,29,1,0,7,0,0,0,0,0,0,0.0,0.0,0.2,False,0.0,48,0,api_football_fixtures_2024,,0,0,0.0,0.0,0.0,0.0,0.0,24.09,48,8.41,581,208,1.02,1,1,2,2,100.0,208
1807,Evan Ndicka,AS Roma,D,26,38,38,3429,0,1,16,0,0,0,7.087,7.09,0.2,False,1.0,68,0,api_football_fixtures_2024,,2,0,7.0889500000000005,92.27,100.0,7.9,31.23,94.0,68,79.83,19,11,7.57,7,8,9,10,100.0,7
127035,Federico Baschirotto,Lecce,D,29,38,38,3420,2,0,9,0,0,0,6.932,7.05,0.2,False,1.0,48,0,api_football_fixtures_2024,,3,0,7.008700000000001,91.23,100.0,9.6,37.94,94.0,48,78.86,25,15,7.33,6,7,8,9,100.0,14
1314,Amir Rrahmani,Napoli,D,31,38,38,3407,1,3,19,0,0,0,7.295,7.43,0.2,False,1.0,38,0,api_football_fixtures_2024,,2,0,7.38275,96.1,100.0,15.100000000000001,59.68,93.83,38,83.64,8,5,8.56,8,9,10,11,100.0,1
31042,Giovanni Di Lorenzo,Napoli,D,32,37,37,3330,3,2,18,0,0,0,7.205,7.42,0.2,False,0.9736842105263158,38,0,api_football_fixtures_2024,,6,0,7.34475,95.6,97.37,19.2,75.89,92.82,38,85.92,3,1,9.19,8,9,10,11,100.0,1
319,Sebastiano Luperto,Cagliari,D,29,36,36,3249,1,3,7,0,0,0,6.845,6.96,0.2,False,0.9473684210526316,48,0,api_football_fixtures_2024,,4,0,6.91975,90.07,94.74,10.3,40.71,91.75,48,77.41,31,20,6.99,6,7,8,9,100.0,14
30425,Gianluca Mancini,AS Roma,D,29,37,36,3153,2,0,14,0,0,0,7.012,7.07,0.2,False,0.9473684210526316,48,0,api_football_fixtures_2024,,8,0,7.0497,91.76,94.74,11.600000000000001,45.85,89.81,48,78.65,26,16,7.28,6,7,8,9,100.0,14
37651,Jay Idzes,Venezia,D,25,35,35,3128,1,0,6,0,0,0,6.809,6.82,0.2,False,0.9210526315789472,68,0,api_football_fixtures_2024,,5,0,6.81615,88.72,92.11,5.4,21.34,90.16,68,74.23,41,26,6.28,5,6,7,8,100.0,26
41144,Dodô,Fiorentina,D,27,35,35,3119,0,5,7,0,0,0,7.006,7.04,0.2,False,0.9210526315789472,58,0,api_football_fixtures_2024,,8,0,7.0281,91.48,92.11,10.3,40.71,90.04,58,77.92,29,18,7.11,6,7,8,9,100.0,14
25914,Aarón Martín,Genoa,D,28,36,35,3088,0,8,7,0,0,0,7.072,7.22,0.2,False,0.9210526315789472,58,0,api_football_fixtures_2024,,5,0,7.1682,93.3,92.11,14.8,58.5,88.94,58,81.86,13,8,8.08,7,8,9,10,100.0,7
31642,Luca Ranieri,Fiorentina,D,26,36,35,3077,1,3,12,0,0,0,6.991,7.06,0.2,False,0.9210526315789472,68,0,api_football_fixtures_2024,,7,0,7.035849999999999,91.58,92.11,12.3,48.62,88.79,68,80.34,18,10,7.7,7,8,9,10,100.0,7
200,Gabriele Zappa,Cagliari,D,26,37,35,3062,2,0,5,0,0,0,6.821,6.93,0.2,False,0.9210526315789472,68,0,api_football_fixtures_2024,,4,0,6.89185,89.71,92.11,8.0,31.62,87.94,68,76.25,36,23,6.72,6,7,8,9,100.0,14
35544,Johan Vásquez,Genoa,D,27,36,34,3041,3,0,10,0,0,0,7.146,7.27,0.2,False,0.8947368421052632,58,0,api_football_fixtures_2024,,9,0,7.2265999999999995,94.06,89.47,13.0,51.38,87.62,58,79.81,20,12,7.56,7,8,9,10,100.0,7
37604,Sam Beukema,Bologna,D,27,35,33,3016,0,1,11,0,0,0,7.008,7.02,0.2,False,0.868421052631579,58,0,api_football_fixtures_2024,,1,0,7.0158,91.32,86.84,5.9,23.32,87.26,58,72.66,50,30,5.95,5,6,7,8,100.0,26
833,Jaka Bijol,Udinese,D,26,34,34,2964,1,0,8,0,0,0,6.957,6.82,0.2,False,0.8947368421052632,68,0,api_football_fixtures_2024,,13,1,6.86795,89.39,89.47,6.2,24.51,88.0,68,74.09,42,27,6.25,5,6,7,8,100.0,26
30420,Enrico Del Prato,Parma,D,26,34,32,2946,4,0,4,0,0,0,7.01,7.25,0.2,False,0.8421052631578947,68,0,api_football_fixtures_2024,,8,0,7.166,93.27,84.21,13.6,53.75,86.29,68,79.53,22,14,7.5,6,7,8,9,100.0,14
342063,Diego Coppola,Verona,D,22,34,33,2926,2,0,8,0,0,0,6.932,6.96,0.2,False,0.868421052631579,88,0,api_football_fixtures_2024,,10,0,6.950200000000001,90.47,86.84,9.2,36.36,86.76,88,77.94,28,17,7.11,6,7,8,9,100.0,14
91358,Emanuele Valeri,Parma,D,27,35,34,2878,2,6,4,0,0,1,6.874,7.2,0.2,False,0.8947368421052632,58,1,api_football_fixtures_2024,,1,0,7.0859000000000005,92.23,89.47,18.1,71.54,86.15,58,83.07,11,7,8.4,7,8,9,10,100.0,7
122468,Saul Coco,Torino,D,26,32,32,2847,2,0,9,0,0,0,6.999,7.03,0.2,False,0.8421052631578947,68,0,api_football_fixtures_2024,,10,0,7.01915,91.36,84.21,9.6,37.94,86.46,68,75.82,37,24,6.63,6,7,8,9,100.0,14
162952,Mario Gila Fuentes,Lazio,D,25,32,31,2742,1,0,8,0,0,0,7.033,7.0,0.2,False,0.8157894736842105,68,0,api_football_fixtures_2024,,8,0,7.01155,91.26,81.58,6.2,24.51,84.3,68,72.12,54,32,5.84,5,6,7,8,100.0,26
46792,Pablo Marí,Monza,D,32,32,31,2727,0,0,6,0,0,0,7.063,6.94,0.2,False,0.8157894736842105,38,0,api_football_fixtures_2024,,6,1,6.98305,90.89,81.58,2.4000000000000004,9.49,84.1,38,65.97,114,63,4.71,4,5,6,6,100.0,42
47300,Theo Hernández,AC Milan,D,28,33,30,2696,4,3,7,0,0,0,7.251,7.61,0.2,False,0.7894736842105263,58,1,api_football_fixtures_2024,,4,1,7.484350000000001,97.42,78.95,20.8,82.21,82.2,58,83.53,9,6,8.53,8,9,10,11,100.0,1
1632,Alessio Romagnoli,Lazio,D,30,32,31,2674,2,0,5,0,0,0,7.043,7.11,0.2,False,0.8157894736842105,48,0,api_football_fixtures_2024,,4,2,7.08655,92.24,81.58,8.0,31.62,83.4,48,71.7,58,34,5.76,5,6,7,8,100.0,26
30421,Berat Djimsiti,Atalanta,D,32,34,32,2652,1,2,9,0,0,0,7.154,7.21,0.2,False,0.8421052631578947,38,0,api_football_fixtures_2024,,6,0,7.1904,93.59,84.21,9.6,37.94,82.42,38,72.88,48,29,6.0,5,6,7,8,100.0,26
26301,Marc-Oliver Kempf,Como,D,30,31,30,2617,0,0,6,0,0,0,7.058,6.93,0.2,False,0.7894736842105263,48,0,api_football_fixtures_2024,,6,1,6.9748,90.79,78.95,2.4000000000000004,9.49,82.63,48,66.06,112,62,4.72,4,5,6,6,100.0,42
31543,Antonino Gallo,Lecce,D,25,31,31,2615,0,2,9,0,0,0,6.961,6.94,0.2,False,0.8157894736842105,68,0,api_football_fixtures_2024,,3,1,6.94735,90.43,81.58,6.6,26.09,83.41,68,72.05,55,33,5.83,5,6,7,8,100.0,26
1929,Jhon Lucumí,Bologna,D,27,32,29,2613,0,1,10,0,0,0,6.951,6.83,0.2,False,0.7631578947368421,58,0,api_football_fixtures_2024,,8,1,6.872349999999999,89.45,76.32,5.5,21.74,81.04,58,68.22,88,50,5.1,4,5,6,6,100.0,42
2484,Yerry Mina,Cagliari,D,31,31,31,2585,1,0,5,0,0,0,7.124,7.09,0.2,False,0.8157894736842105,38,0,api_football_fixtures_2024,,6,1,7.1019000000000005,92.44,81.58,5.0,19.76,83.01,38,68.33,86,48,5.12,4,5,6,6,100.0,42
180510,Mattia Viti,Empoli,D,23,30,30,2576,1,0,6,0,0,0,6.851,6.9,0.2,False,0.7894736842105263,78,0,api_football_fixtures_2024,,3,0,6.88285,89.59,78.95,5.4,21.34,82.89,78,71.12,66,37,5.65,5,6,7,8,100.0,26
318053,Saba Goglichidze,Empoli,D,21,33,29,2546,0,1,4,0,0,0,6.695,6.65,0.2,False,0.7631578947368421,88,0,api_football_fixtures_2024,,3,1,6.665750000000001,86.76,76.32,3.1,12.25,79.47,88,68.28,87,49,5.11,4,5,6,6,100.0,42
31073,Edoardo Goldaniga,Como,D,32,32,28,2543,1,0,7,0,0,0,6.738,6.61,0.2,False,0.7368421052631579,38,0,api_football_fixtures_2024,,12,1,6.6548,86.62,73.68,5.800000000000001,22.92,79.34,38,64.69,122,69,4.5,3,4,5,5,100.0,69
30422,Robin Gosens,Fiorentina,D,31,32,29,2527,5,5,7,0,0,0,7.139,7.67,0.2,False,0.7631578947368421,38,0,api_football_fixtures_2024,,6,0,7.48415,97.41,76.32,25.3,100.0,79.91,38,84.09,6,3,8.68,8,9,10,11,100.0,1
14329,Ardian Ismajli,Empoli,D,29,29,29,2510,0,0,5,0,0,0,7.072,7.02,0.2,False,0.7631578947368421,48,0,api_football_fixtures_2024,,3,0,7.0382,91.61,76.32,2.0,7.91,82.03,48,65.25,117,66,4.59,4,5,6,6,100.0,42
21636,Frédéric Guilbert,Lecce,D,31,31,31,2451,0,1,9,0,0,0,6.901,6.82,0.2,False,0.8157894736842105,38,0,api_football_fixtures_2024,,3,2,6.84835,89.14,81.58,5.1,20.16,81.25,38,67.16,101,55,4.91,4,5,6,6,100.0,42
30501,Armando Izzo,Monza,D,33,30,28,2444,1,1,3,0,0,0,6.882,6.82,0.2,False,0.7368421052631579,28,0,api_football_fixtures_2024,,12,0,6.8417,89.05,73.68,5.7,22.53,79.49,28,64.37,124,70,4.44,3,4,5,5,100.0,69
31009,Alessandro Bastoni,Inter,D,26,33,31,2420,1,5,14,0,0,0,7.292,7.41,0.2,False,0.8157894736842105,68,0,api_football_fixtures_2024,,6,1,7.3687000000000005,95.91,81.58,16.1,63.64,79.33,68,80.59,17,9,7.76,7,8,9,10,100.0,7
47254,Mathías Olivera,Napoli,D,28,32,26,2371,0,2,14,0,0,0,7.132,7.13,0.2,False,0.6842105263157895,58,0,api_football_fixtures_2024,,4,0,7.130699999999999,92.81,68.42,8.600000000000001,33.99,75.51,58,68.87,83,46,5.22,4,5,6,6,100.0,42
1844,Adam Marušić,Lazio,D,33,35,26,2341,4,0,4,0,0,0,6.802,7.13,0.2,False,0.6842105263157895,28,0,api_football_fixtures_2024,,1,0,7.0152,91.31,68.42,13.6,53.75,73.37,28,69.06,80,45,5.25,4,5,6,6,100.0,42
2553,Guillermo Maripán,Torino,D,31,28,27,2341,1,1,6,0,0,0,7.014,7.05,0.2,False,0.7105263157894737,38,0,api_football_fixtures_2024,,4,1,7.0374,91.6,71.05,6.9,27.27,78.91,38,66.33,110,60,4.77,4,5,6,6,100.0,42
162188,Pierre Kalulu,Juventus,D,25,29,25,2335,1,0,10,0,0,0,7.003,7.04,0.2,False,0.6578947368421053,68,0,api_football_fixtures_2024,,2,1,7.027050000000001,91.47,65.79,7.0,27.67,76.28,68,67.66,93,53,5.0,4,5,6,6,100.0,42
137976,Isak Hien,Atalanta,D,26,30,27,2325,0,0,11,0,0,0,6.945,6.78,0.2,False,0.7105263157894737,68,0,api_football_fixtures_2024,,10,0,6.83775,89.0,71.05,4.4,17.39,77.09,68,66.31,111,61,4.77,4,5,6,6,100.0,42
134,Juan Miranda,Bologna,D,25,31,25,2291,0,6,8,0,0,0,7.197,7.29,0.2,False,0.6578947368421053,68,0,api_football_fixtures_2024,,4,1,7.25745,94.46,65.79,12.2,48.22,74.31,68,72.38,52,31,5.9,5,6,7,8,100.0,26
22222,Zeki Çelik,AS Roma,D,28,31,27,2261,0,2,8,0,0,0,7.041,7.02,0.2,False,0.7105263157894737,58,0,api_football_fixtures_2024,,5,0,7.02735,91.47,71.05,6.2,24.51,75.52,58,67.23,100,54,4.92,4,5,6,6,100.0,42
127011,Andrea Cambiaso,Juventus,D,25,33,25,2222,2,3,10,0,0,0,7.11,7.32,0.2,False,0.6578947368421053,68,0,api_football_fixtures_2024,,4,0,7.2465,94.32,65.79,14.5,57.31,72.18,68,73.83,45,28,6.2,5,6,7,8,100.0,26
268341,Federico Gatti,Juventus,D,27,30,26,2213,1,0,12,0,0,0,7.07,7.14,0.2,False,0.6842105263157895,58,0,api_football_fixtures_2024,,2,0,7.1155,92.62,68.42,7.800000000000001,30.83,74.79,58,68.07,89,51,5.07,4,5,6,6,100.0,42
396637,Pietro Comuzzo,Fiorentina,D,20,33,24,2202,1,0,7,0,0,0,6.939,6.95,0.2,False,0.631578947368421,95,0,api_football_fixtures_2024,,5,0,6.946149999999999,90.41,63.16,5.800000000000001,22.92,71.16,95,67.67,92,52,5.0,4,5,6,6,100.0,42
193270,Andrea Carboni,Monza,D,24,26,25,2196,0,1,2,0,0,0,6.831,6.77,0.2,False,0.6578947368421053,78,0,api_football_fixtures_2024,,5,0,6.7913499999999996,88.4,65.79,2.3,9.09,76.93,78,64.12,125,71,4.4,3,4,5,5,100.0,69
56473,Matteo Gabbia,AC Milan,D,26,26,24,2161,2,0,10,0,0,0,7.071,7.22,0.2,False,0.631578947368421,68,0,api_football_fixtures_2024,,4,0,7.16785,93.3,63.16,10.0,39.53,75.51,68,69.81,75,43,5.39,4,5,6,6,100.0,42
291589,Kialonda Gaspar,Lecce,D,28,24,24,2143,0,1,6,0,0,0,7.135,7.11,0.2,False,0.631578947368421,58,0,api_football_fixtures_2024,,3,0,7.11875,92.66,63.16,3.9000000000000004,15.42,77.2,58,64.05,127,72,4.39,3,4,5,5,100.0,69
162141,Koni De Winter,Genoa,D,23,25,23,2133,3,0,7,0,0,0,6.831,7.07,0.2,False,0.6052631578947368,78,0,api_football_fixtures_2024,,6,0,6.98635,90.94,60.53,11.8,46.64,75.07,78,70.8,71,41,5.58,5,6,7,8,100.0,26
31137,Stefano Sabelli,Genoa,D,32,34,23,2069,0,2,5,0,0,0,6.783,6.8,0.2,False,0.6052631578947368,38,0,api_football_fixtures_2024,,3,0,6.79405,88.43,60.53,5.0,19.76,68.14,38,59.63,168,86,3.74,3,4,5,5,100.0,69
180763,Botond Balogh,Parma,D,23,29,23,2053,0,1,4,0,0,0,6.916,6.86,0.2,False,0.6052631578947368,78,0,api_football_fixtures_2024,,5,0,6.8796,89.55,60.53,3.1,12.25,70.84,78,62.87,134,75,4.21,3,4,5,5,100.0,69
342019,Daniele Ghilardi,Verona,D,22,24,21,2031,0,0,5,0,0,0,6.9,6.71,0.2,False,0.5526315789473685,88,0,api_football_fixtures_2024,,7,1,6.7765,88.2,55.26,2.0,7.91,72.6,88,61.55,148,79,4.01,3,4,5,5,100.0,69
31226,Alessandro Buongiorno,Napoli,D,26,22,22,1926,1,0,11,0,0,0,7.19,7.28,0.2,False,0.5789473684210527,68,0,api_football_fixtures_2024,,2,0,7.2485,94.35,57.89,7.4,29.25,74.34,68,66.58,107,59,4.81,4,5,6,6,100.0,42
18799,Adam Masina,Torino,D,31,28,20,1925,1,2,6,0,0,0,6.964,7.05,0.2,False,0.5263157894736842,38,0,api_football_fixtures_2024,,5,0,7.0199,91.37,52.63,8.4,33.2,67.19,38,61.09,154,81,3.94,3,4,5,5,100.0,69
1442,Sead Kolašinac,Atalanta,D,32,23,23,1910,0,2,8,0,0,0,7.01,6.94,0.2,False,0.6052631578947368,38,0,api_football_fixtures_2024,,7,0,6.964499999999999,90.65,60.53,6.2,24.51,74.13,38,62.15,141,78,4.1,3,4,5,5,100.0,69
45826,Strahinja Pavlović,AC Milan,D,24,24,21,1869,2,1,7,0,0,0,7.183,7.37,0.2,False,0.5526315789473685,78,0,api_football_fixtures_2024,,3,1,7.304550000000001,95.08,55.26,10.3,40.71,70.47,78,68.85,84,47,5.21,4,5,6,6,100.0,42
30921,Paweł Dawidowicz,Verona,D,30,26,24,1852,0,0,5,0,0,0,6.655,6.48,0.2,False,0.631578947368421,48,0,api_football_fixtures_2024,,7,1,6.541250000000001,85.14,63.16,2.0,7.91,71.45,48,58.43,181,91,3.58,3,4,5,5,100.0,69
40582,Sebastian Walukiewicz,Torino,D,25,31,22,1848,0,0,5,0,0,0,6.757,6.66,0.2,False,0.5789473684210527,68,0,api_football_fixtures_2024,,6,0,6.693950000000001,87.13,57.89,2.0,7.91,66.06,68,58.9,174,89,3.64,3,4,5,5,100.0,69
32034,Alberto Dossena,Como,D,27,23,20,1829,0,2,1,0,0,0,6.84,6.86,0.2,False,0.5263157894736842,58,0,api_football_fixtures_2024,,1,1,6.853,89.2,52.63,3.4,13.44,69.8,58,58.88,175,90,3.64,3,4,5,5,100.0,69
8586,Mërgim Vojvoda,Torino,D,30,28,20,1826,1,2,6,0,0,0,6.864,6.94,0.2,False,0.5263157894736842,48,0,api_football_fixtures_2024,,6,0,6.913399999999999,89.99,52.63,8.4,33.2,65.88,48,61.48,150,80,4.0,3,4,5,5,100.0,69
163189,Malick Thiaw,AC Milan,D,24,22,19,1803,0,0,7,0,0,0,7.001,6.96,0.2,False,0.5,78,0,api_football_fixtures_2024,,2,0,6.974349999999999,90.78,50.0,2.8000000000000003,11.07,69.31,78,60.14,160,84,3.81,3,4,5,5,100.0,69
281495,Thomas Kristensen,Udinese,D,23,24,19,1770,1,0,4,0,0,0,6.747,6.77,0.2,False,0.5,78,0,api_football_fixtures_2024,,5,0,6.76195,88.01,50.0,4.6,18.18,67.08,78,60.4,159,83,3.85,3,4,5,5,100.0,69
288,Alberto Moreno,Como,D,33,24,21,1741,0,0,3,0,0,0,6.747,6.66,0.2,False,0.5526315789473685,28,0,api_football_fixtures_2024,,4,0,6.69045,87.08,55.26,1.2000000000000002,4.74,68.78,28,54.01,228,111,3.03,2,3,4,4,100.0,92
181806,Nicolò Savona,Juventus,D,22,28,19,1726,2,1,6,0,0,0,6.856,7.02,0.2,False,0.5,88,0,api_football_fixtures_2024,,5,0,6.9626,90.63,50.0,9.9,39.13,63.67,88,65.87,115,64,4.69,4,5,6,6,100.0,42
194,Stefan de Vrij,Inter,D,33,26,18,1719,3,0,10,0,0,0,7.197,7.5,0.2,False,0.4736842105263157,28,0,api_football_fixtures_2024,,2,0,7.39395,96.24,47.37,13.0,51.38,63.93,28,63.38,132,74,4.29,3,4,5,5,100.0,69
1836,Francesco Acerbi,Inter,D,37,23,20,1714,0,1,4,0,0,0,7.198,7.24,0.2,False,0.5263157894736842,18,0,api_football_fixtures_2024,,0,0,7.225300000000001,94.05,52.63,3.1,12.25,68.29,18,55.87,201,99,3.25,2,3,4,4,100.0,92
41577,Nuno Tavares,Lazio,D,25,23,22,1699,0,8,4,0,0,0,7.088,7.31,0.2,False,0.5789473684210527,68,0,api_football_fixtures_2024,,4,1,7.2323,94.14,57.89,13.6,53.75,70.27,68,70.81,70,40,5.58,5,6,7,8,100.0,26
10238,Carlos Augusto,Inter,D,26,29,15,1681,3,2,3,0,0,0,7.262,7.62,0.2,False,0.3947368421052631,68,0,api_football_fixtures_2024,,1,0,7.4947,97.55,39.47,13.2,52.17,59.05,68,65.23,118,67,4.58,4,5,6,6,100.0,42
656,Oumar Solet,Udinese,D,25,19,19,1674,1,2,6,0,0,0,7.259,7.39,0.2,False,0.5,68,0,api_football_fixtures_2024,,3,1,7.344149999999999,95.59,50.0,8.4,33.2,71.03,68,65.27,116,65,4.59,4,5,6,6,100.0,42
24953,Yann Bisseck,Inter,D,25,27,17,1645,3,2,6,0,0,0,7.087,7.42,0.2,False,0.4473684210526316,68,0,api_football_fixtures_2024,,4,0,7.30345,95.06,44.74,14.4,56.92,61.39,68,67.09,102,56,4.9,4,5,6,6,100.0,42
19209,Fikayo Tomori,AC Milan,D,28,22,19,1611,0,1,4,0,0,0,6.995,6.9,0.2,False,0.5,58,0,api_football_fixtures_2024,,4,1,6.93325,90.24,50.0,3.1,12.25,66.79,58,57.84,185,92,3.5,2,3,4,4,100.0,92
30396,Cristiano Biraghi,Torino,D,33,23,18,1600,1,0,4,0,0,0,7.14,7.25,0.2,False,0.4736842105263157,28,0,api_football_fixtures_2024,,1,0,7.2115,93.87,47.37,4.6,18.18,64.62,28,56.13,200,98,3.28,2,3,4,4,100.0,92
2725,Benjamin Pavard,Inter,D,29,23,18,1584,0,1,6,0,0,0,7.113,7.07,0.2,False,0.4736842105263157,48,0,api_football_fixtures_2024,,4,0,7.085050000000001,92.22,47.37,3.9000000000000004,15.42,64.41,48,57.05,192,95,3.4,2,3,4,4,100.0,92
6221,Lautaro Valenti,Parma,D,26,20,18,1557,1,0,5,0,0,0,6.856,6.81,0.2,False,0.4736842105263157,68,0,api_football_fixtures_2024,,6,1,6.8261,88.85,47.37,5.0,19.76,66.99,68,59.3,171,88,3.69,3,4,5,5,100.0,69
862,Leonardo Spinazzola,Napoli,D,32,27,17,1536,1,1,5,0,0,0,6.988,7.12,0.2,False,0.4473684210526316,38,0,api_football_fixtures_2024,,1,0,7.0738,92.07,44.74,6.5,25.69,59.95,38,56.74,198,97,3.36,2,3,4,4,100.0,92
41371,Fali Candé,Venezia,D,27,17,17,1530,1,1,4,0,0,0,6.941,7.06,0.2,False,0.4473684210526316,58,0,api_football_fixtures_2024,,4,0,7.01835,91.35,44.74,6.1,24.11,69.13,58,59.58,169,87,3.73,3,4,5,5,100.0,69
30736,Mattia Bani,Genoa,D,32,20,19,1511,0,0,6,0,0,0,6.857,6.78,0.2,False,0.5,38,0,api_football_fixtures_2024,,3,0,6.8069500000000005,88.6,50.0,2.4000000000000004,9.49,67.63,38,54.92,214,105,3.14,2,3,4,4,100.0,92
31521,Alessandro Vogliacco,Parma,D,27,22,18,1488,2,0,3,0,0,0,6.801,6.96,0.2,False,0.4736842105263157,58,0,api_football_fixtures_2024,,5,0,6.90435,89.87,47.37,7.2,28.46,64.03,58,59.9,162,85,3.78,3,4,5,5,100.0,69
30866,Manuel Lazzari,Lazio,D,32,25,16,1415,0,1,2,0,0,0,6.9,6.88,0.2,False,0.4210526315789473,38,0,api_football_fixtures_2024,,3,0,6.8870000000000005,89.64,42.11,2.3,9.09,58.62,38,51.83,251,117,2.8,2,3,4,4,100.0,92
23253,Gaby Jean,Lecce,D,25,19,16,1387,0,0,3,0,0,0,6.678,6.68,0.2,False,0.4210526315789473,68,0,api_football_fixtures_2024,,0,0,6.6793,86.94,42.11,1.2000000000000002,4.74,63.3,68,53.85,231,112,3.02,2,3,4,4,100.0,92
1566,Emerson Royal,AC Milan,D,26,17,16,1382,0,0,7,0,0,0,7.138,6.99,0.2,False,0.4210526315789473,68,0,api_football_fixtures_2024,,5,0,7.0418,91.66,42.11,2.8000000000000003,11.07,65.71,68,56.89,195,96,3.38,2,3,4,4,100.0,92
1084,Marin Pongračić,Fiorentina,D,28,20,14,1368,0,0,5,0,0,0,6.776,6.65,0.2,False,0.3684210526315789,58,0,api_football_fixtures_2024,,3,1,6.694100000000001,87.13,36.84,2.0,7.91,59.5,58,51.66,256,120,2.78,2,3,4,4,100.0,92
7090,Michael Svoboda,Venezia,D,27,16,15,1314,1,0,1,0,0,0,6.828,6.98,0.2,False,0.3947368421052631,58,0,api_football_fixtures_2024,,1,0,6.926800000000001,90.16,39.47,3.4,13.44,64.73,58,55.11,213,104,3.16,2,3,4,4,100.0,92
330437,Álex Jiménez,AC Milan,D,20,22,14,1270,0,1,2,0,0,0,6.921,6.83,0.2,False,0.3684210526315789,95,0,api_football_fixtures_2024,,6,0,6.86185,89.32,36.84,2.3,9.09,56.62,95,55.82,203,101,3.25,2,3,4,4,100.0,92
129119,Ignace Van der Brempt,Como,D,23,20,14,1264,0,1,2,0,0,0,6.95,6.93,0.2,False,0.3684210526315789,78,0,api_football_fixtures_2024,,3,0,6.937,90.29,36.84,2.3,9.09,58.13,78,54.64,217,107,3.11,2,3,4,4,100.0,92
409047,Giovanni Leoni,Parma,D,19,17,14,1203,1,0,2,0,0,0,6.754,6.78,0.2,False,0.3684210526315789,95,0,api_football_fixtures_2024,,3,1,6.770899999999999,88.13,36.84,3.8,15.02,60.42,95,57.22,191,94,3.42,2,3,4,4,100.0,92
18797,Christian Kabasele,Udinese,D,34,16,12,1163,2,0,4,0,0,0,7.157,7.53,0.2,False,0.3157894736842105,28,0,api_football_fixtures_2024,,0,0,7.399450000000001,96.31,31.58,7.6,30.04,58.05,28,54.3,224,110,3.07,2,3,4,4,100.0,92
47985,Emil Holm,Bologna,D,25,21,12,1137,1,1,4,0,0,0,7.184,7.3,0.2,False,0.3157894736842105,68,0,api_football_fixtures_2024,,3,0,7.259399999999999,94.49,31.58,6.1,24.11,53.25,68,55.85,202,100,3.25,2,3,4,4,100.0,92
311071,Nicolás Valentini,Verona,D,24,14,13,1132,0,0,3,0,0,0,7.126,6.88,0.2,False,0.3421052631578947,78,0,api_football_fixtures_2024,,5,1,6.966100000000001,90.67,34.21,1.2000000000000002,4.74,62.11,78,53.82,233,113,3.01,2,3,4,4,100.0,92
48119,Odilon Kossounou,Atalanta,D,24,18,12,1125,0,0,2,0,0,0,6.719,6.69,0.2,False,0.3157894736842105,78,0,api_football_fixtures_2024,,1,0,6.700150000000001,87.21,31.58,0.8,3.16,55.47,78,50.81,268,125,2.69,2,3,4,4,100.0,92
373825,Joel Schingtienne,Venezia,D,23,16,12,1121,0,0,2,0,0,0,6.524,6.46,0.2,False,0.3157894736842105,78,0,api_football_fixtures_2024,,2,0,6.4824,84.38,31.58,0.8,3.16,57.5,78,50.26,276,128,2.64,2,3,4,4,100.0,92
26095,Marin Šverko,Venezia,D,27,16,12,1119,1,0,1,0,0,0,6.783,6.88,0.2,False,0.3157894736842105,58,0,api_football_fixtures_2024,,3,0,6.84605,89.11,31.58,3.4,13.44,57.47,58,51.74,254,119,2.79,2,3,4,4,100.0,92
711,Stefan Posch,Bologna,D,28,19,11,1110,0,0,4,0,0,0,7.002,6.98,0.2,False,0.2894736842105263,58,0,api_football_fixtures_2024,,1,0,6.9877,90.95,28.95,1.6,6.32,53.08,58,49.55,286,130,2.57,2,3,4,4,100.0,92
193,Danilo D'Ambrosio,Monza,D,37,20,12,1095,0,1,1,0,0,0,6.76,6.71,0.2,False,0.3157894736842105,18,0,api_football_fixtures_2024,,2,1,6.7275,87.57,31.58,1.9,7.51,53.41,18,45.48,334,149,2.21,1,2,3,3,100.0,139
336671,Renato Veiga,Juventus,C,22,13,12,1094,0,1,4,0,0,0,7.254,7.25,0.2,False,0.3157894736842105,88,0,api_football_fixtures_2024,,2,0,7.2514,86.31,31.58,1.5,2.52,61.47,88,52.31,244,87,5.28,4,5,6,6,100.0,83
30428,José Luis Palomino,Cagliari,D,35,18,10,1091,1,0,3,0,0,0,6.897,6.98,0.2,False,0.2631578947368421,18,0,api_football_fixtures_2024,,3,0,6.950950000000001,90.47,26.32,4.2,16.6,52.24,18,46.68,322,145,2.31,1,2,3,3,100.0,139
128338,Woyo Coulibaly,Parma,D,26,14,12,1085,0,1,0,0,0,0,6.601,6.57,0.2,False,0.3157894736842105,68,0,api_football_fixtures_2024,,1,1,6.58085,85.66,31.58,1.5,5.93,59.7,68,50.53,274,127,2.67,2,3,4,4,100.0,92
321744,Adam Obert,Cagliari,D,23,21,13,1076,1,1,0,0,0,0,6.792,6.89,0.2,False,0.3421052631578947,78,0,api_football_fixtures_2024,,4,0,6.855700000000001,89.23,34.21,4.5,17.79,53.63,78,54.73,216,106,3.12,2,3,4,4,100.0,92
774,Juan Jesus,Napoli,D,34,15,12,1074,0,1,4,0,0,0,6.956,6.96,0.2,False,0.3157894736842105,28,0,api_football_fixtures_2024,,2,0,6.958600000000001,90.57,31.58,3.1,12.25,58.13,28,49.04,298,137,2.52,2,3,4,4,100.0,92
30554,Luca Pellegrini,Lazio,D,26,22,10,1073,0,4,3,0,0,0,7.109,7.18,0.2,False,0.2631578947368421,68,0,api_football_fixtures_2024,,5,0,7.155149999999999,93.13,26.32,7.2,28.46,49.48,68,54.43,221,108,3.08,2,3,4,4,100.0,92
30526,Giangiacomo Magnani,Verona,D,30,17,11,1072,1,0,0,0,0,0,6.706,6.82,0.2,False,0.2894736842105263,48,0,api_football_fixtures_2024,,2,0,6.780100000000001,88.25,28.95,3.0,11.86,54.28,48,49.03,299,138,2.52,2,3,4,4,100.0,92
388547,Luca Marianucci,Empoli,D,21,18,12,1068,0,0,1,0,0,0,6.833,6.78,0.2,False,0.3157894736842105,88,0,api_football_fixtures_2024,,0,1,6.7985500000000005,88.49,31.58,0.4,1.58,54.72,88,51.77,252,118,2.79,2,3,4,4,100.0,92
30498,Lorenzo De Silvestri,Bologna,D,37,18,13,1065,1,0,4,0,0,0,6.784,6.92,0.2,False,0.3421052631578947,18,0,api_football_fixtures_2024,,1,0,6.8724,89.45,34.21,4.6,18.18,56.07,18,49.24,292,134,2.54,2,3,4,4,100.0,92
30553,Charalampos Lykogiannīs,Bologna,D,32,17,12,1050,0,4,2,0,0,0,7.002,7.15,0.2,False,0.3157894736842105,38,0,api_football_fixtures_2024,,3,0,7.0982,92.39,31.58,6.8,26.88,55.46,38,53.11,238,115,2.93,2,3,4,4,100.0,92
31099,Nicolò Casale,Bologna,D,27,17,11,1046,0,1,2,0,0,0,6.873,6.9,0.2,False,0.2894736842105263,58,0,api_football_fixtures_2024,,1,0,6.89055,89.69,28.95,2.3,9.09,53.94,58,49.85,280,129,2.6,2,3,4,4,100.0,92
336560,Álex Valle,Como,D,21,15,12,1034,0,0,2,0,0,0,6.915,6.85,0.2,False,0.3157894736842105,88,0,api_football_fixtures_2024,,2,0,6.87275,89.46,31.58,0.8,3.16,57.61,88,52.81,240,116,2.9,2,3,4,4,100.0,92
19263,Lloyd Kelly,Juventus,D,27,12,11,1015,0,0,5,0,0,0,6.923,6.88,0.2,False,0.2894736842105263,58,0,api_football_fixtures_2024,,1,0,6.89505,89.75,28.95,2.0,7.91,60.27,58,50.58,273,126,2.67,2,3,4,4,100.0,92
30770,Antonio Candela,Venezia,D,25,14,12,1011,0,1,1,0,0,0,6.637,6.64,0.2,False,0.3157894736842105,68,0,api_football_fixtures_2024,,2,0,6.6389499999999995,86.41,31.58,1.9,7.51,58.73,68,50.93,263,123,2.71,2,3,4,4,100.0,92
125715,Flavius Daniliuc,Verona,D,24,18,9,1004,0,0,1,0,0,0,6.556,6.56,0.2,False,0.2368421052631578,78,0,api_football_fixtures_2024,,0,0,6.5586,85.37,23.68,0.4,1.58,49.71,78,47.1,311,140,2.35,1,2,3,3,100.0,139
1627,Davide Calabria,Bologna,D,29,18,11,976,0,1,3,0,0,0,6.965,6.94,0.2,False,0.2894736842105263,48,0,api_football_fixtures_2024,,3,0,6.94875,90.45,28.95,2.7,10.67,52.12,48,49.12,296,135,2.53,2,3,4,4,100.0,92
501,Mats Hummels,AS Roma,D,37,14,11,918,0,0,5,0,0,0,7.129,7.09,0.2,False,0.2894736842105263,18,0,api_football_fixtures_2024,,1,0,7.10365,92.46,28.95,2.0,7.91,55.72,18,46.71,321,144,2.32,1,2,3,3,100.0,139
316517,Alan Matturro,Genoa,D,21,13,9,902,0,0,2,0,0,0,6.715,6.64,0.2,False,0.2368421052631578,88,0,api_football_fixtures_2024,,2,0,6.66625,86.77,23.68,0.8,3.16,53.18,88,49.36,287,131,2.55,2,3,4,4,100.0,92
6050,Lautaro Giannetti,Udinese,D,32,15,11,882,1,0,1,0,0,0,6.941,7.01,0.2,False,0.2894736842105263,38,0,api_football_fixtures_2024,,4,0,6.985849999999999,90.93,28.95,3.4,13.44,53.94,38,49.09,297,136,2.53,2,3,4,4,100.0,92
30615,Luca Caldirola,Monza,D,34,14,10,876,0,0,1,0,0,0,6.753,6.61,0.2,False,0.2631578947368421,28,0,api_football_fixtures_2024,,4,0,6.66005,86.69,26.32,0.4,1.58,53.38,28,43.71,357,160,2.08,1,2,3,3,100.0,139
858,Mattia De Sciglio,Empoli,D,33,16,7,781,1,0,1,0,0,0,6.634,6.82,0.2,False,0.1842105263157894,28,0,api_football_fixtures_2024,,0,0,6.754900000000001,87.92,18.42,3.4,13.44,45.21,28,43.25,365,162,2.04,1,2,3,3,100.0,139
31751,Giorgio Altare,Venezia,D,27,12,8,751,0,0,1,0,0,0,6.949,6.87,0.2,False,0.2105263157894736,58,0,api_football_fixtures_2024,,2,0,6.8976500000000005,89.78,21.05,0.4,1.58,50.55,58,45.9,329,146,2.25,1,2,3,3,100.0,139
195893,Souleymane Isaak Touré,Udinese,D,22,12,11,736,1,0,2,0,0,0,6.886,6.89,0.2,False,0.2894736842105263,88,0,api_football_fixtures_2024,,2,2,6.8886,89.66,28.95,3.8,15.02,56.6,88,54.43,221,108,3.08,2,3,4,4,100.0,92
1775,Samuel Gigot,Lazio,D,32,15,7,688,2,0,3,0,0,0,7.097,7.43,0.2,False,0.1842105263157894,38,0,api_football_fixtures_2024,,2,0,7.3134500000000005,95.19,18.42,7.2,28.46,44.72,38,49.36,287,131,2.55,2,3,4,4,100.0,92
627,Kyle Walker,AC Milan,D,35,11,7,658,0,0,1,0,0,0,6.933,6.89,0.2,False,0.1842105263157894,18,0,api_football_fixtures_2024,,1,0,6.90505,89.88,18.42,0.4,1.58,48.57,18,40.97,397,181,1.89,1,2,3,3,100.0,139
14266,Ivan Smolčić,Como,D,25,9,7,635,0,0,1,0,0,0,6.827,6.72,0.2,False,0.1842105263157894,68,0,api_football_fixtures_2024,,2,0,6.75745,87.96,18.42,0.4,1.58,51.8,68,45.88,330,147,2.25,1,2,3,3,100.0,139
1841,Patric,Lazio,D,32,10,5,604,1,0,1,0,0,0,6.626,6.83,0.2,False,0.131578947368421,38,0,api_football_fixtures_2024,,2,0,6.7585999999999995,87.97,13.16,3.4,13.44,44.45,38,42.84,368,164,2.02,1,2,3,3,100.0,139
618,Danilo,Juventus,D,34,12,6,582,0,1,1,0,0,0,6.831,6.83,0.2,False,0.1578947368421052,28,0,api_football_fixtures_2024,,2,0,6.830349999999999,88.91,15.79,1.9,7.51,44.16,28,41.54,393,178,1.93,1,2,3,3,100.0,139
15909,Martin Frese,Verona,D,27,11,5,551,0,0,1,0,0,0,6.712,6.71,0.2,False,0.131578947368421,58,0,api_football_fixtures_2024,,0,0,6.7107,87.35,13.16,0.4,1.58,42.61,58,42.0,384,170,1.96,1,2,3,3,100.0,139
264472,Filippo Terracciano,AC Milan,D,22,13,6,550,0,0,2,0,0,0,6.672,6.56,0.2,False,0.1578947368421052,88,0,api_football_fixtures_2024,,3,0,6.5992,85.9,15.79,0.8,3.16,42.78,88,45.56,333,148,2.22,1,2,3,3,100.0,139
348568,Alessandro Circati,Parma,D,22,6,6,540,0,0,1,0,0,0,6.817,6.73,0.2,False,0.1578947368421052,88,0,api_football_fixtures_2024,,1,0,6.7604500000000005,88.0,15.79,0.4,1.58,56.11,88,47.88,304,139,2.42,1,2,3,3,100.0,139
30497,Bremer,Juventus,D,28,6,6,540,0,0,6,0,0,0,7.6,7.43,0.2,False,0.1578947368421052,58,0,api_football_fixtures_2024,,2,0,7.4895,97.48,15.79,2.4000000000000004,9.49,56.11,58,49.31,289,133,2.55,2,3,4,4,100.0,92
162452,Devyne Rensch,AS Roma,D,22,14,5,479,0,1,1,0,0,0,7.026,7.1,0.2,False,0.131578947368421,88,0,api_football_fixtures_2024,,0,0,7.0741,92.08,13.16,1.9,7.51,39.23,88,47.1,311,140,2.35,1,2,3,3,100.0,139
30429,Rafael Tolói,Atalanta,D,35,11,2,464,0,0,1,0,0,0,6.922,6.88,0.2,False,0.0526315789473684,18,0,api_football_fixtures_2024,,1,0,6.8947,89.74,5.26,0.4,1.58,34.65,18,35.55,475,205,1.58,1,2,3,3,100.0,139
125674,Juan Cabal,Juventus,D,24,7,6,461,0,0,3,0,0,0,6.815,6.74,0.2,False,0.1578947368421052,78,0,api_football_fixtures_2024,,1,0,6.76625,88.07,15.79,1.2000000000000002,4.74,51.49,78,46.84,316,142,2.33,1,2,3,3,100.0,139
311360,Tomás Palacios,Monza,D,22,10,5,455,0,0,0,0,0,0,6.649,6.55,0.2,False,0.131578947368421,88,0,api_football_fixtures_2024,,2,0,6.58465,85.71,13.16,0.0,0.0,42.49,88,44.17,352,157,2.11,1,2,3,3,100.0,139
30737,Federico Barba,Como,D,32,7,5,437,0,0,1,0,0,0,6.559,6.56,0.2,False,0.131578947368421,38,0,api_football_fixtures_2024,,0,0,6.5596499999999995,85.38,13.16,0.4,1.58,47.61,38,40.16,406,185,1.84,1,2,3,3,100.0,139
317,Elseid Hysaj,Lazio,D,31,11,4,422,0,3,2,0,0,0,7.195,7.29,0.2,False,0.1052631578947368,38,0,api_football_fixtures_2024,,2,1,7.25675,94.46,10.53,5.3,20.95,38.64,38,44.75,342,151,2.16,1,2,3,3,100.0,139
281826,Alessandro Marcandalli,Venezia,D,23,10,6,403,0,0,1,0,0,0,6.603,6.5,0.2,False,0.1578947368421052,78,0,api_football_fixtures_2024,,2,0,6.53605,85.07,15.79,0.4,1.58,44.3,78,44.23,350,156,2.12,1,2,3,3,100.0,139
349232,Ali Dembele,Torino,D,21,15,4,402,1,0,0,0,0,0,6.544,6.54,0.2,False,0.1052631578947368,88,0,api_football_fixtures_2024,,4,1,6.541399999999999,85.14,10.53,3.0,11.86,35.96,88,44.74,343,152,2.16,1,2,3,3,100.0,139
21585,Junior Sambia,Empoli,D,29,17,2,394,0,0,0,0,0,0,6.823,6.82,0.2,False,0.0526315789473684,48,0,api_football_fixtures_2024,,0,0,6.8210500000000005,88.78,5.26,0.0,0.0,32.13,48,37.57,439,193,1.68,1,2,3,3,100.0,139
31871,Alessio Iovine,Como,D,34,10,3,393,0,0,0,0,0,0,6.538,6.44,0.2,False,0.0789473684210526,28,0,api_football_fixtures_2024,,2,0,6.474300000000001,84.27,7.89,0.0,0.0,36.67,28,35.56,474,204,1.58,1,2,3,3,100.0,139
161702,Danilo Veiga,Lecce,D,23,13,2,375,0,0,0,0,0,0,6.482,6.48,0.2,False,0.0526315789473684,78,0,api_football_fixtures_2024,,0,0,6.480700000000001,84.35,5.26,0.0,0.0,32.78,78,39.34,418,188,1.79,1,2,3,3,100.0,139
48294,Arvid Brorsson,Monza,D,26,6,3,365,0,0,0,0,0,0,6.823,6.82,0.2,False,0.0789473684210526,68,0,api_football_fixtures_2024,,0,0,6.8210500000000005,88.78,7.89,0.0,0.0,41.3,68,41.6,391,176,1.93,1,2,3,3,100.0,139
340726,Stefan Leković,Monza,D,21,7,3,364,0,0,0,0,0,0,6.387,6.39,0.2,False,0.0789473684210526,88,0,api_football_fixtures_2024,,0,0,6.3889499999999995,83.16,7.89,0.0,0.0,39.5,88,41.65,389,174,1.93,1,2,3,3,100.0,139
330419,Alberto Costa,Juventus,D,22,9,3,358,0,1,1,0,0,0,6.973,6.92,0.2,False,0.0789473684210526,88,0,api_football_fixtures_2024,,3,0,6.93855,90.31,7.89,1.9,7.51,37.04,88,44.93,341,150,2.17,1,2,3,3,100.0,139
6000,Lucas Martínez Quarta,Fiorentina,D,29,8,4,348,1,0,1,0,0,0,6.978,7.29,0.2,False,0.1052631578947368,48,0,api_football_fixtures_2024,,1,0,7.1808,93.47,10.53,3.4,13.44,41.08,48,44.32,346,153,2.12,1,2,3,3,100.0,139
56161,Marco Sala,Como,D,26,10,3,338,0,0,0,0,0,0,6.473,6.32,0.2,False,0.0789473684210526,68,0,api_football_fixtures_2024,,3,0,6.37355,82.96,7.89,0.0,0.0,35.95,68,39.05,423,189,1.77,1,2,3,3,100.0,139
30827,Martin Erlić,Bologna,D,27,8,5,334,0,0,1,0,0,0,7.226,7.23,0.2,False,0.131578947368421,58,0,api_football_fixtures_2024,,0,0,7.2286,94.09,13.16,0.4,1.58,44.02,58,44.24,349,155,2.12,1,2,3,3,100.0,139
289761,Giorgio Scalvini,Atalanta,D,22,6,4,273,0,0,0,0,0,0,6.678,6.51,0.2,False,0.1052631578947368,88,0,api_football_fixtures_2024,,2,0,6.5687999999999995,85.5,10.53,0.0,0.0,44.26,88,43.72,356,159,2.08,1,2,3,3,100.0,139
2669,Mario Hermoso,AS Roma,D,30,8,2,255,0,0,0,0,0,0,6.255,6.0,0.2,False,0.0526315789473684,48,0,api_football_fixtures_2024,,2,1,6.08925,79.26,5.26,0.0,0.0,33.61,48,34.93,485,206,1.55,1,2,3,3,100.0,139
335101,Jonas Rouhi,Juventus,D,21,5,1,208,0,0,1,0,0,0,6.374,6.37,0.2,False,0.0263157894736842,88,0,api_football_fixtures_2024,,0,0,6.3713999999999995,82.93,2.63,0.4,1.58,31.74,88,39.41,415,187,1.79,1,2,3,3,100.0,139
15912,Victor Nelsson,AS Roma,D,27,4,1,185,0,0,1,0,0,0,7.121,7.12,0.2,False,0.0263157894736842,58,0,api_football_fixtures_2024,,0,0,7.12035,92.68,2.63,0.4,1.58,32.68,58,39.48,413,186,1.79,1,2,3,3,100.0,139
40392,Mateusz Wieteska,Cagliari,D,28,5,1,182,0,0,1,0,0,0,6.723,6.62,0.2,False,0.0263157894736842,58,0,api_football_fixtures_2024,,1,0,6.65605,86.64,2.63,0.4,1.58,31.39,58,37.47,443,195,1.68,1,2,3,3,100.0,139
37,Nehuén Pérez,Udinese,D,25,2,2,180,0,0,0,0,0,0,6.95,6.95,0.2,False,0.0526315789473684,68,0,api_football_fixtures_2024,,0,0,6.95,90.46,5.26,0.0,0.0,51.37,68,42.96,366,163,2.02,1,2,3,3,100.0,139
387128,Sebastian Otoa,Genoa,D,21,3,3,180,0,0,0,0,0,0,6.25,5.75,0.2,False,0.0789473684210526,88,0,api_football_fixtures_2024,,1,1,5.925000000000001,77.12,7.89,0.0,0.0,51.37,88,41.62,390,175,1.93,1,2,3,3,100.0,139
127631,Valentin Gendrey,Lecce,D,25,2,2,180,0,0,0,0,0,0,6.5,6.5,0.2,False,0.0526315789473684,68,0,api_football_fixtures_2024,,0,0,6.5,84.61,5.26,0.0,0.0,51.37,68,41.2,395,179,1.9,1,2,3,3,100.0,139
2443,Yordan Osorio,Parma,D,31,3,2,172,0,0,0,0,0,0,6.353,6.35,0.2,False,0.0526315789473684,38,0,api_football_fixtures_2024,,0,0,6.351049999999999,82.67,5.26,0.0,0.0,42.93,38,36.36,462,201,1.62,1,2,3,3,100.0,139
469318,Fellipe Jack,Como,D,19,7,1,170,0,0,0,0,0,0,6.644,6.5,0.2,False,0.0263157894736842,95,0,api_football_fixtures_2024,,2,0,6.5504,85.26,2.63,0.0,0.0,29.81,95,40.21,405,184,1.84,1,2,3,3,100.0,139
421807,Matias Moreno,Fiorentina,D,22,4,2,150,0,0,0,0,0,0,6.73,6.73,0.2,False,0.0526315789473684,88,0,api_football_fixtures_2024,,0,0,6.73,87.6,5.26,0.0,0.0,38.47,88,42.17,382,169,1.97,1,2,3,3,100.0,139
237066,Rafa Marín,Napoli,D,23,4,1,142,0,0,1,0,0,0,7.318,7.19,0.2,False,0.0263157894736842,78,0,api_football_fixtures_2024,,1,0,7.2348,94.17,2.63,0.4,1.58,32.12,78,41.84,387,173,1.95,1,2,3,3,100.0,139
64256,Andy Pelmard,Lecce,D,25,3,1,134,0,0,0,0,0,0,6.777,6.61,0.2,False,0.0263157894736842,68,0,api_football_fixtures_2024,,1,0,6.66845,86.8,2.63,0.0,0.0,34.1,68,38.61,427,190,1.74,1,2,3,3,100.0,139
342022,Michael Kayode,Fiorentina,D,21,5,1,129,0,0,0,0,0,0,6.802,6.8,0.2,False,0.0263157894736842,88,0,api_football_fixtures_2024,,0,0,6.800699999999999,88.52,2.63,0.0,0.0,30.7,88,40.62,400,183,1.87,1,2,3,3,100.0,139
374359,Davide Bartesaghi,AC Milan,D,20,4,1,123,0,0,1,0,0,0,6.775,6.52,0.2,False,0.0263157894736842,95,0,api_football_fixtures_2024,,0,1,6.609249999999999,86.03,2.63,0.4,1.58,31.87,95,41.06,396,180,1.89,1,2,3,3,100.0,139
153408,Daniel Oyegoke,Verona,D,22,5,0,110,0,0,0,0,0,0,6.335,6.24,0.2,False,0.0,88,0,api_football_fixtures_2024,,1,0,6.27325,81.65,0.0,0.0,0.0,25.45,88,37.11,447,196,1.66,1,2,3,3,100.0,139
323369,Mathias Fjørtoft Løvik,Parma,D,22,6,0,105,0,0,0,0,0,0,6.463,6.46,0.2,False,0.0,88,0,api_football_fixtures_2024,,0,0,6.46105,84.1,0.0,0.0,0.0,25.38,88,37.84,434,192,1.7,1,2,3,3,100.0,139
455316,Tiago Gabriel,Lecce,D,21,2,0,94,0,0,0,0,0,0,7.236,7.24,0.2,False,0.0,88,0,api_football_fixtures_2024,,0,0,7.2386,94.22,0.0,0.0,0.0,25.24,88,40.85,398,182,1.88,1,2,3,3,100.0,139
20656,Enzo Ebosse,Udinese,D,26,2,0,90,0,0,0,0,0,0,6.9,6.65,0.2,False,0.0,68,0,api_football_fixtures_2024,,1,0,6.737500000000001,87.7,0.0,0.0,0.0,25.18,68,36.89,454,198,1.65,1,2,3,3,100.0,139
320335,James Abankwah,Udinese,D,21,6,0,89,0,0,0,0,0,0,6.643,6.56,0.2,False,0.0,88,0,api_football_fixtures_2024,,1,0,6.58905,85.76,0.0,0.0,0.0,25.17,88,38.3,429,191,1.73,1,2,3,3,100.0,139
561,Tyronne Ebuehi,Empoli,D,30,4,0,74,0,0,0,0,0,0,6.674,6.67,0.2,False,0.0,48,0,api_football_fixtures_2024,,0,0,6.6714,86.84,0.0,0.0,0.0,24.97,48,34.6,487,207,1.53,1,2,3,3,100.0,139
30853,Kevin Bonifazi,Lecce,D,29,3,0,67,0,0,0,0,0,0,6.431,6.43,0.2,False,0.0,48,0,api_football_fixtures_2024,,0,0,6.43035,83.7,0.0,0.0,0.0,24.88,48,33.64,496,209,1.49,1,1,2,2,100.0,208
135505,Samuel Dahl,AS Roma,D,22,2,0,41,0,0,0,0,0,0,6.229,6.23,0.2,False,0.0,88,0,api_football_fixtures_2024,,0,0,6.2296499999999995,81.09,0.0,0.0,0.0,24.54,88,36.81,455,199,1.64,1,2,3,3,100.0,139
350857,Oliver Provstgaard,Lazio,D,22,2,0,33,0,0,0,0,0,0,6.567,6.32,0.2,False,0.0,88,0,api_football_fixtures_2024,,1,0,6.40645,83.39,0.0,0.0,0.0,24.43,88,37.48,442,194,1.68,1,2,3,3,100.0,139
19073,Ben Godfrey,Atalanta,D,27,1,0,22,0,0,0,0,0,0,6.7,6.7,0.2,False,0.0,58,0,api_football_fixtures_2024,,0,0,6.7,87.21,0.0,0.0,0.0,24.29,58,35.61,473,203,1.58,1,2,3,3,100.0,139
530,Mitchel Bakker,Atalanta,D,25,1,0,21,0,0,0,0,0,0,6.7,6.7,0.2,False,0.0,68,0,api_football_fixtures_2024,,0,0,6.7,87.21,0.0,0.0,0.0,24.28,68,36.6,458,200,1.63,1,2,3,3,100.0,139
268728,Saba Sazonov,Torino,D,23,1,0,11,0,0,0,0,0,0,6.3,6.3,0.2,False,0.0,78,0,api_football_fixtures_2024,,0,0,6.299999999999999,82.0,0.0,0.0,0.0,24.14,78,36.02,466,202,1.6,1,2,3,3,100.0,139
1315,Petar Stojanović,Empoli,D,30,1,0,9,0,0,0,0,0,0,6.5,6.5,0.2,False,0.0,48,0,api_football_fixtures_2024,,0,0,6.5,84.61,0.0,0.0,0.0,24.12,48,33.8,495,208,1.5,1,1,2,2,100.0,208
769,Alessandro Florenzi,AC Milan,D,34,1,0,4,0,0,0,0,0,0,0.0,0.0,0.2,False,0.0,28,0,api_football_fixtures_2024,,0,0,0.0,0.0,0.0,0.0,0.0,24.05,28,6.41,583,211,1.0,1,1,2,2,100.0,208
274299,Yllan Okou,Verona,D,23,1,0,1,0,0,0,0,0,0,0.0,0.0,0.2,False,0.0,78,0,api_football_fixtures_2024,,0,0,0.0,0.0,0.0,0.0,0.0,24.01,78,11.4,578,210,1.02,1,1,2,2,100.0,208
556,Mile Svilar,AS Roma,P,26,38,38,3429,0,0,16,35,118,0,7.194,6.26,0.2,False,1.0,68,0,api_football_fixtures_2024,,1,0,6.5869,67.74,100.0,48.65,100.0,94.0,68,86.22,2,1,25.37,22,25,28,30,100.0,1
56459,Wladimiro Falcone,Lecce,P,30,38,38,3420,0,0,9,58,129,0,7.079,5.61,0.2,False,1.0,48,0,api_football_fixtures_2024,,2,0,6.12415,54.32,100.0,24.750000000000004,52.67,94.0,48,70.73,72,9,14.45,12,14,16,17,100.0,9
31156,Vanja Milinković-Savić,Torino,P,28,37,37,3330,0,0,10,42,135,0,7.346,6.49,0.2,False,0.9736842105263158,58,0,api_football_fixtures_2024,,3,0,6.7896,73.61,97.37,30.45,63.96,92.82,58,78.94,23,3,19.7,18,20,22,24,100.0,3
199578,Zion Suzuki,Parma,P,23,37,37,3315,0,0,7,53,100,0,7.012,5.53,0.2,False,0.9736842105263158,78,0,api_football_fixtures_2024,,2,1,6.0487,52.14,97.37,18.05,39.41,92.62,78,69.56,78,10,13.8,12,14,16,17,100.0,9
22221,Mike Maignan,AC Milan,P,30,37,37,3295,0,0,12,41,99,0,7.106,6.07,0.2,False,0.9736842105263158,48,0,api_football_fixtures_2024,,1,0,6.432600000000001,63.26,97.37,34.800000000000004,72.57,92.36,48,76.49,33,5,18.01,16,18,20,22,100.0,5
30611,Lorenzo Montipò,Verona,P,29,36,36,3240,0,0,8,64,100,0,6.803,5.11,0.2,False,0.9473684210526316,48,0,api_football_fixtures_2024,,0,0,5.7025500000000005,42.1,94.74,19.4,42.08,91.63,48,63.28,133,12,10.63,9,11,13,14,100.0,12
882,David De Gea,Fiorentina,P,35,35,35,3150,0,1,11,38,98,0,7.226,6.33,0.2,False,0.9210526315789472,18,0,api_football_fixtures_2024,,1,0,6.6436,69.38,92.11,32.199999999999996,67.43,90.45,18,72.69,49,7,15.6,14,16,18,20,100.0,7
30417,Marco Carnesecchi,Atalanta,P,25,34,34,3060,0,0,13,34,98,0,7.2,6.19,0.2,False,0.8947368421052632,68,0,api_football_fixtures_2024,,1,0,6.5435,66.48,89.47,38.8,80.5,89.26,68,78.6,27,4,19.46,17,19,21,23,100.0,4
312,Alex Meret,Napoli,P,28,34,34,3006,0,0,16,25,61,0,6.983,6.42,0.2,False,0.8947368421052632,58,0,api_football_fixtures_2024,,0,0,6.61705,68.61,89.47,47.3,97.33,88.55,58,81.5,14,2,21.58,19,22,25,27,100.0,2
30670,Michele Di Gregorio,Juventus,P,28,33,33,2970,0,0,14,32,72,0,7.036,6.07,0.2,False,0.868421052631579,58,0,api_football_fixtures_2024,,0,0,6.4081,62.55,86.84,40.800000000000004,84.46,88.08,58,76.38,35,6,17.94,16,18,20,22,100.0,5
2802,Yann Sommer,Inter,P,37,33,33,2970,0,0,13,32,85,0,7.1,6.22,0.2,False,0.868421052631579,18,0,api_football_fixtures_2024,,0,0,6.5280000000000005,66.03,86.84,38.45,79.8,88.08,18,72.49,51,8,15.48,13,15,17,18,100.0,8
81012,Devis Vásquez,Empoli,P,27,32,32,2880,0,0,6,45,83,0,6.781,5.44,0.2,False,0.8421052631578947,58,0,api_football_fixtures_2024,,2,0,5.90935,48.1,84.21,15.399999999999999,34.16,86.89,58,61.15,153,13,9.69,9,10,11,12,100.0,13
30519,Stefano Turati,Monza,P,24,30,30,2677,0,0,2,52,95,0,7.071,5.52,0.2,False,0.7894736842105263,78,0,api_football_fixtures_2024,,1,0,6.062849999999999,52.55,78.95,2.95,9.5,84.22,78,57.84,185,16,8.36,7,8,9,10,100.0,15
31037,Ivan Provedel,Lazio,P,31,29,29,2610,0,0,5,42,53,0,6.876,5.43,0.2,False,0.7631578947368421,38,0,api_football_fixtures_2024,,0,0,5.9361,48.87,76.32,11.349999999999998,26.14,83.34,38,55.27,212,17,7.42,6,7,8,9,100.0,17
31631,Nicola Leali,Genoa,P,32,29,29,2610,0,0,10,31,86,0,7.152,6.17,0.2,False,0.7631578947368421,38,0,api_football_fixtures_2024,,1,0,6.5137,65.61,76.32,29.65,62.38,83.34,38,67.54,96,11,12.71,11,13,15,16,100.0,11
2998,Łukasz Skorupski,Bologna,P,34,27,27,2365,0,0,8,33,53,0,6.831,5.7,0.2,False,0.7105263157894737,28,0,api_football_fixtures_2024,,1,0,6.09585,53.5,71.05,21.7,46.63,80.12,28,57.96,184,15,8.4,7,8,9,10,100.0,15
143648,Maduka Okoye,Udinese,P,26,25,25,2250,0,0,4,40,73,0,6.988,5.37,0.2,False,0.6578947368421053,68,0,api_football_fixtures_2024,,1,0,5.936300000000001,48.88,65.79,9.65,22.77,78.61,68,54.26,225,18,7.07,6,7,8,9,100.0,17
30731,Elia Caprile,Cagliari,P,24,22,21,1953,0,0,7,23,53,0,7.174,6.13,0.2,False,0.5526315789473685,78,0,api_football_fixtures_2024,,0,0,6.4954,65.08,55.26,20.2,43.66,73.56,78,60.91,157,14,9.59,9,10,11,12,100.0,13
8574,Jean Butez,Como,P,30,19,18,1665,0,0,5,20,49,0,7.095,6.04,0.2,False,0.4736842105263157,48,0,api_football_fixtures_2024,,0,0,6.40925,62.59,47.37,14.45,32.28,69.59,48,52.31,244,19,6.44,5,6,7,8,100.0,19
162445,Filip Stanković,Venezia,P,23,16,16,1368,0,0,0,23,62,0,7.358,6.08,0.2,False,0.4210526315789473,78,0,api_football_fixtures_2024,,1,0,6.5273,66.01,42.11,-0.34999999999999964,2.97,67.0,78,48.77,301,21,5.41,4,5,6,6,100.0,21
30765,Ionuț Radu,Venezia,P,28,15,15,1350,0,0,4,18,48,0,7.067,5.83,0.2,False,0.3947368421052631,58,0,api_football_fixtures_2024,,1,0,6.26295,58.35,39.47,11.700000000000001,26.83,66.76,58,48.55,303,22,5.35,4,5,6,6,100.0,21
50054,Simone Scuffet,Cagliari,P,29,14,14,1260,0,0,1,24,36,0,6.8,5.09,0.2,False,0.3684210526315789,48,0,api_football_fixtures_2024,,0,0,5.6884999999999994,41.7,36.84,1.2000000000000002,6.04,65.58,48,37.56,440,29,3.01,2,3,4,4,100.0,28
197830,Răzvan Sava,Udinese,P,23,12,12,1080,0,0,4,16,38,0,7.025,5.65,0.2,False,0.3157894736842105,78,0,api_football_fixtures_2024,,1,0,6.13125,54.53,31.58,11.5,26.44,63.21,78,46.82,317,23,4.9,4,5,6,6,100.0,21
31098,Federico Ravaglia,Bologna,P,26,12,11,1055,0,0,4,14,10,0,6.701,5.53,0.2,False,0.2894736842105263,68,0,api_football_fixtures_2024,,0,0,5.93985,48.98,28.95,10.4,24.26,60.8,68,42.7,370,26,3.96,3,4,5,5,100.0,25
1624,Pepe Reina,Como,P,43,12,12,1035,0,0,2,14,28,0,6.7,5.45,0.2,False,0.3157894736842105,18,0,api_football_fixtures_2024,,0,1,5.8875,47.46,31.58,5.300000000000001,14.16,62.62,18,36.16,464,31,2.8,2,3,4,4,100.0,28
26644,Christos Mandas,Lazio,P,24,9,9,810,0,0,4,7,20,0,7.189,6.41,0.2,False,0.2368421052631578,78,0,api_football_fixtures_2024,,0,0,6.68265,70.51,23.68,11.95,27.33,59.66,78,49.29,291,20,5.55,5,6,7,8,100.0,19
31566,Semuel Pizzignacco,Monza,P,24,9,8,736,0,0,1,17,23,0,6.707,4.82,0.2,False,0.2105263157894736,78,0,api_football_fixtures_2024,,0,0,5.48045,35.67,21.05,1.6000000000000005,6.83,55.91,78,33.52,498,37,2.43,1,2,3,3,100.0,35
30441,Emil Audero,Como,P,28,8,8,720,0,0,0,18,17,0,6.5,4.25,0.2,False,0.2105263157894736,58,0,api_football_fixtures_2024,,0,0,5.0375,22.83,21.05,-1.8499999999999996,0.0,58.47,58,26.68,527,41,1.72,1,2,3,3,100.0,35
1282,Jesse Joronen,Venezia,P,32,8,7,702,0,0,2,15,27,0,6.859,4.98,0.2,False,0.1842105263157894,38,0,api_football_fixtures_2024,,0,0,5.637650000000001,40.22,18.42,5.1,13.76,55.11,38,31.49,511,39,2.19,1,2,3,3,100.0,35
30418,Pierluigi Gollini,Genoa,P,30,7,7,630,0,0,1,15,18,0,6.771,4.99,0.2,False,0.1842105263157894,48,0,api_football_fixtures_2024,,1,0,5.6133500000000005,39.52,18.42,1.65,6.93,57.29,48,31.24,513,40,2.16,1,2,3,3,100.0,35
3737,Alen Sherri,Cagliari,P,28,7,7,622,0,0,1,11,20,0,6.965,5.39,0.2,False,0.1842105263157894,58,0,api_football_fixtures_2024,,0,0,5.94125,49.02,18.42,2.35,8.32,57.18,58,35.35,477,32,2.68,2,3,4,4,100.0,28
46988,Josep Martínez,Inter,P,27,5,5,450,0,0,3,3,12,0,7.36,6.76,0.2,False,0.131578947368421,58,0,api_football_fixtures_2024,,0,0,6.970000000000001,78.84,13.16,9.15,21.78,54.92,58,45.34,335,24,4.54,4,5,6,6,100.0,21
30915,Marco Silvestri,Empoli,P,34,5,5,450,0,0,0,11,17,0,6.66,4.46,0.2,False,0.131578947368421,28,0,api_football_fixtures_2024,,0,0,5.23,28.41,13.16,-0.7999999999999998,2.08,54.92,28,23.27,541,44,1.48,1,1,2,2,100.0,43
849,Mattia Perin,Juventus,P,33,5,5,450,0,0,3,3,13,0,7.14,6.54,0.2,False,0.131578947368421,28,0,api_football_fixtures_2024,,0,0,6.75,72.46,13.16,9.200000000000001,21.88,54.92,28,40.44,402,27,3.51,3,4,5,5,100.0,25
30394,Pietro Terracciano,Fiorentina,P,35,3,3,270,0,0,1,3,11,0,7.233,6.23,0.2,False,0.0789473684210526,18,0,api_football_fixtures_2024,,0,0,6.581049999999999,67.57,7.89,3.0999999999999996,9.8,52.55,18,33.89,493,35,2.48,1,2,3,3,100.0,35
2674,Rui Patrício,Atalanta,P,37,3,3,270,0,0,1,3,11,0,7.267,6.27,0.2,False,0.0789473684210526,18,0,api_football_fixtures_2024,,0,0,6.61895,68.67,7.89,3.0999999999999996,9.8,52.55,18,34.22,489,34,2.52,2,3,4,4,100.0,28
31383,Simone Perilli,Verona,P,30,2,2,180,0,0,0,2,9,0,7.05,6.05,0.2,False,0.0526315789473684,48,0,api_football_fixtures_2024,,0,0,6.4,62.32,5.26,0.15000000000000002,3.96,51.37,48,33.31,499,38,2.41,1,2,3,3,100.0,35
45083,Benjamin Siegrist,Genoa,P,33,2,2,153,0,0,0,2,10,0,7.665,6.66,0.2,False,0.0526315789473684,28,0,api_football_fixtures_2024,,0,0,7.011750000000001,80.05,5.26,0.2,4.06,51.01,28,36.59,459,30,2.86,2,3,4,4,100.0,28
31069,Marco Sportiello,AC Milan,P,33,2,1,125,0,0,0,2,4,0,6.468,5.47,0.2,False,0.0263157894736842,28,0,api_football_fixtures_2024,,0,0,5.8193,45.49,2.63,-0.09999999999999998,3.47,38.14,28,23.52,539,43,1.49,1,1,2,2,100.0,43
30642,Alberto Paleari,Torino,P,33,1,1,90,0,0,0,3,4,0,7.2,4.2,0.2,False,0.0263157894736842,28,0,api_football_fixtures_2024,,0,0,5.25,28.99,2.63,-0.24999999999999994,3.17,50.18,28,20.31,549,45,1.32,1,1,2,2,100.0,43
189,Daniele Padelli,Udinese,P,40,1,1,90,0,0,1,0,3,0,7.3,7.3,0.2,False,0.0263157894736842,18,0,api_football_fixtures_2024,,0,0,7.3,88.41,2.63,3.15,9.9,50.18,18,38.49,428,28,3.17,2,3,4,4,100.0,28
393947,Jacopo Seghetti,Empoli,P,20,1,1,90,0,0,0,3,3,0,6.2,3.2,0.2,False,0.0263157894736842,95,0,api_football_fixtures_2024,,0,0,4.25,0.0,2.63,-0.29999999999999993,3.07,50.18,95,18.3,554,46,1.23,1,1,2,2,100.0,43
2465,Juan Musso,Atalanta,P,31,1,1,90,0,0,1,0,4,0,7.7,7.7,0.2,False,0.0263157894736842,38,0,api_football_fixtures_2024,,0,0,7.699999999999999,100.0,2.63,3.2,10.0,50.18,38,43.99,353,25,4.24,3,4,5,5,100.0,25
47246,Leandro Chichizola,Parma,P,35,1,1,90,0,0,0,3,4,0,6.9,3.9,0.2,False,0.0263157894736842,18,0,api_football_fixtures_2024,,0,0,4.95,20.29,2.63,-0.24999999999999994,3.17,50.18,18,16.71,561,47,1.18,1,1,2,2,100.0,43
31445,Daniele Sommariva,Genoa,P,28,1,0,27,0,0,0,1,2,0,6.6,5.6,0.2,False,0.0,58,0,api_football_fixtures_2024,,0,0,5.949999999999999,49.28,0.0,-0.04999999999999999,3.56,24.36,58,24.95,535,42,1.59,1,2,3,3,100.0,35
308673,Andrea Mazza,Monza,P,21,1,0,10,0,0,0,0,0,0,6.6,6.6,0.2,False,0.0,88,0,api_football_fixtures_2024,,0,0,6.6,68.12,0.0,0.0,3.66,24.13,88,33.59,497,36,2.44,1,2,3,3,100.0,35
135863,Giuseppe Ciocci,Cagliari,P,23,1,0,8,0,0,0,0,0,0,6.9,6.9,0.2,False,0.0,78,0,api_football_fixtures_2024,,0,0,6.9,76.81,0.0,0.0,3.66,24.11,78,35.19,482,33,2.66,2,3,4,4,100.0,28
